

Microchip MPLAB XC8 Assembler V3.10 build 20250813170317 
                                                                                               Fri Nov 28 13:34:42 2025

Microchip MPLAB XC8 C Compiler v3.10 (Free license) build 20250813170317 Og1 
     1                           	processor	16F18875
     2                           	pagewidth 120
     3                           	opt	flic
     4                           	psect	stringtext1,global,class=STRCODE,space=0,delta=2,noexec
     5                           	psect	nvBANK1,global,class=BANK1,space=1,delta=1,noexec
     6                           	psect	stringtext2,global,class=STRCODE,space=0,delta=2,noexec
     7                           	psect	stringtext3,global,class=STRCODE,space=0,delta=2,noexec
     8                           	psect	stringtext4,global,class=STRCODE,space=0,delta=2,noexec
     9                           	psect	cinit,global,class=CODE,space=0,merge=1,delta=2
    10                           	psect	bssCOMMON,global,class=COMMON,space=1,delta=1,noexec
    11                           	psect	bssBANK0,global,class=BANK0,space=1,delta=1,noexec
    12                           	psect	bssBANK1,global,class=BANK1,space=1,delta=1,noexec
    13                           	psect	bssBANK2,global,class=BANK2,space=1,delta=1,noexec
    14                           	psect	clrtext,global,class=CODE,space=0,delta=2
    15                           	psect	cstackBANK1,global,class=BANK1,space=1,delta=1,noexec
    16                           	psect	cstackCOMMON,global,class=COMMON,space=1,delta=1,noexec
    17                           	psect	cstackBANK0,global,class=BANK0,space=1,delta=1,noexec
    18                           	psect	maintext,global,class=CODE,space=0,merge=1,split=1,delta=2
    19                           	psect	text1,local,class=CODE,space=0,merge=1,delta=2,group=3
    20                           	psect	text2,local,class=CODE,space=0,merge=1,delta=2,group=1
    21                           	psect	text3,local,class=CODE,space=0,merge=1,delta=2,group=1
    22                           	psect	text4,local,class=CODE,space=0,merge=1,delta=2,group=1
    23                           	psect	text5,local,class=CODE,space=0,merge=1,delta=2,group=2
    24                           	psect	text6,local,class=CODE,space=0,merge=1,delta=2,group=1
    25                           	psect	text7,local,class=CODE,space=0,merge=1,delta=2,group=1
    26                           	psect	text8,local,class=CODE,space=0,merge=1,delta=2,group=3
    27                           	psect	text9,local,class=CODE,space=0,merge=1,delta=2,group=3
    28                           	psect	text10,local,class=CODE,space=0,merge=1,delta=2,group=3
    29                           	psect	text11,local,class=CODE,space=0,merge=1,delta=2,group=3
    30                           	psect	text12,local,class=CODE,space=0,merge=1,delta=2,group=2
    31                           	psect	text13,local,class=CODE,space=0,merge=1,delta=2,group=2
    32                           	psect	text14,local,class=CODE,space=0,merge=1,delta=2
    33                           	psect	text15,local,class=CODE,space=0,merge=1,delta=2
    34                           	psect	text16,local,class=CODE,space=0,merge=1,delta=2
    35                           	psect	text17,local,class=CODE,space=0,merge=1,delta=2
    36                           	psect	text18,local,class=CODE,space=0,merge=1,delta=2
    37                           	psect	text19,local,class=CODE,space=0,merge=1,delta=2
    38                           	psect	text20,local,class=CODE,space=0,merge=1,delta=2
    39                           	psect	text21,local,class=CODE,space=0,merge=1,delta=2
    40                           	psect	text22,local,class=CODE,space=0,merge=1,delta=2
    41                           	psect	text23,local,class=CODE,space=0,merge=1,delta=2
    42                           	psect	text24,local,class=CODE,space=0,merge=1,delta=2
    43                           	psect	text25,local,class=CODE,space=0,merge=1,delta=2
    44                           	psect	text26,local,class=CODE,space=0,merge=1,delta=2
    45                           	psect	text27,local,class=CODE,space=0,merge=1,delta=2
    46                           	psect	text28,local,class=CODE,space=0,merge=1,delta=2
    47                           	psect	text29,local,class=CODE,space=0,merge=1,delta=2
    48                           	psect	text30,local,class=CODE,space=0,merge=1,delta=2
    49                           	psect	text31,local,class=CODE,space=0,merge=1,delta=2
    50                           	psect	text32,local,class=CODE,space=0,merge=1,delta=2
    51                           	psect	text33,local,class=CODE,space=0,merge=1,delta=2
    52                           	psect	text34,local,class=CODE,space=0,merge=1,delta=2
    53                           	psect	text35,local,class=CODE,space=0,merge=1,delta=2
    54                           	psect	text36,local,class=CODE,space=0,merge=1,delta=2
    55                           	psect	text37,local,class=CODE,space=0,merge=1,delta=2
    56                           	psect	text38,local,class=CODE,space=0,merge=1,delta=2
    57                           	psect	text39,local,class=CODE,space=0,merge=1,delta=2
    58                           	psect	intentry,global,class=CODE,space=0,delta=2
    59                           	psect	text41,local,class=CODE,space=0,merge=1,delta=2
    60                           	psect	text42,local,class=CODE,space=0,merge=1,delta=2
    61                           	psect	text43,local,class=CODE,space=0,merge=1,delta=2
    62                           	psect	text44,local,class=CODE,space=0,merge=1,delta=2
    63                           	psect	idloc,global,abs,ovrld,class=IDLOC,space=5,delta=2,noexec
    64                           	psect	config,global,abs,ovrld,class=CONFIG,space=4,delta=2,noexec
    65                           	dabs	1,0x7E,2
    66     0000                     
    67                           ; Generated 11/01/2024 GMT
    68                           ; 
    69                           ; Copyright © 2024, Microchip Technology Inc. and its subsidiaries ("Microchip")
    70                           ; All rights reserved.
    71                           ; 
    72                           ; This software is developed by Microchip Technology Inc. and its subsidiaries ("Microch
      +                          ip").
    73                           ; 
    74                           ; Redistribution and use in source and binary forms, with or without modification, are
    75                           ; permitted provided that the following conditions are met:
    76                           ; 
    77                           ;     1. Redistributions of source code must retain the above copyright notice, this lis
      +                          t of
    78                           ;        conditions and the following disclaimer.
    79                           ; 
    80                           ;     2. Redistributions in binary form must reproduce the above copyright notice, this 
      +                          list
    81                           ;        of conditions and the following disclaimer in the documentation and/or other
    82                           ;        materials provided with the distribution. Publication is not required when
    83                           ;        this file is used in an embedded application.
    84                           ; 
    85                           ;     3. Microchip's name may not be used to endorse or promote products derived from th
      +                          is
    86                           ;        software without specific prior written permission.
    87                           ; 
    88                           ; THIS SOFTWARE IS PROVIDED BY MICROCHIP "AS IS" AND ANY EXPRESS OR IMPLIED WARRANTIES,
    89                           ; INCLUDING, BUT NOT LIMITED TO, THE IMPLIED WARRANTIES OF MERCHANTABILITY AND FITNESS F
      +                          OR
    90                           ; PURPOSE ARE DISCLAIMED.  IN NO EVENT SHALL MICROCHIP BE LIABLE FOR ANY DIRECT, INDIREC
      +                          T,
    91                           ; INCIDENTAL, SPECIAL, EXEMPLARY, OR CONSEQUENTIAL DAMAGES (INCLUDING BUT NOT LIMITED TO
    92                           ; PROCUREMENT OF SUBSTITUTE GOODS OR SERVICES; LOSS OF USE, DATA OR PROFITS; OR BUSINESS
    93                           ; INTERRUPTION) HOWSOEVER CAUSED AND ON ANY THEORY OF LIABILITY, WHETHER IN CONTRACT, ST
      +                          RICT
    94                           ; LIABILITY, OR TORT (INCLUDING NEGLIGENCE OR OTHERWISE) ARISING IN ANY WAY OUT OF THE U
      +                          SE OF
    95                           ; THIS SOFTWARE, EVEN IF ADVISED OF THE POSSIBILITY OF SUCH DAMAGE.
    96                           ; 
    97                           ; 
    98                           ; Code-generator required, PIC16F18875 Definitions
    99                           ; 
   100                           ; SFR Addresses
   101     0008                     bsr             equ	8
   102     0005                     fsr0h           equ	5
   103     0004                     fsr0l           equ	4
   104     0007                     fsr1h           equ	7
   105     0006                     fsr1l           equ	6
   106     0000                     indf            equ	0
   107     0000                     indf0           equ	0
   108     0001                     indf1           equ	1
   109     000B                     intcon          equ	11
   110     0002                     pc              equ	2
   111     0002                     pcl             equ	2
   112     000A                     pclath          equ	10
   113     0003                     status          equ	3
   114     0009                     wreg            equ	9
   115     0000                     INDF0           equ	0	;# 
   116     0001                     INDF1           equ	1	;# 
   117     0002                     PCL             equ	2	;# 
   118     0003                     STATUS          equ	3	;# 
   119     0004                     FSR0L           equ	4	;# 
   120     0005                     FSR0H           equ	5	;# 
   121     0006                     FSR1L           equ	6	;# 
   122     0007                     FSR1H           equ	7	;# 
   123     0008                     BSR             equ	8	;# 
   124     0009                     WREG            equ	9	;# 
   125     000A                     PCLATH          equ	10	;# 
   126     000B                     INTCON          equ	11	;# 
   127     000C                     PORTA           equ	12	;# 
   128     000D                     PORTB           equ	13	;# 
   129     000E                     PORTC           equ	14	;# 
   130     000F                     PORTD           equ	15	;# 
   131     0010                     PORTE           equ	16	;# 
   132     0011                     TRISA           equ	17	;# 
   133     0012                     TRISB           equ	18	;# 
   134     0013                     TRISC           equ	19	;# 
   135     0014                     TRISD           equ	20	;# 
   136     0015                     TRISE           equ	21	;# 
   137     0016                     LATA            equ	22	;# 
   138     0017                     LATB            equ	23	;# 
   139     0018                     LATC            equ	24	;# 
   140     0019                     LATD            equ	25	;# 
   141     001A                     LATE            equ	26	;# 
   142     001C                     TMR0L           equ	28	;# 
   143     001C                     TMR0            equ	28	;# 
   144     001D                     TMR0H           equ	29	;# 
   145     001D                     PR0             equ	29	;# 
   146     001E                     T0CON0          equ	30	;# 
   147     001F                     T0CON1          equ	31	;# 
   148     008C                     ADRES           equ	140	;# 
   149     008C                     ADRESL          equ	140	;# 
   150     008D                     ADRESH          equ	141	;# 
   151     008E                     ADPREV          equ	142	;# 
   152     008E                     ADPREVL         equ	142	;# 
   153     008F                     ADPREVH         equ	143	;# 
   154     0090                     ADACC           equ	144	;# 
   155     0090                     ADACCL          equ	144	;# 
   156     0091                     ADACCH          equ	145	;# 
   157     0093                     ADCON0          equ	147	;# 
   158     0094                     ADCON1          equ	148	;# 
   159     0095                     ADCON2          equ	149	;# 
   160     0096                     ADCON3          equ	150	;# 
   161     0097                     ADSTAT          equ	151	;# 
   162     0098                     ADCLK           equ	152	;# 
   163     0099                     ADACT           equ	153	;# 
   164     009A                     ADREF           equ	154	;# 
   165     009B                     ADCAP           equ	155	;# 
   166     009C                     ADPRE           equ	156	;# 
   167     009D                     ADACQ           equ	157	;# 
   168     009E                     ADPCH           equ	158	;# 
   169     010C                     ADCNT           equ	268	;# 
   170     010D                     ADRPT           equ	269	;# 
   171     010E                     ADLTH           equ	270	;# 
   172     010E                     ADLTHL          equ	270	;# 
   173     010F                     ADLTHH          equ	271	;# 
   174     0110                     ADUTH           equ	272	;# 
   175     0110                     ADUTHL          equ	272	;# 
   176     0111                     ADUTHH          equ	273	;# 
   177     0112                     ADSTPT          equ	274	;# 
   178     0112                     ADSTPTL         equ	274	;# 
   179     0113                     ADSTPTH         equ	275	;# 
   180     0114                     ADFLTR          equ	276	;# 
   181     0114                     ADFLTRL         equ	276	;# 
   182     0115                     ADFLTRH         equ	277	;# 
   183     0116                     ADERR           equ	278	;# 
   184     0116                     ADERRL          equ	278	;# 
   185     0117                     ADERRH          equ	279	;# 
   186     0119                     RC1REG          equ	281	;# 
   187     0119                     RCREG           equ	281	;# 
   188     0119                     RCREG1          equ	281	;# 
   189     011A                     TX1REG          equ	282	;# 
   190     011A                     TXREG1          equ	282	;# 
   191     011A                     TXREG           equ	282	;# 
   192     011B                     SP1BRG          equ	283	;# 
   193     011B                     SPBRG           equ	283	;# 
   194     011B                     SP1BRGL         equ	283	;# 
   195     011B                     SPBRG1          equ	283	;# 
   196     011B                     SPBRGL          equ	283	;# 
   197     011C                     SP1BRGH         equ	284	;# 
   198     011C                     SPBRGH          equ	284	;# 
   199     011C                     SPBRGH1         equ	284	;# 
   200     011D                     RC1STA          equ	285	;# 
   201     011D                     RCSTA1          equ	285	;# 
   202     011D                     RCSTA           equ	285	;# 
   203     011E                     TX1STA          equ	286	;# 
   204     011E                     TXSTA1          equ	286	;# 
   205     011E                     TXSTA           equ	286	;# 
   206     011F                     BAUD1CON        equ	287	;# 
   207     011F                     BAUDCON1        equ	287	;# 
   208     011F                     BAUDCTL1        equ	287	;# 
   209     011F                     BAUDCON         equ	287	;# 
   210     011F                     BAUDCTL         equ	287	;# 
   211     018C                     SSP1BUF         equ	396	;# 
   212     018D                     SSP1ADD         equ	397	;# 
   213     018E                     SSP1MSK         equ	398	;# 
   214     018F                     SSP1STAT        equ	399	;# 
   215     0190                     SSP1CON1        equ	400	;# 
   216     0191                     SSP1CON2        equ	401	;# 
   217     0192                     SSP1CON3        equ	402	;# 
   218     0196                     SSP2BUF         equ	406	;# 
   219     0197                     SSP2ADD         equ	407	;# 
   220     0198                     SSP2MSK         equ	408	;# 
   221     0199                     SSP2STAT        equ	409	;# 
   222     019A                     SSP2CON1        equ	410	;# 
   223     019B                     SSP2CON2        equ	411	;# 
   224     019C                     SSP2CON3        equ	412	;# 
   225     020C                     TMR1            equ	524	;# 
   226     020C                     TMR1L           equ	524	;# 
   227     020D                     TMR1H           equ	525	;# 
   228     020E                     T1CON           equ	526	;# 
   229     020F                     T1GCON          equ	527	;# 
   230     020F                     PR1             equ	527	;# 
   231     0210                     T1GATE          equ	528	;# 
   232     0210                     TMR1GATE        equ	528	;# 
   233     0211                     T1CLK           equ	529	;# 
   234     0211                     TMR1CLK         equ	529	;# 
   235     0212                     TMR3            equ	530	;# 
   236     0212                     TMR3L           equ	530	;# 
   237     0213                     TMR3H           equ	531	;# 
   238     0214                     T3CON           equ	532	;# 
   239     0215                     T3GCON          equ	533	;# 
   240     0215                     PR3             equ	533	;# 
   241     0216                     T3GATE          equ	534	;# 
   242     0216                     TMR3GATE        equ	534	;# 
   243     0217                     T3CLK           equ	535	;# 
   244     0217                     TMR3CLK         equ	535	;# 
   245     0218                     TMR5            equ	536	;# 
   246     0218                     TMR5L           equ	536	;# 
   247     0219                     TMR5H           equ	537	;# 
   248     021A                     T5CON           equ	538	;# 
   249     021B                     T5GCON          equ	539	;# 
   250     021B                     PR5             equ	539	;# 
   251     021C                     T5GATE          equ	540	;# 
   252     021C                     TMR5GATE        equ	540	;# 
   253     021D                     T5CLK           equ	541	;# 
   254     021D                     TMR5CLK         equ	541	;# 
   255     021E                     CCPTMRS0        equ	542	;# 
   256     021F                     CCPTMRS1        equ	543	;# 
   257     028C                     T2TMR           equ	652	;# 
   258     028C                     TMR2            equ	652	;# 
   259     028D                     T2PR            equ	653	;# 
   260     028D                     PR2             equ	653	;# 
   261     028E                     T2CON           equ	654	;# 
   262     028F                     T2HLT           equ	655	;# 
   263     0290                     T2CLKCON        equ	656	;# 
   264     0290                     T2CLK           equ	656	;# 
   265     0291                     T2RST           equ	657	;# 
   266     0292                     T4TMR           equ	658	;# 
   267     0292                     TMR4            equ	658	;# 
   268     0293                     T4PR            equ	659	;# 
   269     0293                     PR4             equ	659	;# 
   270     0294                     T4CON           equ	660	;# 
   271     0295                     T4HLT           equ	661	;# 
   272     0296                     T4CLKCON        equ	662	;# 
   273     0296                     T4CLK           equ	662	;# 
   274     0297                     T4RST           equ	663	;# 
   275     0298                     T6TMR           equ	664	;# 
   276     0298                     TMR6            equ	664	;# 
   277     0299                     T6PR            equ	665	;# 
   278     0299                     PR6             equ	665	;# 
   279     029A                     T6CON           equ	666	;# 
   280     029B                     T6HLT           equ	667	;# 
   281     029C                     T6CLKCON        equ	668	;# 
   282     029C                     T6CLK           equ	668	;# 
   283     029D                     T6RST           equ	669	;# 
   284     030C                     CCPR1           equ	780	;# 
   285     030C                     CCPR1L          equ	780	;# 
   286     030D                     CCPR1H          equ	781	;# 
   287     030E                     CCP1CON         equ	782	;# 
   288     030F                     CCP1CAP         equ	783	;# 
   289     0310                     CCPR2           equ	784	;# 
   290     0310                     CCPR2L          equ	784	;# 
   291     0311                     CCPR2H          equ	785	;# 
   292     0312                     CCP2CON         equ	786	;# 
   293     0313                     CCP2CAP         equ	787	;# 
   294     0314                     CCPR3           equ	788	;# 
   295     0314                     CCPR3L          equ	788	;# 
   296     0315                     CCPR3H          equ	789	;# 
   297     0316                     CCP3CON         equ	790	;# 
   298     0317                     CCP3CAP         equ	791	;# 
   299     0318                     CCPR4           equ	792	;# 
   300     0318                     CCPR4L          equ	792	;# 
   301     0319                     CCPR4H          equ	793	;# 
   302     031A                     CCP4CON         equ	794	;# 
   303     031B                     CCP4CAP         equ	795	;# 
   304     031C                     CCPR5           equ	796	;# 
   305     031C                     CCPR5L          equ	796	;# 
   306     031D                     CCPR5H          equ	797	;# 
   307     031E                     CCP5CON         equ	798	;# 
   308     031F                     CCP5CAP         equ	799	;# 
   309     038C                     PWM6DC          equ	908	;# 
   310     038C                     PWM6DCL         equ	908	;# 
   311     038D                     PWM6DCH         equ	909	;# 
   312     038E                     PWM6CON         equ	910	;# 
   313     0390                     PWM7DC          equ	912	;# 
   314     0390                     PWM7DCL         equ	912	;# 
   315     0391                     PWM7DCH         equ	913	;# 
   316     0392                     PWM7CON         equ	914	;# 
   317     040C                     SCANLADRL       equ	1036	;# 
   318     040D                     SCANLADRH       equ	1037	;# 
   319     040E                     SCANHADRL       equ	1038	;# 
   320     040F                     SCANHADRH       equ	1039	;# 
   321     0410                     SCANCON0        equ	1040	;# 
   322     0411                     SCANTRIG        equ	1041	;# 
   323     0416                     CRCDATA         equ	1046	;# 
   324     0416                     CRCDATL         equ	1046	;# 
   325     0417                     CRCDATH         equ	1047	;# 
   326     0418                     CRCACC          equ	1048	;# 
   327     0418                     CRCACCL         equ	1048	;# 
   328     0419                     CRCACCH         equ	1049	;# 
   329     041A                     CRCSHFT         equ	1050	;# 
   330     041A                     CRCSHIFTL       equ	1050	;# 
   331     041B                     CRCSHIFTH       equ	1051	;# 
   332     041C                     CRCXOR          equ	1052	;# 
   333     041C                     CRCXORL         equ	1052	;# 
   334     041D                     CRCXORH         equ	1053	;# 
   335     041E                     CRCCON0         equ	1054	;# 
   336     041F                     CRCCON1         equ	1055	;# 
   337     048C                     SMT1TMR         equ	1164	;# 
   338     048C                     SMT1TMRL        equ	1164	;# 
   339     048D                     SMT1TMRH        equ	1165	;# 
   340     048E                     SMT1TMRU        equ	1166	;# 
   341     048F                     SMT1CPR         equ	1167	;# 
   342     048F                     SMT1CPRL        equ	1167	;# 
   343     0490                     SMT1CPRH        equ	1168	;# 
   344     0491                     SMT1CPRU        equ	1169	;# 
   345     0492                     SMT1CPW         equ	1170	;# 
   346     0492                     SMT1CPWL        equ	1170	;# 
   347     0493                     SMT1CPWH        equ	1171	;# 
   348     0494                     SMT1CPWU        equ	1172	;# 
   349     0495                     SMT1PR          equ	1173	;# 
   350     0495                     SMT1PRL         equ	1173	;# 
   351     0496                     SMT1PRH         equ	1174	;# 
   352     0497                     SMT1PRU         equ	1175	;# 
   353     0498                     SMT1CON0        equ	1176	;# 
   354     0499                     SMT1CON1        equ	1177	;# 
   355     049A                     SMT1STAT        equ	1178	;# 
   356     049B                     SMT1CLK         equ	1179	;# 
   357     049C                     SMT1SIG         equ	1180	;# 
   358     049D                     SMT1WIN         equ	1181	;# 
   359     050C                     SMT2TMR         equ	1292	;# 
   360     050C                     SMT2TMRL        equ	1292	;# 
   361     050D                     SMT2TMRH        equ	1293	;# 
   362     050E                     SMT2TMRU        equ	1294	;# 
   363     050F                     SMT2CPR         equ	1295	;# 
   364     050F                     SMT2CPRL        equ	1295	;# 
   365     0510                     SMT2CPRH        equ	1296	;# 
   366     0511                     SMT2CPRU        equ	1297	;# 
   367     0512                     SMT2CPW         equ	1298	;# 
   368     0512                     SMT2CPWL        equ	1298	;# 
   369     0513                     SMT2CPWH        equ	1299	;# 
   370     0514                     SMT2CPWU        equ	1300	;# 
   371     0515                     SMT2PR          equ	1301	;# 
   372     0515                     SMT2PRL         equ	1301	;# 
   373     0516                     SMT2PRH         equ	1302	;# 
   374     0517                     SMT2PRU         equ	1303	;# 
   375     0518                     SMT2CON0        equ	1304	;# 
   376     0519                     SMT2CON1        equ	1305	;# 
   377     051A                     SMT2STAT        equ	1306	;# 
   378     051B                     SMT2CLK         equ	1307	;# 
   379     051C                     SMT2SIG         equ	1308	;# 
   380     051D                     SMT2WIN         equ	1309	;# 
   381     058C                     NCO1ACC         equ	1420	;# 
   382     058C                     NCO1ACCL        equ	1420	;# 
   383     058D                     NCO1ACCH        equ	1421	;# 
   384     058E                     NCO1ACCU        equ	1422	;# 
   385     058F                     NCO1INC         equ	1423	;# 
   386     058F                     NCO1INCL        equ	1423	;# 
   387     0590                     NCO1INCH        equ	1424	;# 
   388     0591                     NCO1INCU        equ	1425	;# 
   389     0592                     NCO1CON         equ	1426	;# 
   390     0593                     NCO1CLK         equ	1427	;# 
   391     060C                     CWG1CLKCON      equ	1548	;# 
   392     060D                     CWG1ISM         equ	1549	;# 
   393     060E                     CWG1DBR         equ	1550	;# 
   394     060F                     CWG1DBF         equ	1551	;# 
   395     0610                     CWG1CON0        equ	1552	;# 
   396     0611                     CWG1CON1        equ	1553	;# 
   397     0612                     CWG1AS0         equ	1554	;# 
   398     0613                     CWG1AS1         equ	1555	;# 
   399     0614                     CWG1STR         equ	1556	;# 
   400     0616                     CWG2CLKCON      equ	1558	;# 
   401     0617                     CWG2ISM         equ	1559	;# 
   402     0618                     CWG2DBR         equ	1560	;# 
   403     0619                     CWG2DBF         equ	1561	;# 
   404     061A                     CWG2CON0        equ	1562	;# 
   405     061B                     CWG2CON1        equ	1563	;# 
   406     061C                     CWG2AS0         equ	1564	;# 
   407     061D                     CWG2AS1         equ	1565	;# 
   408     061E                     CWG2STR         equ	1566	;# 
   409     068C                     CWG3CLKCON      equ	1676	;# 
   410     068D                     CWG3ISM         equ	1677	;# 
   411     068E                     CWG3DBR         equ	1678	;# 
   412     068F                     CWG3DBF         equ	1679	;# 
   413     0690                     CWG3CON0        equ	1680	;# 
   414     0691                     CWG3CON1        equ	1681	;# 
   415     0692                     CWG3AS0         equ	1682	;# 
   416     0693                     CWG3AS1         equ	1683	;# 
   417     0694                     CWG3STR         equ	1684	;# 
   418     070C                     PIR0            equ	1804	;# 
   419     070D                     PIR1            equ	1805	;# 
   420     070E                     PIR2            equ	1806	;# 
   421     070F                     PIR3            equ	1807	;# 
   422     0710                     PIR4            equ	1808	;# 
   423     0711                     PIR5            equ	1809	;# 
   424     0712                     PIR6            equ	1810	;# 
   425     0713                     PIR7            equ	1811	;# 
   426     0714                     PIR8            equ	1812	;# 
   427     0716                     PIE0            equ	1814	;# 
   428     0717                     PIE1            equ	1815	;# 
   429     0718                     PIE2            equ	1816	;# 
   430     0719                     PIE3            equ	1817	;# 
   431     071A                     PIE4            equ	1818	;# 
   432     071B                     PIE5            equ	1819	;# 
   433     071C                     PIE6            equ	1820	;# 
   434     071D                     PIE7            equ	1821	;# 
   435     071E                     PIE8            equ	1822	;# 
   436     0796                     PMD0            equ	1942	;# 
   437     0797                     PMD1            equ	1943	;# 
   438     0798                     PMD2            equ	1944	;# 
   439     0799                     PMD3            equ	1945	;# 
   440     079A                     PMD4            equ	1946	;# 
   441     079B                     PMD5            equ	1947	;# 
   442     080C                     WDTCON0         equ	2060	;# 
   443     080D                     WDTCON1         equ	2061	;# 
   444     080E                     WDTPSL          equ	2062	;# 
   445     080F                     WDTPSH          equ	2063	;# 
   446     0810                     WDTTMR          equ	2064	;# 
   447     0811                     BORCON          equ	2065	;# 
   448     0812                     VREGCON         equ	2066	;# 
   449     0813                     PCON0           equ	2067	;# 
   450     0814                     CCDCON          equ	2068	;# 
   451     081A                     NVMADRL         equ	2074	;# 
   452     081B                     NVMADRH         equ	2075	;# 
   453     081C                     NVMDATL         equ	2076	;# 
   454     081D                     NVMDATH         equ	2077	;# 
   455     081E                     NVMCON1         equ	2078	;# 
   456     081F                     NVMCON2         equ	2079	;# 
   457     088C                     CPUDOZE         equ	2188	;# 
   458     088D                     OSCCON1         equ	2189	;# 
   459     088E                     OSCCON2         equ	2190	;# 
   460     088F                     OSCCON3         equ	2191	;# 
   461     0890                     OSCSTAT         equ	2192	;# 
   462     0891                     OSCEN           equ	2193	;# 
   463     0892                     OSCTUNE         equ	2194	;# 
   464     0893                     OSCFRQ          equ	2195	;# 
   465     0895                     CLKRCON         equ	2197	;# 
   466     0896                     CLKRCLK         equ	2198	;# 
   467     0897                     MDCON0          equ	2199	;# 
   468     0898                     MDCON1          equ	2200	;# 
   469     0899                     MDSRC           equ	2201	;# 
   470     089A                     MDCARL          equ	2202	;# 
   471     089B                     MDCARH          equ	2203	;# 
   472     090C                     FVRCON          equ	2316	;# 
   473     090E                     DAC1CON0        equ	2318	;# 
   474     090F                     DAC1CON1        equ	2319	;# 
   475     091F                     ZCD1CON         equ	2335	;# 
   476     091F                     ZCDCON          equ	2335	;# 
   477     098F                     CMOUT           equ	2447	;# 
   478     098F                     CMSTAT          equ	2447	;# 
   479     0990                     CM1CON0         equ	2448	;# 
   480     0991                     CM1CON1         equ	2449	;# 
   481     0992                     CM1NSEL         equ	2450	;# 
   482     0993                     CM1PSEL         equ	2451	;# 
   483     0994                     CM2CON0         equ	2452	;# 
   484     0995                     CM2CON1         equ	2453	;# 
   485     0996                     CM2NSEL         equ	2454	;# 
   486     0997                     CM2PSEL         equ	2455	;# 
   487     0E0F                     CLCDATA         equ	3599	;# 
   488     0E10                     CLC1CON         equ	3600	;# 
   489     0E11                     CLC1POL         equ	3601	;# 
   490     0E12                     CLC1SEL0        equ	3602	;# 
   491     0E13                     CLC1SEL1        equ	3603	;# 
   492     0E14                     CLC1SEL2        equ	3604	;# 
   493     0E15                     CLC1SEL3        equ	3605	;# 
   494     0E16                     CLC1GLS0        equ	3606	;# 
   495     0E17                     CLC1GLS1        equ	3607	;# 
   496     0E18                     CLC1GLS2        equ	3608	;# 
   497     0E19                     CLC1GLS3        equ	3609	;# 
   498     0E1A                     CLC2CON         equ	3610	;# 
   499     0E1B                     CLC2POL         equ	3611	;# 
   500     0E1C                     CLC2SEL0        equ	3612	;# 
   501     0E1D                     CLC2SEL1        equ	3613	;# 
   502     0E1E                     CLC2SEL2        equ	3614	;# 
   503     0E1F                     CLC2SEL3        equ	3615	;# 
   504     0E20                     CLC2GLS0        equ	3616	;# 
   505     0E21                     CLC2GLS1        equ	3617	;# 
   506     0E22                     CLC2GLS2        equ	3618	;# 
   507     0E23                     CLC2GLS3        equ	3619	;# 
   508     0E24                     CLC3CON         equ	3620	;# 
   509     0E25                     CLC3POL         equ	3621	;# 
   510     0E26                     CLC3SEL0        equ	3622	;# 
   511     0E27                     CLC3SEL1        equ	3623	;# 
   512     0E28                     CLC3SEL2        equ	3624	;# 
   513     0E29                     CLC3SEL3        equ	3625	;# 
   514     0E2A                     CLC3GLS0        equ	3626	;# 
   515     0E2B                     CLC3GLS1        equ	3627	;# 
   516     0E2C                     CLC3GLS2        equ	3628	;# 
   517     0E2D                     CLC3GLS3        equ	3629	;# 
   518     0E2E                     CLC4CON         equ	3630	;# 
   519     0E2F                     CLC4POL         equ	3631	;# 
   520     0E30                     CLC4SEL0        equ	3632	;# 
   521     0E31                     CLC4SEL1        equ	3633	;# 
   522     0E32                     CLC4SEL2        equ	3634	;# 
   523     0E33                     CLC4SEL3        equ	3635	;# 
   524     0E34                     CLC4GLS0        equ	3636	;# 
   525     0E35                     CLC4GLS1        equ	3637	;# 
   526     0E36                     CLC4GLS2        equ	3638	;# 
   527     0E37                     CLC4GLS3        equ	3639	;# 
   528     0E8F                     PPSLOCK         equ	3727	;# 
   529     0E90                     INTPPS          equ	3728	;# 
   530     0E91                     T0CKIPPS        equ	3729	;# 
   531     0E92                     T1CKIPPS        equ	3730	;# 
   532     0E93                     T1GPPS          equ	3731	;# 
   533     0E94                     T3CKIPPS        equ	3732	;# 
   534     0E95                     T3GPPS          equ	3733	;# 
   535     0E96                     T5CKIPPS        equ	3734	;# 
   536     0E97                     T5GPPS          equ	3735	;# 
   537     0E9C                     T2AINPPS        equ	3740	;# 
   538     0E9D                     T4AINPPS        equ	3741	;# 
   539     0E9E                     T6AINPPS        equ	3742	;# 
   540     0EA1                     CCP1PPS         equ	3745	;# 
   541     0EA2                     CCP2PPS         equ	3746	;# 
   542     0EA3                     CCP3PPS         equ	3747	;# 
   543     0EA4                     CCP4PPS         equ	3748	;# 
   544     0EA5                     CCP5PPS         equ	3749	;# 
   545     0EA9                     SMT1WINPPS      equ	3753	;# 
   546     0EAA                     SMT1SIGPPS      equ	3754	;# 
   547     0EAB                     SMT2WINPPS      equ	3755	;# 
   548     0EAC                     SMT2SIGPPS      equ	3756	;# 
   549     0EB1                     CWG1PPS         equ	3761	;# 
   550     0EB2                     CWG2PPS         equ	3762	;# 
   551     0EB3                     CWG3PPS         equ	3763	;# 
   552     0EB8                     MDCARLPPS       equ	3768	;# 
   553     0EB9                     MDCARHPPS       equ	3769	;# 
   554     0EBA                     MDSRCPPS        equ	3770	;# 
   555     0EBB                     CLCIN0PPS       equ	3771	;# 
   556     0EBC                     CLCIN1PPS       equ	3772	;# 
   557     0EBD                     CLCIN2PPS       equ	3773	;# 
   558     0EBE                     CLCIN3PPS       equ	3774	;# 
   559     0EC3                     ADCACTPPS       equ	3779	;# 
   560     0EC5                     SSP1CLKPPS      equ	3781	;# 
   561     0EC6                     SSP1DATPPS      equ	3782	;# 
   562     0EC7                     SSP1SSPPS       equ	3783	;# 
   563     0EC8                     SSP2CLKPPS      equ	3784	;# 
   564     0EC9                     SSP2DATPPS      equ	3785	;# 
   565     0ECA                     SSP2SSPPS       equ	3786	;# 
   566     0ECB                     RXPPS           equ	3787	;# 
   567     0ECC                     TXPPS           equ	3788	;# 
   568     0F10                     RA0PPS          equ	3856	;# 
   569     0F11                     RA1PPS          equ	3857	;# 
   570     0F12                     RA2PPS          equ	3858	;# 
   571     0F13                     RA3PPS          equ	3859	;# 
   572     0F14                     RA4PPS          equ	3860	;# 
   573     0F15                     RA5PPS          equ	3861	;# 
   574     0F16                     RA6PPS          equ	3862	;# 
   575     0F17                     RA7PPS          equ	3863	;# 
   576     0F18                     RB0PPS          equ	3864	;# 
   577     0F19                     RB1PPS          equ	3865	;# 
   578     0F1A                     RB2PPS          equ	3866	;# 
   579     0F1B                     RB3PPS          equ	3867	;# 
   580     0F1C                     RB4PPS          equ	3868	;# 
   581     0F1D                     RB5PPS          equ	3869	;# 
   582     0F1E                     RB6PPS          equ	3870	;# 
   583     0F1F                     RB7PPS          equ	3871	;# 
   584     0F20                     RC0PPS          equ	3872	;# 
   585     0F21                     RC1PPS          equ	3873	;# 
   586     0F22                     RC2PPS          equ	3874	;# 
   587     0F23                     RC3PPS          equ	3875	;# 
   588     0F24                     RC4PPS          equ	3876	;# 
   589     0F25                     RC5PPS          equ	3877	;# 
   590     0F26                     RC6PPS          equ	3878	;# 
   591     0F27                     RC7PPS          equ	3879	;# 
   592     0F28                     RD0PPS          equ	3880	;# 
   593     0F29                     RD1PPS          equ	3881	;# 
   594     0F2A                     RD2PPS          equ	3882	;# 
   595     0F2B                     RD3PPS          equ	3883	;# 
   596     0F2C                     RD4PPS          equ	3884	;# 
   597     0F2D                     RD5PPS          equ	3885	;# 
   598     0F2E                     RD6PPS          equ	3886	;# 
   599     0F2F                     RD7PPS          equ	3887	;# 
   600     0F30                     RE0PPS          equ	3888	;# 
   601     0F31                     RE1PPS          equ	3889	;# 
   602     0F32                     RE2PPS          equ	3890	;# 
   603     0F38                     ANSELA          equ	3896	;# 
   604     0F39                     WPUA            equ	3897	;# 
   605     0F3A                     ODCONA          equ	3898	;# 
   606     0F3B                     SLRCONA         equ	3899	;# 
   607     0F3C                     INLVLA          equ	3900	;# 
   608     0F3D                     IOCAP           equ	3901	;# 
   609     0F3E                     IOCAN           equ	3902	;# 
   610     0F3F                     IOCAF           equ	3903	;# 
   611     0F40                     CCDNA           equ	3904	;# 
   612     0F41                     CCDPA           equ	3905	;# 
   613     0F43                     ANSELB          equ	3907	;# 
   614     0F44                     WPUB            equ	3908	;# 
   615     0F45                     ODCONB          equ	3909	;# 
   616     0F46                     SLRCONB         equ	3910	;# 
   617     0F47                     INLVLB          equ	3911	;# 
   618     0F48                     IOCBP           equ	3912	;# 
   619     0F49                     IOCBN           equ	3913	;# 
   620     0F4A                     IOCBF           equ	3914	;# 
   621     0F4B                     CCDNB           equ	3915	;# 
   622     0F4C                     CCDPB           equ	3916	;# 
   623     0F4E                     ANSELC          equ	3918	;# 
   624     0F4F                     WPUC            equ	3919	;# 
   625     0F50                     ODCONC          equ	3920	;# 
   626     0F51                     SLRCONC         equ	3921	;# 
   627     0F52                     INLVLC          equ	3922	;# 
   628     0F53                     IOCCP           equ	3923	;# 
   629     0F54                     IOCCN           equ	3924	;# 
   630     0F55                     IOCCF           equ	3925	;# 
   631     0F56                     CCDNC           equ	3926	;# 
   632     0F57                     CCDPC           equ	3927	;# 
   633     0F59                     ANSELD          equ	3929	;# 
   634     0F5A                     WPUD            equ	3930	;# 
   635     0F5B                     ODCOND          equ	3931	;# 
   636     0F5C                     SLRCOND         equ	3932	;# 
   637     0F5D                     INLVLD          equ	3933	;# 
   638     0F61                     CCDND           equ	3937	;# 
   639     0F62                     CCDPD           equ	3938	;# 
   640     0F64                     ANSELE          equ	3940	;# 
   641     0F65                     WPUE            equ	3941	;# 
   642     0F66                     ODCONE          equ	3942	;# 
   643     0F67                     SLRCONE         equ	3943	;# 
   644     0F68                     INLVLE          equ	3944	;# 
   645     0F69                     IOCEP           equ	3945	;# 
   646     0F6A                     IOCEN           equ	3946	;# 
   647     0F6B                     IOCEF           equ	3947	;# 
   648     0F6C                     CCDNE           equ	3948	;# 
   649     0F6D                     CCDPE           equ	3949	;# 
   650     0FE4                     STATUS_SHAD     equ	4068	;# 
   651     0FE5                     WREG_SHAD       equ	4069	;# 
   652     0FE6                     BSR_SHAD        equ	4070	;# 
   653     0FE7                     PCLATH_SHAD     equ	4071	;# 
   654     0FE8                     FSR0L_SHAD      equ	4072	;# 
   655     0FE9                     FSR0H_SHAD      equ	4073	;# 
   656     0FEA                     FSR1L_SHAD      equ	4074	;# 
   657     0FEB                     FSR1H_SHAD      equ	4075	;# 
   658     0FED                     STKPTR          equ	4077	;# 
   659     0FEE                     TOSL            equ	4078	;# 
   660     0FEF                     TOSH            equ	4079	;# 
   661     0000                     INDF0           equ	0	;# 
   662     0001                     INDF1           equ	1	;# 
   663     0002                     PCL             equ	2	;# 
   664     0003                     STATUS          equ	3	;# 
   665     0004                     FSR0L           equ	4	;# 
   666     0005                     FSR0H           equ	5	;# 
   667     0006                     FSR1L           equ	6	;# 
   668     0007                     FSR1H           equ	7	;# 
   669     0008                     BSR             equ	8	;# 
   670     0009                     WREG            equ	9	;# 
   671     000A                     PCLATH          equ	10	;# 
   672     000B                     INTCON          equ	11	;# 
   673     000C                     PORTA           equ	12	;# 
   674     000D                     PORTB           equ	13	;# 
   675     000E                     PORTC           equ	14	;# 
   676     000F                     PORTD           equ	15	;# 
   677     0010                     PORTE           equ	16	;# 
   678     0011                     TRISA           equ	17	;# 
   679     0012                     TRISB           equ	18	;# 
   680     0013                     TRISC           equ	19	;# 
   681     0014                     TRISD           equ	20	;# 
   682     0015                     TRISE           equ	21	;# 
   683     0016                     LATA            equ	22	;# 
   684     0017                     LATB            equ	23	;# 
   685     0018                     LATC            equ	24	;# 
   686     0019                     LATD            equ	25	;# 
   687     001A                     LATE            equ	26	;# 
   688     001C                     TMR0L           equ	28	;# 
   689     001C                     TMR0            equ	28	;# 
   690     001D                     TMR0H           equ	29	;# 
   691     001D                     PR0             equ	29	;# 
   692     001E                     T0CON0          equ	30	;# 
   693     001F                     T0CON1          equ	31	;# 
   694     008C                     ADRES           equ	140	;# 
   695     008C                     ADRESL          equ	140	;# 
   696     008D                     ADRESH          equ	141	;# 
   697     008E                     ADPREV          equ	142	;# 
   698     008E                     ADPREVL         equ	142	;# 
   699     008F                     ADPREVH         equ	143	;# 
   700     0090                     ADACC           equ	144	;# 
   701     0090                     ADACCL          equ	144	;# 
   702     0091                     ADACCH          equ	145	;# 
   703     0093                     ADCON0          equ	147	;# 
   704     0094                     ADCON1          equ	148	;# 
   705     0095                     ADCON2          equ	149	;# 
   706     0096                     ADCON3          equ	150	;# 
   707     0097                     ADSTAT          equ	151	;# 
   708     0098                     ADCLK           equ	152	;# 
   709     0099                     ADACT           equ	153	;# 
   710     009A                     ADREF           equ	154	;# 
   711     009B                     ADCAP           equ	155	;# 
   712     009C                     ADPRE           equ	156	;# 
   713     009D                     ADACQ           equ	157	;# 
   714     009E                     ADPCH           equ	158	;# 
   715     010C                     ADCNT           equ	268	;# 
   716     010D                     ADRPT           equ	269	;# 
   717     010E                     ADLTH           equ	270	;# 
   718     010E                     ADLTHL          equ	270	;# 
   719     010F                     ADLTHH          equ	271	;# 
   720     0110                     ADUTH           equ	272	;# 
   721     0110                     ADUTHL          equ	272	;# 
   722     0111                     ADUTHH          equ	273	;# 
   723     0112                     ADSTPT          equ	274	;# 
   724     0112                     ADSTPTL         equ	274	;# 
   725     0113                     ADSTPTH         equ	275	;# 
   726     0114                     ADFLTR          equ	276	;# 
   727     0114                     ADFLTRL         equ	276	;# 
   728     0115                     ADFLTRH         equ	277	;# 
   729     0116                     ADERR           equ	278	;# 
   730     0116                     ADERRL          equ	278	;# 
   731     0117                     ADERRH          equ	279	;# 
   732     0119                     RC1REG          equ	281	;# 
   733     0119                     RCREG           equ	281	;# 
   734     0119                     RCREG1          equ	281	;# 
   735     011A                     TX1REG          equ	282	;# 
   736     011A                     TXREG1          equ	282	;# 
   737     011A                     TXREG           equ	282	;# 
   738     011B                     SP1BRG          equ	283	;# 
   739     011B                     SPBRG           equ	283	;# 
   740     011B                     SP1BRGL         equ	283	;# 
   741     011B                     SPBRG1          equ	283	;# 
   742     011B                     SPBRGL          equ	283	;# 
   743     011C                     SP1BRGH         equ	284	;# 
   744     011C                     SPBRGH          equ	284	;# 
   745     011C                     SPBRGH1         equ	284	;# 
   746     011D                     RC1STA          equ	285	;# 
   747     011D                     RCSTA1          equ	285	;# 
   748     011D                     RCSTA           equ	285	;# 
   749     011E                     TX1STA          equ	286	;# 
   750     011E                     TXSTA1          equ	286	;# 
   751     011E                     TXSTA           equ	286	;# 
   752     011F                     BAUD1CON        equ	287	;# 
   753     011F                     BAUDCON1        equ	287	;# 
   754     011F                     BAUDCTL1        equ	287	;# 
   755     011F                     BAUDCON         equ	287	;# 
   756     011F                     BAUDCTL         equ	287	;# 
   757     018C                     SSP1BUF         equ	396	;# 
   758     018D                     SSP1ADD         equ	397	;# 
   759     018E                     SSP1MSK         equ	398	;# 
   760     018F                     SSP1STAT        equ	399	;# 
   761     0190                     SSP1CON1        equ	400	;# 
   762     0191                     SSP1CON2        equ	401	;# 
   763     0192                     SSP1CON3        equ	402	;# 
   764     0196                     SSP2BUF         equ	406	;# 
   765     0197                     SSP2ADD         equ	407	;# 
   766     0198                     SSP2MSK         equ	408	;# 
   767     0199                     SSP2STAT        equ	409	;# 
   768     019A                     SSP2CON1        equ	410	;# 
   769     019B                     SSP2CON2        equ	411	;# 
   770     019C                     SSP2CON3        equ	412	;# 
   771     020C                     TMR1            equ	524	;# 
   772     020C                     TMR1L           equ	524	;# 
   773     020D                     TMR1H           equ	525	;# 
   774     020E                     T1CON           equ	526	;# 
   775     020F                     T1GCON          equ	527	;# 
   776     020F                     PR1             equ	527	;# 
   777     0210                     T1GATE          equ	528	;# 
   778     0210                     TMR1GATE        equ	528	;# 
   779     0211                     T1CLK           equ	529	;# 
   780     0211                     TMR1CLK         equ	529	;# 
   781     0212                     TMR3            equ	530	;# 
   782     0212                     TMR3L           equ	530	;# 
   783     0213                     TMR3H           equ	531	;# 
   784     0214                     T3CON           equ	532	;# 
   785     0215                     T3GCON          equ	533	;# 
   786     0215                     PR3             equ	533	;# 
   787     0216                     T3GATE          equ	534	;# 
   788     0216                     TMR3GATE        equ	534	;# 
   789     0217                     T3CLK           equ	535	;# 
   790     0217                     TMR3CLK         equ	535	;# 
   791     0218                     TMR5            equ	536	;# 
   792     0218                     TMR5L           equ	536	;# 
   793     0219                     TMR5H           equ	537	;# 
   794     021A                     T5CON           equ	538	;# 
   795     021B                     T5GCON          equ	539	;# 
   796     021B                     PR5             equ	539	;# 
   797     021C                     T5GATE          equ	540	;# 
   798     021C                     TMR5GATE        equ	540	;# 
   799     021D                     T5CLK           equ	541	;# 
   800     021D                     TMR5CLK         equ	541	;# 
   801     021E                     CCPTMRS0        equ	542	;# 
   802     021F                     CCPTMRS1        equ	543	;# 
   803     028C                     T2TMR           equ	652	;# 
   804     028C                     TMR2            equ	652	;# 
   805     028D                     T2PR            equ	653	;# 
   806     028D                     PR2             equ	653	;# 
   807     028E                     T2CON           equ	654	;# 
   808     028F                     T2HLT           equ	655	;# 
   809     0290                     T2CLKCON        equ	656	;# 
   810     0290                     T2CLK           equ	656	;# 
   811     0291                     T2RST           equ	657	;# 
   812     0292                     T4TMR           equ	658	;# 
   813     0292                     TMR4            equ	658	;# 
   814     0293                     T4PR            equ	659	;# 
   815     0293                     PR4             equ	659	;# 
   816     0294                     T4CON           equ	660	;# 
   817     0295                     T4HLT           equ	661	;# 
   818     0296                     T4CLKCON        equ	662	;# 
   819     0296                     T4CLK           equ	662	;# 
   820     0297                     T4RST           equ	663	;# 
   821     0298                     T6TMR           equ	664	;# 
   822     0298                     TMR6            equ	664	;# 
   823     0299                     T6PR            equ	665	;# 
   824     0299                     PR6             equ	665	;# 
   825     029A                     T6CON           equ	666	;# 
   826     029B                     T6HLT           equ	667	;# 
   827     029C                     T6CLKCON        equ	668	;# 
   828     029C                     T6CLK           equ	668	;# 
   829     029D                     T6RST           equ	669	;# 
   830     030C                     CCPR1           equ	780	;# 
   831     030C                     CCPR1L          equ	780	;# 
   832     030D                     CCPR1H          equ	781	;# 
   833     030E                     CCP1CON         equ	782	;# 
   834     030F                     CCP1CAP         equ	783	;# 
   835     0310                     CCPR2           equ	784	;# 
   836     0310                     CCPR2L          equ	784	;# 
   837     0311                     CCPR2H          equ	785	;# 
   838     0312                     CCP2CON         equ	786	;# 
   839     0313                     CCP2CAP         equ	787	;# 
   840     0314                     CCPR3           equ	788	;# 
   841     0314                     CCPR3L          equ	788	;# 
   842     0315                     CCPR3H          equ	789	;# 
   843     0316                     CCP3CON         equ	790	;# 
   844     0317                     CCP3CAP         equ	791	;# 
   845     0318                     CCPR4           equ	792	;# 
   846     0318                     CCPR4L          equ	792	;# 
   847     0319                     CCPR4H          equ	793	;# 
   848     031A                     CCP4CON         equ	794	;# 
   849     031B                     CCP4CAP         equ	795	;# 
   850     031C                     CCPR5           equ	796	;# 
   851     031C                     CCPR5L          equ	796	;# 
   852     031D                     CCPR5H          equ	797	;# 
   853     031E                     CCP5CON         equ	798	;# 
   854     031F                     CCP5CAP         equ	799	;# 
   855     038C                     PWM6DC          equ	908	;# 
   856     038C                     PWM6DCL         equ	908	;# 
   857     038D                     PWM6DCH         equ	909	;# 
   858     038E                     PWM6CON         equ	910	;# 
   859     0390                     PWM7DC          equ	912	;# 
   860     0390                     PWM7DCL         equ	912	;# 
   861     0391                     PWM7DCH         equ	913	;# 
   862     0392                     PWM7CON         equ	914	;# 
   863     040C                     SCANLADRL       equ	1036	;# 
   864     040D                     SCANLADRH       equ	1037	;# 
   865     040E                     SCANHADRL       equ	1038	;# 
   866     040F                     SCANHADRH       equ	1039	;# 
   867     0410                     SCANCON0        equ	1040	;# 
   868     0411                     SCANTRIG        equ	1041	;# 
   869     0416                     CRCDATA         equ	1046	;# 
   870     0416                     CRCDATL         equ	1046	;# 
   871     0417                     CRCDATH         equ	1047	;# 
   872     0418                     CRCACC          equ	1048	;# 
   873     0418                     CRCACCL         equ	1048	;# 
   874     0419                     CRCACCH         equ	1049	;# 
   875     041A                     CRCSHFT         equ	1050	;# 
   876     041A                     CRCSHIFTL       equ	1050	;# 
   877     041B                     CRCSHIFTH       equ	1051	;# 
   878     041C                     CRCXOR          equ	1052	;# 
   879     041C                     CRCXORL         equ	1052	;# 
   880     041D                     CRCXORH         equ	1053	;# 
   881     041E                     CRCCON0         equ	1054	;# 
   882     041F                     CRCCON1         equ	1055	;# 
   883     048C                     SMT1TMR         equ	1164	;# 
   884     048C                     SMT1TMRL        equ	1164	;# 
   885     048D                     SMT1TMRH        equ	1165	;# 
   886     048E                     SMT1TMRU        equ	1166	;# 
   887     048F                     SMT1CPR         equ	1167	;# 
   888     048F                     SMT1CPRL        equ	1167	;# 
   889     0490                     SMT1CPRH        equ	1168	;# 
   890     0491                     SMT1CPRU        equ	1169	;# 
   891     0492                     SMT1CPW         equ	1170	;# 
   892     0492                     SMT1CPWL        equ	1170	;# 
   893     0493                     SMT1CPWH        equ	1171	;# 
   894     0494                     SMT1CPWU        equ	1172	;# 
   895     0495                     SMT1PR          equ	1173	;# 
   896     0495                     SMT1PRL         equ	1173	;# 
   897     0496                     SMT1PRH         equ	1174	;# 
   898     0497                     SMT1PRU         equ	1175	;# 
   899     0498                     SMT1CON0        equ	1176	;# 
   900     0499                     SMT1CON1        equ	1177	;# 
   901     049A                     SMT1STAT        equ	1178	;# 
   902     049B                     SMT1CLK         equ	1179	;# 
   903     049C                     SMT1SIG         equ	1180	;# 
   904     049D                     SMT1WIN         equ	1181	;# 
   905     050C                     SMT2TMR         equ	1292	;# 
   906     050C                     SMT2TMRL        equ	1292	;# 
   907     050D                     SMT2TMRH        equ	1293	;# 
   908     050E                     SMT2TMRU        equ	1294	;# 
   909     050F                     SMT2CPR         equ	1295	;# 
   910     050F                     SMT2CPRL        equ	1295	;# 
   911     0510                     SMT2CPRH        equ	1296	;# 
   912     0511                     SMT2CPRU        equ	1297	;# 
   913     0512                     SMT2CPW         equ	1298	;# 
   914     0512                     SMT2CPWL        equ	1298	;# 
   915     0513                     SMT2CPWH        equ	1299	;# 
   916     0514                     SMT2CPWU        equ	1300	;# 
   917     0515                     SMT2PR          equ	1301	;# 
   918     0515                     SMT2PRL         equ	1301	;# 
   919     0516                     SMT2PRH         equ	1302	;# 
   920     0517                     SMT2PRU         equ	1303	;# 
   921     0518                     SMT2CON0        equ	1304	;# 
   922     0519                     SMT2CON1        equ	1305	;# 
   923     051A                     SMT2STAT        equ	1306	;# 
   924     051B                     SMT2CLK         equ	1307	;# 
   925     051C                     SMT2SIG         equ	1308	;# 
   926     051D                     SMT2WIN         equ	1309	;# 
   927     058C                     NCO1ACC         equ	1420	;# 
   928     058C                     NCO1ACCL        equ	1420	;# 
   929     058D                     NCO1ACCH        equ	1421	;# 
   930     058E                     NCO1ACCU        equ	1422	;# 
   931     058F                     NCO1INC         equ	1423	;# 
   932     058F                     NCO1INCL        equ	1423	;# 
   933     0590                     NCO1INCH        equ	1424	;# 
   934     0591                     NCO1INCU        equ	1425	;# 
   935     0592                     NCO1CON         equ	1426	;# 
   936     0593                     NCO1CLK         equ	1427	;# 
   937     060C                     CWG1CLKCON      equ	1548	;# 
   938     060D                     CWG1ISM         equ	1549	;# 
   939     060E                     CWG1DBR         equ	1550	;# 
   940     060F                     CWG1DBF         equ	1551	;# 
   941     0610                     CWG1CON0        equ	1552	;# 
   942     0611                     CWG1CON1        equ	1553	;# 
   943     0612                     CWG1AS0         equ	1554	;# 
   944     0613                     CWG1AS1         equ	1555	;# 
   945     0614                     CWG1STR         equ	1556	;# 
   946     0616                     CWG2CLKCON      equ	1558	;# 
   947     0617                     CWG2ISM         equ	1559	;# 
   948     0618                     CWG2DBR         equ	1560	;# 
   949     0619                     CWG2DBF         equ	1561	;# 
   950     061A                     CWG2CON0        equ	1562	;# 
   951     061B                     CWG2CON1        equ	1563	;# 
   952     061C                     CWG2AS0         equ	1564	;# 
   953     061D                     CWG2AS1         equ	1565	;# 
   954     061E                     CWG2STR         equ	1566	;# 
   955     068C                     CWG3CLKCON      equ	1676	;# 
   956     068D                     CWG3ISM         equ	1677	;# 
   957     068E                     CWG3DBR         equ	1678	;# 
   958     068F                     CWG3DBF         equ	1679	;# 
   959     0690                     CWG3CON0        equ	1680	;# 
   960     0691                     CWG3CON1        equ	1681	;# 
   961     0692                     CWG3AS0         equ	1682	;# 
   962     0693                     CWG3AS1         equ	1683	;# 
   963     0694                     CWG3STR         equ	1684	;# 
   964     070C                     PIR0            equ	1804	;# 
   965     070D                     PIR1            equ	1805	;# 
   966     070E                     PIR2            equ	1806	;# 
   967     070F                     PIR3            equ	1807	;# 
   968     0710                     PIR4            equ	1808	;# 
   969     0711                     PIR5            equ	1809	;# 
   970     0712                     PIR6            equ	1810	;# 
   971     0713                     PIR7            equ	1811	;# 
   972     0714                     PIR8            equ	1812	;# 
   973     0716                     PIE0            equ	1814	;# 
   974     0717                     PIE1            equ	1815	;# 
   975     0718                     PIE2            equ	1816	;# 
   976     0719                     PIE3            equ	1817	;# 
   977     071A                     PIE4            equ	1818	;# 
   978     071B                     PIE5            equ	1819	;# 
   979     071C                     PIE6            equ	1820	;# 
   980     071D                     PIE7            equ	1821	;# 
   981     071E                     PIE8            equ	1822	;# 
   982     0796                     PMD0            equ	1942	;# 
   983     0797                     PMD1            equ	1943	;# 
   984     0798                     PMD2            equ	1944	;# 
   985     0799                     PMD3            equ	1945	;# 
   986     079A                     PMD4            equ	1946	;# 
   987     079B                     PMD5            equ	1947	;# 
   988     080C                     WDTCON0         equ	2060	;# 
   989     080D                     WDTCON1         equ	2061	;# 
   990     080E                     WDTPSL          equ	2062	;# 
   991     080F                     WDTPSH          equ	2063	;# 
   992     0810                     WDTTMR          equ	2064	;# 
   993     0811                     BORCON          equ	2065	;# 
   994     0812                     VREGCON         equ	2066	;# 
   995     0813                     PCON0           equ	2067	;# 
   996     0814                     CCDCON          equ	2068	;# 
   997     081A                     NVMADRL         equ	2074	;# 
   998     081B                     NVMADRH         equ	2075	;# 
   999     081C                     NVMDATL         equ	2076	;# 
  1000     081D                     NVMDATH         equ	2077	;# 
  1001     081E                     NVMCON1         equ	2078	;# 
  1002     081F                     NVMCON2         equ	2079	;# 
  1003     088C                     CPUDOZE         equ	2188	;# 
  1004     088D                     OSCCON1         equ	2189	;# 
  1005     088E                     OSCCON2         equ	2190	;# 
  1006     088F                     OSCCON3         equ	2191	;# 
  1007     0890                     OSCSTAT         equ	2192	;# 
  1008     0891                     OSCEN           equ	2193	;# 
  1009     0892                     OSCTUNE         equ	2194	;# 
  1010     0893                     OSCFRQ          equ	2195	;# 
  1011     0895                     CLKRCON         equ	2197	;# 
  1012     0896                     CLKRCLK         equ	2198	;# 
  1013     0897                     MDCON0          equ	2199	;# 
  1014     0898                     MDCON1          equ	2200	;# 
  1015     0899                     MDSRC           equ	2201	;# 
  1016     089A                     MDCARL          equ	2202	;# 
  1017     089B                     MDCARH          equ	2203	;# 
  1018     090C                     FVRCON          equ	2316	;# 
  1019     090E                     DAC1CON0        equ	2318	;# 
  1020     090F                     DAC1CON1        equ	2319	;# 
  1021     091F                     ZCD1CON         equ	2335	;# 
  1022     091F                     ZCDCON          equ	2335	;# 
  1023     098F                     CMOUT           equ	2447	;# 
  1024     098F                     CMSTAT          equ	2447	;# 
  1025     0990                     CM1CON0         equ	2448	;# 
  1026     0991                     CM1CON1         equ	2449	;# 
  1027     0992                     CM1NSEL         equ	2450	;# 
  1028     0993                     CM1PSEL         equ	2451	;# 
  1029     0994                     CM2CON0         equ	2452	;# 
  1030     0995                     CM2CON1         equ	2453	;# 
  1031     0996                     CM2NSEL         equ	2454	;# 
  1032     0997                     CM2PSEL         equ	2455	;# 
  1033     0E0F                     CLCDATA         equ	3599	;# 
  1034     0E10                     CLC1CON         equ	3600	;# 
  1035     0E11                     CLC1POL         equ	3601	;# 
  1036     0E12                     CLC1SEL0        equ	3602	;# 
  1037     0E13                     CLC1SEL1        equ	3603	;# 
  1038     0E14                     CLC1SEL2        equ	3604	;# 
  1039     0E15                     CLC1SEL3        equ	3605	;# 
  1040     0E16                     CLC1GLS0        equ	3606	;# 
  1041     0E17                     CLC1GLS1        equ	3607	;# 
  1042     0E18                     CLC1GLS2        equ	3608	;# 
  1043     0E19                     CLC1GLS3        equ	3609	;# 
  1044     0E1A                     CLC2CON         equ	3610	;# 
  1045     0E1B                     CLC2POL         equ	3611	;# 
  1046     0E1C                     CLC2SEL0        equ	3612	;# 
  1047     0E1D                     CLC2SEL1        equ	3613	;# 
  1048     0E1E                     CLC2SEL2        equ	3614	;# 
  1049     0E1F                     CLC2SEL3        equ	3615	;# 
  1050     0E20                     CLC2GLS0        equ	3616	;# 
  1051     0E21                     CLC2GLS1        equ	3617	;# 
  1052     0E22                     CLC2GLS2        equ	3618	;# 
  1053     0E23                     CLC2GLS3        equ	3619	;# 
  1054     0E24                     CLC3CON         equ	3620	;# 
  1055     0E25                     CLC3POL         equ	3621	;# 
  1056     0E26                     CLC3SEL0        equ	3622	;# 
  1057     0E27                     CLC3SEL1        equ	3623	;# 
  1058     0E28                     CLC3SEL2        equ	3624	;# 
  1059     0E29                     CLC3SEL3        equ	3625	;# 
  1060     0E2A                     CLC3GLS0        equ	3626	;# 
  1061     0E2B                     CLC3GLS1        equ	3627	;# 
  1062     0E2C                     CLC3GLS2        equ	3628	;# 
  1063     0E2D                     CLC3GLS3        equ	3629	;# 
  1064     0E2E                     CLC4CON         equ	3630	;# 
  1065     0E2F                     CLC4POL         equ	3631	;# 
  1066     0E30                     CLC4SEL0        equ	3632	;# 
  1067     0E31                     CLC4SEL1        equ	3633	;# 
  1068     0E32                     CLC4SEL2        equ	3634	;# 
  1069     0E33                     CLC4SEL3        equ	3635	;# 
  1070     0E34                     CLC4GLS0        equ	3636	;# 
  1071     0E35                     CLC4GLS1        equ	3637	;# 
  1072     0E36                     CLC4GLS2        equ	3638	;# 
  1073     0E37                     CLC4GLS3        equ	3639	;# 
  1074     0E8F                     PPSLOCK         equ	3727	;# 
  1075     0E90                     INTPPS          equ	3728	;# 
  1076     0E91                     T0CKIPPS        equ	3729	;# 
  1077     0E92                     T1CKIPPS        equ	3730	;# 
  1078     0E93                     T1GPPS          equ	3731	;# 
  1079     0E94                     T3CKIPPS        equ	3732	;# 
  1080     0E95                     T3GPPS          equ	3733	;# 
  1081     0E96                     T5CKIPPS        equ	3734	;# 
  1082     0E97                     T5GPPS          equ	3735	;# 
  1083     0E9C                     T2AINPPS        equ	3740	;# 
  1084     0E9D                     T4AINPPS        equ	3741	;# 
  1085     0E9E                     T6AINPPS        equ	3742	;# 
  1086     0EA1                     CCP1PPS         equ	3745	;# 
  1087     0EA2                     CCP2PPS         equ	3746	;# 
  1088     0EA3                     CCP3PPS         equ	3747	;# 
  1089     0EA4                     CCP4PPS         equ	3748	;# 
  1090     0EA5                     CCP5PPS         equ	3749	;# 
  1091     0EA9                     SMT1WINPPS      equ	3753	;# 
  1092     0EAA                     SMT1SIGPPS      equ	3754	;# 
  1093     0EAB                     SMT2WINPPS      equ	3755	;# 
  1094     0EAC                     SMT2SIGPPS      equ	3756	;# 
  1095     0EB1                     CWG1PPS         equ	3761	;# 
  1096     0EB2                     CWG2PPS         equ	3762	;# 
  1097     0EB3                     CWG3PPS         equ	3763	;# 
  1098     0EB8                     MDCARLPPS       equ	3768	;# 
  1099     0EB9                     MDCARHPPS       equ	3769	;# 
  1100     0EBA                     MDSRCPPS        equ	3770	;# 
  1101     0EBB                     CLCIN0PPS       equ	3771	;# 
  1102     0EBC                     CLCIN1PPS       equ	3772	;# 
  1103     0EBD                     CLCIN2PPS       equ	3773	;# 
  1104     0EBE                     CLCIN3PPS       equ	3774	;# 
  1105     0EC3                     ADCACTPPS       equ	3779	;# 
  1106     0EC5                     SSP1CLKPPS      equ	3781	;# 
  1107     0EC6                     SSP1DATPPS      equ	3782	;# 
  1108     0EC7                     SSP1SSPPS       equ	3783	;# 
  1109     0EC8                     SSP2CLKPPS      equ	3784	;# 
  1110     0EC9                     SSP2DATPPS      equ	3785	;# 
  1111     0ECA                     SSP2SSPPS       equ	3786	;# 
  1112     0ECB                     RXPPS           equ	3787	;# 
  1113     0ECC                     TXPPS           equ	3788	;# 
  1114     0F10                     RA0PPS          equ	3856	;# 
  1115     0F11                     RA1PPS          equ	3857	;# 
  1116     0F12                     RA2PPS          equ	3858	;# 
  1117     0F13                     RA3PPS          equ	3859	;# 
  1118     0F14                     RA4PPS          equ	3860	;# 
  1119     0F15                     RA5PPS          equ	3861	;# 
  1120     0F16                     RA6PPS          equ	3862	;# 
  1121     0F17                     RA7PPS          equ	3863	;# 
  1122     0F18                     RB0PPS          equ	3864	;# 
  1123     0F19                     RB1PPS          equ	3865	;# 
  1124     0F1A                     RB2PPS          equ	3866	;# 
  1125     0F1B                     RB3PPS          equ	3867	;# 
  1126     0F1C                     RB4PPS          equ	3868	;# 
  1127     0F1D                     RB5PPS          equ	3869	;# 
  1128     0F1E                     RB6PPS          equ	3870	;# 
  1129     0F1F                     RB7PPS          equ	3871	;# 
  1130     0F20                     RC0PPS          equ	3872	;# 
  1131     0F21                     RC1PPS          equ	3873	;# 
  1132     0F22                     RC2PPS          equ	3874	;# 
  1133     0F23                     RC3PPS          equ	3875	;# 
  1134     0F24                     RC4PPS          equ	3876	;# 
  1135     0F25                     RC5PPS          equ	3877	;# 
  1136     0F26                     RC6PPS          equ	3878	;# 
  1137     0F27                     RC7PPS          equ	3879	;# 
  1138     0F28                     RD0PPS          equ	3880	;# 
  1139     0F29                     RD1PPS          equ	3881	;# 
  1140     0F2A                     RD2PPS          equ	3882	;# 
  1141     0F2B                     RD3PPS          equ	3883	;# 
  1142     0F2C                     RD4PPS          equ	3884	;# 
  1143     0F2D                     RD5PPS          equ	3885	;# 
  1144     0F2E                     RD6PPS          equ	3886	;# 
  1145     0F2F                     RD7PPS          equ	3887	;# 
  1146     0F30                     RE0PPS          equ	3888	;# 
  1147     0F31                     RE1PPS          equ	3889	;# 
  1148     0F32                     RE2PPS          equ	3890	;# 
  1149     0F38                     ANSELA          equ	3896	;# 
  1150     0F39                     WPUA            equ	3897	;# 
  1151     0F3A                     ODCONA          equ	3898	;# 
  1152     0F3B                     SLRCONA         equ	3899	;# 
  1153     0F3C                     INLVLA          equ	3900	;# 
  1154     0F3D                     IOCAP           equ	3901	;# 
  1155     0F3E                     IOCAN           equ	3902	;# 
  1156     0F3F                     IOCAF           equ	3903	;# 
  1157     0F40                     CCDNA           equ	3904	;# 
  1158     0F41                     CCDPA           equ	3905	;# 
  1159     0F43                     ANSELB          equ	3907	;# 
  1160     0F44                     WPUB            equ	3908	;# 
  1161     0F45                     ODCONB          equ	3909	;# 
  1162     0F46                     SLRCONB         equ	3910	;# 
  1163     0F47                     INLVLB          equ	3911	;# 
  1164     0F48                     IOCBP           equ	3912	;# 
  1165     0F49                     IOCBN           equ	3913	;# 
  1166     0F4A                     IOCBF           equ	3914	;# 
  1167     0F4B                     CCDNB           equ	3915	;# 
  1168     0F4C                     CCDPB           equ	3916	;# 
  1169     0F4E                     ANSELC          equ	3918	;# 
  1170     0F4F                     WPUC            equ	3919	;# 
  1171     0F50                     ODCONC          equ	3920	;# 
  1172     0F51                     SLRCONC         equ	3921	;# 
  1173     0F52                     INLVLC          equ	3922	;# 
  1174     0F53                     IOCCP           equ	3923	;# 
  1175     0F54                     IOCCN           equ	3924	;# 
  1176     0F55                     IOCCF           equ	3925	;# 
  1177     0F56                     CCDNC           equ	3926	;# 
  1178     0F57                     CCDPC           equ	3927	;# 
  1179     0F59                     ANSELD          equ	3929	;# 
  1180     0F5A                     WPUD            equ	3930	;# 
  1181     0F5B                     ODCOND          equ	3931	;# 
  1182     0F5C                     SLRCOND         equ	3932	;# 
  1183     0F5D                     INLVLD          equ	3933	;# 
  1184     0F61                     CCDND           equ	3937	;# 
  1185     0F62                     CCDPD           equ	3938	;# 
  1186     0F64                     ANSELE          equ	3940	;# 
  1187     0F65                     WPUE            equ	3941	;# 
  1188     0F66                     ODCONE          equ	3942	;# 
  1189     0F67                     SLRCONE         equ	3943	;# 
  1190     0F68                     INLVLE          equ	3944	;# 
  1191     0F69                     IOCEP           equ	3945	;# 
  1192     0F6A                     IOCEN           equ	3946	;# 
  1193     0F6B                     IOCEF           equ	3947	;# 
  1194     0F6C                     CCDNE           equ	3948	;# 
  1195     0F6D                     CCDPE           equ	3949	;# 
  1196     0FE4                     STATUS_SHAD     equ	4068	;# 
  1197     0FE5                     WREG_SHAD       equ	4069	;# 
  1198     0FE6                     BSR_SHAD        equ	4070	;# 
  1199     0FE7                     PCLATH_SHAD     equ	4071	;# 
  1200     0FE8                     FSR0L_SHAD      equ	4072	;# 
  1201     0FE9                     FSR0H_SHAD      equ	4073	;# 
  1202     0FEA                     FSR1L_SHAD      equ	4074	;# 
  1203     0FEB                     FSR1H_SHAD      equ	4075	;# 
  1204     0FED                     STKPTR          equ	4077	;# 
  1205     0FEE                     TOSL            equ	4078	;# 
  1206     0FEF                     TOSH            equ	4079	;# 
  1207     0000                     INDF0           equ	0	;# 
  1208     0001                     INDF1           equ	1	;# 
  1209     0002                     PCL             equ	2	;# 
  1210     0003                     STATUS          equ	3	;# 
  1211     0004                     FSR0L           equ	4	;# 
  1212     0005                     FSR0H           equ	5	;# 
  1213     0006                     FSR1L           equ	6	;# 
  1214     0007                     FSR1H           equ	7	;# 
  1215     0008                     BSR             equ	8	;# 
  1216     0009                     WREG            equ	9	;# 
  1217     000A                     PCLATH          equ	10	;# 
  1218     000B                     INTCON          equ	11	;# 
  1219     000C                     PORTA           equ	12	;# 
  1220     000D                     PORTB           equ	13	;# 
  1221     000E                     PORTC           equ	14	;# 
  1222     000F                     PORTD           equ	15	;# 
  1223     0010                     PORTE           equ	16	;# 
  1224     0011                     TRISA           equ	17	;# 
  1225     0012                     TRISB           equ	18	;# 
  1226     0013                     TRISC           equ	19	;# 
  1227     0014                     TRISD           equ	20	;# 
  1228     0015                     TRISE           equ	21	;# 
  1229     0016                     LATA            equ	22	;# 
  1230     0017                     LATB            equ	23	;# 
  1231     0018                     LATC            equ	24	;# 
  1232     0019                     LATD            equ	25	;# 
  1233     001A                     LATE            equ	26	;# 
  1234     001C                     TMR0L           equ	28	;# 
  1235     001C                     TMR0            equ	28	;# 
  1236     001D                     TMR0H           equ	29	;# 
  1237     001D                     PR0             equ	29	;# 
  1238     001E                     T0CON0          equ	30	;# 
  1239     001F                     T0CON1          equ	31	;# 
  1240     008C                     ADRES           equ	140	;# 
  1241     008C                     ADRESL          equ	140	;# 
  1242     008D                     ADRESH          equ	141	;# 
  1243     008E                     ADPREV          equ	142	;# 
  1244     008E                     ADPREVL         equ	142	;# 
  1245     008F                     ADPREVH         equ	143	;# 
  1246     0090                     ADACC           equ	144	;# 
  1247     0090                     ADACCL          equ	144	;# 
  1248     0091                     ADACCH          equ	145	;# 
  1249     0093                     ADCON0          equ	147	;# 
  1250     0094                     ADCON1          equ	148	;# 
  1251     0095                     ADCON2          equ	149	;# 
  1252     0096                     ADCON3          equ	150	;# 
  1253     0097                     ADSTAT          equ	151	;# 
  1254     0098                     ADCLK           equ	152	;# 
  1255     0099                     ADACT           equ	153	;# 
  1256     009A                     ADREF           equ	154	;# 
  1257     009B                     ADCAP           equ	155	;# 
  1258     009C                     ADPRE           equ	156	;# 
  1259     009D                     ADACQ           equ	157	;# 
  1260     009E                     ADPCH           equ	158	;# 
  1261     010C                     ADCNT           equ	268	;# 
  1262     010D                     ADRPT           equ	269	;# 
  1263     010E                     ADLTH           equ	270	;# 
  1264     010E                     ADLTHL          equ	270	;# 
  1265     010F                     ADLTHH          equ	271	;# 
  1266     0110                     ADUTH           equ	272	;# 
  1267     0110                     ADUTHL          equ	272	;# 
  1268     0111                     ADUTHH          equ	273	;# 
  1269     0112                     ADSTPT          equ	274	;# 
  1270     0112                     ADSTPTL         equ	274	;# 
  1271     0113                     ADSTPTH         equ	275	;# 
  1272     0114                     ADFLTR          equ	276	;# 
  1273     0114                     ADFLTRL         equ	276	;# 
  1274     0115                     ADFLTRH         equ	277	;# 
  1275     0116                     ADERR           equ	278	;# 
  1276     0116                     ADERRL          equ	278	;# 
  1277     0117                     ADERRH          equ	279	;# 
  1278     0119                     RC1REG          equ	281	;# 
  1279     0119                     RCREG           equ	281	;# 
  1280     0119                     RCREG1          equ	281	;# 
  1281     011A                     TX1REG          equ	282	;# 
  1282     011A                     TXREG1          equ	282	;# 
  1283     011A                     TXREG           equ	282	;# 
  1284     011B                     SP1BRG          equ	283	;# 
  1285     011B                     SPBRG           equ	283	;# 
  1286     011B                     SP1BRGL         equ	283	;# 
  1287     011B                     SPBRG1          equ	283	;# 
  1288     011B                     SPBRGL          equ	283	;# 
  1289     011C                     SP1BRGH         equ	284	;# 
  1290     011C                     SPBRGH          equ	284	;# 
  1291     011C                     SPBRGH1         equ	284	;# 
  1292     011D                     RC1STA          equ	285	;# 
  1293     011D                     RCSTA1          equ	285	;# 
  1294     011D                     RCSTA           equ	285	;# 
  1295     011E                     TX1STA          equ	286	;# 
  1296     011E                     TXSTA1          equ	286	;# 
  1297     011E                     TXSTA           equ	286	;# 
  1298     011F                     BAUD1CON        equ	287	;# 
  1299     011F                     BAUDCON1        equ	287	;# 
  1300     011F                     BAUDCTL1        equ	287	;# 
  1301     011F                     BAUDCON         equ	287	;# 
  1302     011F                     BAUDCTL         equ	287	;# 
  1303     018C                     SSP1BUF         equ	396	;# 
  1304     018D                     SSP1ADD         equ	397	;# 
  1305     018E                     SSP1MSK         equ	398	;# 
  1306     018F                     SSP1STAT        equ	399	;# 
  1307     0190                     SSP1CON1        equ	400	;# 
  1308     0191                     SSP1CON2        equ	401	;# 
  1309     0192                     SSP1CON3        equ	402	;# 
  1310     0196                     SSP2BUF         equ	406	;# 
  1311     0197                     SSP2ADD         equ	407	;# 
  1312     0198                     SSP2MSK         equ	408	;# 
  1313     0199                     SSP2STAT        equ	409	;# 
  1314     019A                     SSP2CON1        equ	410	;# 
  1315     019B                     SSP2CON2        equ	411	;# 
  1316     019C                     SSP2CON3        equ	412	;# 
  1317     020C                     TMR1            equ	524	;# 
  1318     020C                     TMR1L           equ	524	;# 
  1319     020D                     TMR1H           equ	525	;# 
  1320     020E                     T1CON           equ	526	;# 
  1321     020F                     T1GCON          equ	527	;# 
  1322     020F                     PR1             equ	527	;# 
  1323     0210                     T1GATE          equ	528	;# 
  1324     0210                     TMR1GATE        equ	528	;# 
  1325     0211                     T1CLK           equ	529	;# 
  1326     0211                     TMR1CLK         equ	529	;# 
  1327     0212                     TMR3            equ	530	;# 
  1328     0212                     TMR3L           equ	530	;# 
  1329     0213                     TMR3H           equ	531	;# 
  1330     0214                     T3CON           equ	532	;# 
  1331     0215                     T3GCON          equ	533	;# 
  1332     0215                     PR3             equ	533	;# 
  1333     0216                     T3GATE          equ	534	;# 
  1334     0216                     TMR3GATE        equ	534	;# 
  1335     0217                     T3CLK           equ	535	;# 
  1336     0217                     TMR3CLK         equ	535	;# 
  1337     0218                     TMR5            equ	536	;# 
  1338     0218                     TMR5L           equ	536	;# 
  1339     0219                     TMR5H           equ	537	;# 
  1340     021A                     T5CON           equ	538	;# 
  1341     021B                     T5GCON          equ	539	;# 
  1342     021B                     PR5             equ	539	;# 
  1343     021C                     T5GATE          equ	540	;# 
  1344     021C                     TMR5GATE        equ	540	;# 
  1345     021D                     T5CLK           equ	541	;# 
  1346     021D                     TMR5CLK         equ	541	;# 
  1347     021E                     CCPTMRS0        equ	542	;# 
  1348     021F                     CCPTMRS1        equ	543	;# 
  1349     028C                     T2TMR           equ	652	;# 
  1350     028C                     TMR2            equ	652	;# 
  1351     028D                     T2PR            equ	653	;# 
  1352     028D                     PR2             equ	653	;# 
  1353     028E                     T2CON           equ	654	;# 
  1354     028F                     T2HLT           equ	655	;# 
  1355     0290                     T2CLKCON        equ	656	;# 
  1356     0290                     T2CLK           equ	656	;# 
  1357     0291                     T2RST           equ	657	;# 
  1358     0292                     T4TMR           equ	658	;# 
  1359     0292                     TMR4            equ	658	;# 
  1360     0293                     T4PR            equ	659	;# 
  1361     0293                     PR4             equ	659	;# 
  1362     0294                     T4CON           equ	660	;# 
  1363     0295                     T4HLT           equ	661	;# 
  1364     0296                     T4CLKCON        equ	662	;# 
  1365     0296                     T4CLK           equ	662	;# 
  1366     0297                     T4RST           equ	663	;# 
  1367     0298                     T6TMR           equ	664	;# 
  1368     0298                     TMR6            equ	664	;# 
  1369     0299                     T6PR            equ	665	;# 
  1370     0299                     PR6             equ	665	;# 
  1371     029A                     T6CON           equ	666	;# 
  1372     029B                     T6HLT           equ	667	;# 
  1373     029C                     T6CLKCON        equ	668	;# 
  1374     029C                     T6CLK           equ	668	;# 
  1375     029D                     T6RST           equ	669	;# 
  1376     030C                     CCPR1           equ	780	;# 
  1377     030C                     CCPR1L          equ	780	;# 
  1378     030D                     CCPR1H          equ	781	;# 
  1379     030E                     CCP1CON         equ	782	;# 
  1380     030F                     CCP1CAP         equ	783	;# 
  1381     0310                     CCPR2           equ	784	;# 
  1382     0310                     CCPR2L          equ	784	;# 
  1383     0311                     CCPR2H          equ	785	;# 
  1384     0312                     CCP2CON         equ	786	;# 
  1385     0313                     CCP2CAP         equ	787	;# 
  1386     0314                     CCPR3           equ	788	;# 
  1387     0314                     CCPR3L          equ	788	;# 
  1388     0315                     CCPR3H          equ	789	;# 
  1389     0316                     CCP3CON         equ	790	;# 
  1390     0317                     CCP3CAP         equ	791	;# 
  1391     0318                     CCPR4           equ	792	;# 
  1392     0318                     CCPR4L          equ	792	;# 
  1393     0319                     CCPR4H          equ	793	;# 
  1394     031A                     CCP4CON         equ	794	;# 
  1395     031B                     CCP4CAP         equ	795	;# 
  1396     031C                     CCPR5           equ	796	;# 
  1397     031C                     CCPR5L          equ	796	;# 
  1398     031D                     CCPR5H          equ	797	;# 
  1399     031E                     CCP5CON         equ	798	;# 
  1400     031F                     CCP5CAP         equ	799	;# 
  1401     038C                     PWM6DC          equ	908	;# 
  1402     038C                     PWM6DCL         equ	908	;# 
  1403     038D                     PWM6DCH         equ	909	;# 
  1404     038E                     PWM6CON         equ	910	;# 
  1405     0390                     PWM7DC          equ	912	;# 
  1406     0390                     PWM7DCL         equ	912	;# 
  1407     0391                     PWM7DCH         equ	913	;# 
  1408     0392                     PWM7CON         equ	914	;# 
  1409     040C                     SCANLADRL       equ	1036	;# 
  1410     040D                     SCANLADRH       equ	1037	;# 
  1411     040E                     SCANHADRL       equ	1038	;# 
  1412     040F                     SCANHADRH       equ	1039	;# 
  1413     0410                     SCANCON0        equ	1040	;# 
  1414     0411                     SCANTRIG        equ	1041	;# 
  1415     0416                     CRCDATA         equ	1046	;# 
  1416     0416                     CRCDATL         equ	1046	;# 
  1417     0417                     CRCDATH         equ	1047	;# 
  1418     0418                     CRCACC          equ	1048	;# 
  1419     0418                     CRCACCL         equ	1048	;# 
  1420     0419                     CRCACCH         equ	1049	;# 
  1421     041A                     CRCSHFT         equ	1050	;# 
  1422     041A                     CRCSHIFTL       equ	1050	;# 
  1423     041B                     CRCSHIFTH       equ	1051	;# 
  1424     041C                     CRCXOR          equ	1052	;# 
  1425     041C                     CRCXORL         equ	1052	;# 
  1426     041D                     CRCXORH         equ	1053	;# 
  1427     041E                     CRCCON0         equ	1054	;# 
  1428     041F                     CRCCON1         equ	1055	;# 
  1429     048C                     SMT1TMR         equ	1164	;# 
  1430     048C                     SMT1TMRL        equ	1164	;# 
  1431     048D                     SMT1TMRH        equ	1165	;# 
  1432     048E                     SMT1TMRU        equ	1166	;# 
  1433     048F                     SMT1CPR         equ	1167	;# 
  1434     048F                     SMT1CPRL        equ	1167	;# 
  1435     0490                     SMT1CPRH        equ	1168	;# 
  1436     0491                     SMT1CPRU        equ	1169	;# 
  1437     0492                     SMT1CPW         equ	1170	;# 
  1438     0492                     SMT1CPWL        equ	1170	;# 
  1439     0493                     SMT1CPWH        equ	1171	;# 
  1440     0494                     SMT1CPWU        equ	1172	;# 
  1441     0495                     SMT1PR          equ	1173	;# 
  1442     0495                     SMT1PRL         equ	1173	;# 
  1443     0496                     SMT1PRH         equ	1174	;# 
  1444     0497                     SMT1PRU         equ	1175	;# 
  1445     0498                     SMT1CON0        equ	1176	;# 
  1446     0499                     SMT1CON1        equ	1177	;# 
  1447     049A                     SMT1STAT        equ	1178	;# 
  1448     049B                     SMT1CLK         equ	1179	;# 
  1449     049C                     SMT1SIG         equ	1180	;# 
  1450     049D                     SMT1WIN         equ	1181	;# 
  1451     050C                     SMT2TMR         equ	1292	;# 
  1452     050C                     SMT2TMRL        equ	1292	;# 
  1453     050D                     SMT2TMRH        equ	1293	;# 
  1454     050E                     SMT2TMRU        equ	1294	;# 
  1455     050F                     SMT2CPR         equ	1295	;# 
  1456     050F                     SMT2CPRL        equ	1295	;# 
  1457     0510                     SMT2CPRH        equ	1296	;# 
  1458     0511                     SMT2CPRU        equ	1297	;# 
  1459     0512                     SMT2CPW         equ	1298	;# 
  1460     0512                     SMT2CPWL        equ	1298	;# 
  1461     0513                     SMT2CPWH        equ	1299	;# 
  1462     0514                     SMT2CPWU        equ	1300	;# 
  1463     0515                     SMT2PR          equ	1301	;# 
  1464     0515                     SMT2PRL         equ	1301	;# 
  1465     0516                     SMT2PRH         equ	1302	;# 
  1466     0517                     SMT2PRU         equ	1303	;# 
  1467     0518                     SMT2CON0        equ	1304	;# 
  1468     0519                     SMT2CON1        equ	1305	;# 
  1469     051A                     SMT2STAT        equ	1306	;# 
  1470     051B                     SMT2CLK         equ	1307	;# 
  1471     051C                     SMT2SIG         equ	1308	;# 
  1472     051D                     SMT2WIN         equ	1309	;# 
  1473     058C                     NCO1ACC         equ	1420	;# 
  1474     058C                     NCO1ACCL        equ	1420	;# 
  1475     058D                     NCO1ACCH        equ	1421	;# 
  1476     058E                     NCO1ACCU        equ	1422	;# 
  1477     058F                     NCO1INC         equ	1423	;# 
  1478     058F                     NCO1INCL        equ	1423	;# 
  1479     0590                     NCO1INCH        equ	1424	;# 
  1480     0591                     NCO1INCU        equ	1425	;# 
  1481     0592                     NCO1CON         equ	1426	;# 
  1482     0593                     NCO1CLK         equ	1427	;# 
  1483     060C                     CWG1CLKCON      equ	1548	;# 
  1484     060D                     CWG1ISM         equ	1549	;# 
  1485     060E                     CWG1DBR         equ	1550	;# 
  1486     060F                     CWG1DBF         equ	1551	;# 
  1487     0610                     CWG1CON0        equ	1552	;# 
  1488     0611                     CWG1CON1        equ	1553	;# 
  1489     0612                     CWG1AS0         equ	1554	;# 
  1490     0613                     CWG1AS1         equ	1555	;# 
  1491     0614                     CWG1STR         equ	1556	;# 
  1492     0616                     CWG2CLKCON      equ	1558	;# 
  1493     0617                     CWG2ISM         equ	1559	;# 
  1494     0618                     CWG2DBR         equ	1560	;# 
  1495     0619                     CWG2DBF         equ	1561	;# 
  1496     061A                     CWG2CON0        equ	1562	;# 
  1497     061B                     CWG2CON1        equ	1563	;# 
  1498     061C                     CWG2AS0         equ	1564	;# 
  1499     061D                     CWG2AS1         equ	1565	;# 
  1500     061E                     CWG2STR         equ	1566	;# 
  1501     068C                     CWG3CLKCON      equ	1676	;# 
  1502     068D                     CWG3ISM         equ	1677	;# 
  1503     068E                     CWG3DBR         equ	1678	;# 
  1504     068F                     CWG3DBF         equ	1679	;# 
  1505     0690                     CWG3CON0        equ	1680	;# 
  1506     0691                     CWG3CON1        equ	1681	;# 
  1507     0692                     CWG3AS0         equ	1682	;# 
  1508     0693                     CWG3AS1         equ	1683	;# 
  1509     0694                     CWG3STR         equ	1684	;# 
  1510     070C                     PIR0            equ	1804	;# 
  1511     070D                     PIR1            equ	1805	;# 
  1512     070E                     PIR2            equ	1806	;# 
  1513     070F                     PIR3            equ	1807	;# 
  1514     0710                     PIR4            equ	1808	;# 
  1515     0711                     PIR5            equ	1809	;# 
  1516     0712                     PIR6            equ	1810	;# 
  1517     0713                     PIR7            equ	1811	;# 
  1518     0714                     PIR8            equ	1812	;# 
  1519     0716                     PIE0            equ	1814	;# 
  1520     0717                     PIE1            equ	1815	;# 
  1521     0718                     PIE2            equ	1816	;# 
  1522     0719                     PIE3            equ	1817	;# 
  1523     071A                     PIE4            equ	1818	;# 
  1524     071B                     PIE5            equ	1819	;# 
  1525     071C                     PIE6            equ	1820	;# 
  1526     071D                     PIE7            equ	1821	;# 
  1527     071E                     PIE8            equ	1822	;# 
  1528     0796                     PMD0            equ	1942	;# 
  1529     0797                     PMD1            equ	1943	;# 
  1530     0798                     PMD2            equ	1944	;# 
  1531     0799                     PMD3            equ	1945	;# 
  1532     079A                     PMD4            equ	1946	;# 
  1533     079B                     PMD5            equ	1947	;# 
  1534     080C                     WDTCON0         equ	2060	;# 
  1535     080D                     WDTCON1         equ	2061	;# 
  1536     080E                     WDTPSL          equ	2062	;# 
  1537     080F                     WDTPSH          equ	2063	;# 
  1538     0810                     WDTTMR          equ	2064	;# 
  1539     0811                     BORCON          equ	2065	;# 
  1540     0812                     VREGCON         equ	2066	;# 
  1541     0813                     PCON0           equ	2067	;# 
  1542     0814                     CCDCON          equ	2068	;# 
  1543     081A                     NVMADRL         equ	2074	;# 
  1544     081B                     NVMADRH         equ	2075	;# 
  1545     081C                     NVMDATL         equ	2076	;# 
  1546     081D                     NVMDATH         equ	2077	;# 
  1547     081E                     NVMCON1         equ	2078	;# 
  1548     081F                     NVMCON2         equ	2079	;# 
  1549     088C                     CPUDOZE         equ	2188	;# 
  1550     088D                     OSCCON1         equ	2189	;# 
  1551     088E                     OSCCON2         equ	2190	;# 
  1552     088F                     OSCCON3         equ	2191	;# 
  1553     0890                     OSCSTAT         equ	2192	;# 
  1554     0891                     OSCEN           equ	2193	;# 
  1555     0892                     OSCTUNE         equ	2194	;# 
  1556     0893                     OSCFRQ          equ	2195	;# 
  1557     0895                     CLKRCON         equ	2197	;# 
  1558     0896                     CLKRCLK         equ	2198	;# 
  1559     0897                     MDCON0          equ	2199	;# 
  1560     0898                     MDCON1          equ	2200	;# 
  1561     0899                     MDSRC           equ	2201	;# 
  1562     089A                     MDCARL          equ	2202	;# 
  1563     089B                     MDCARH          equ	2203	;# 
  1564     090C                     FVRCON          equ	2316	;# 
  1565     090E                     DAC1CON0        equ	2318	;# 
  1566     090F                     DAC1CON1        equ	2319	;# 
  1567     091F                     ZCD1CON         equ	2335	;# 
  1568     091F                     ZCDCON          equ	2335	;# 
  1569     098F                     CMOUT           equ	2447	;# 
  1570     098F                     CMSTAT          equ	2447	;# 
  1571     0990                     CM1CON0         equ	2448	;# 
  1572     0991                     CM1CON1         equ	2449	;# 
  1573     0992                     CM1NSEL         equ	2450	;# 
  1574     0993                     CM1PSEL         equ	2451	;# 
  1575     0994                     CM2CON0         equ	2452	;# 
  1576     0995                     CM2CON1         equ	2453	;# 
  1577     0996                     CM2NSEL         equ	2454	;# 
  1578     0997                     CM2PSEL         equ	2455	;# 
  1579     0E0F                     CLCDATA         equ	3599	;# 
  1580     0E10                     CLC1CON         equ	3600	;# 
  1581     0E11                     CLC1POL         equ	3601	;# 
  1582     0E12                     CLC1SEL0        equ	3602	;# 
  1583     0E13                     CLC1SEL1        equ	3603	;# 
  1584     0E14                     CLC1SEL2        equ	3604	;# 
  1585     0E15                     CLC1SEL3        equ	3605	;# 
  1586     0E16                     CLC1GLS0        equ	3606	;# 
  1587     0E17                     CLC1GLS1        equ	3607	;# 
  1588     0E18                     CLC1GLS2        equ	3608	;# 
  1589     0E19                     CLC1GLS3        equ	3609	;# 
  1590     0E1A                     CLC2CON         equ	3610	;# 
  1591     0E1B                     CLC2POL         equ	3611	;# 
  1592     0E1C                     CLC2SEL0        equ	3612	;# 
  1593     0E1D                     CLC2SEL1        equ	3613	;# 
  1594     0E1E                     CLC2SEL2        equ	3614	;# 
  1595     0E1F                     CLC2SEL3        equ	3615	;# 
  1596     0E20                     CLC2GLS0        equ	3616	;# 
  1597     0E21                     CLC2GLS1        equ	3617	;# 
  1598     0E22                     CLC2GLS2        equ	3618	;# 
  1599     0E23                     CLC2GLS3        equ	3619	;# 
  1600     0E24                     CLC3CON         equ	3620	;# 
  1601     0E25                     CLC3POL         equ	3621	;# 
  1602     0E26                     CLC3SEL0        equ	3622	;# 
  1603     0E27                     CLC3SEL1        equ	3623	;# 
  1604     0E28                     CLC3SEL2        equ	3624	;# 
  1605     0E29                     CLC3SEL3        equ	3625	;# 
  1606     0E2A                     CLC3GLS0        equ	3626	;# 
  1607     0E2B                     CLC3GLS1        equ	3627	;# 
  1608     0E2C                     CLC3GLS2        equ	3628	;# 
  1609     0E2D                     CLC3GLS3        equ	3629	;# 
  1610     0E2E                     CLC4CON         equ	3630	;# 
  1611     0E2F                     CLC4POL         equ	3631	;# 
  1612     0E30                     CLC4SEL0        equ	3632	;# 
  1613     0E31                     CLC4SEL1        equ	3633	;# 
  1614     0E32                     CLC4SEL2        equ	3634	;# 
  1615     0E33                     CLC4SEL3        equ	3635	;# 
  1616     0E34                     CLC4GLS0        equ	3636	;# 
  1617     0E35                     CLC4GLS1        equ	3637	;# 
  1618     0E36                     CLC4GLS2        equ	3638	;# 
  1619     0E37                     CLC4GLS3        equ	3639	;# 
  1620     0E8F                     PPSLOCK         equ	3727	;# 
  1621     0E90                     INTPPS          equ	3728	;# 
  1622     0E91                     T0CKIPPS        equ	3729	;# 
  1623     0E92                     T1CKIPPS        equ	3730	;# 
  1624     0E93                     T1GPPS          equ	3731	;# 
  1625     0E94                     T3CKIPPS        equ	3732	;# 
  1626     0E95                     T3GPPS          equ	3733	;# 
  1627     0E96                     T5CKIPPS        equ	3734	;# 
  1628     0E97                     T5GPPS          equ	3735	;# 
  1629     0E9C                     T2AINPPS        equ	3740	;# 
  1630     0E9D                     T4AINPPS        equ	3741	;# 
  1631     0E9E                     T6AINPPS        equ	3742	;# 
  1632     0EA1                     CCP1PPS         equ	3745	;# 
  1633     0EA2                     CCP2PPS         equ	3746	;# 
  1634     0EA3                     CCP3PPS         equ	3747	;# 
  1635     0EA4                     CCP4PPS         equ	3748	;# 
  1636     0EA5                     CCP5PPS         equ	3749	;# 
  1637     0EA9                     SMT1WINPPS      equ	3753	;# 
  1638     0EAA                     SMT1SIGPPS      equ	3754	;# 
  1639     0EAB                     SMT2WINPPS      equ	3755	;# 
  1640     0EAC                     SMT2SIGPPS      equ	3756	;# 
  1641     0EB1                     CWG1PPS         equ	3761	;# 
  1642     0EB2                     CWG2PPS         equ	3762	;# 
  1643     0EB3                     CWG3PPS         equ	3763	;# 
  1644     0EB8                     MDCARLPPS       equ	3768	;# 
  1645     0EB9                     MDCARHPPS       equ	3769	;# 
  1646     0EBA                     MDSRCPPS        equ	3770	;# 
  1647     0EBB                     CLCIN0PPS       equ	3771	;# 
  1648     0EBC                     CLCIN1PPS       equ	3772	;# 
  1649     0EBD                     CLCIN2PPS       equ	3773	;# 
  1650     0EBE                     CLCIN3PPS       equ	3774	;# 
  1651     0EC3                     ADCACTPPS       equ	3779	;# 
  1652     0EC5                     SSP1CLKPPS      equ	3781	;# 
  1653     0EC6                     SSP1DATPPS      equ	3782	;# 
  1654     0EC7                     SSP1SSPPS       equ	3783	;# 
  1655     0EC8                     SSP2CLKPPS      equ	3784	;# 
  1656     0EC9                     SSP2DATPPS      equ	3785	;# 
  1657     0ECA                     SSP2SSPPS       equ	3786	;# 
  1658     0ECB                     RXPPS           equ	3787	;# 
  1659     0ECC                     TXPPS           equ	3788	;# 
  1660     0F10                     RA0PPS          equ	3856	;# 
  1661     0F11                     RA1PPS          equ	3857	;# 
  1662     0F12                     RA2PPS          equ	3858	;# 
  1663     0F13                     RA3PPS          equ	3859	;# 
  1664     0F14                     RA4PPS          equ	3860	;# 
  1665     0F15                     RA5PPS          equ	3861	;# 
  1666     0F16                     RA6PPS          equ	3862	;# 
  1667     0F17                     RA7PPS          equ	3863	;# 
  1668     0F18                     RB0PPS          equ	3864	;# 
  1669     0F19                     RB1PPS          equ	3865	;# 
  1670     0F1A                     RB2PPS          equ	3866	;# 
  1671     0F1B                     RB3PPS          equ	3867	;# 
  1672     0F1C                     RB4PPS          equ	3868	;# 
  1673     0F1D                     RB5PPS          equ	3869	;# 
  1674     0F1E                     RB6PPS          equ	3870	;# 
  1675     0F1F                     RB7PPS          equ	3871	;# 
  1676     0F20                     RC0PPS          equ	3872	;# 
  1677     0F21                     RC1PPS          equ	3873	;# 
  1678     0F22                     RC2PPS          equ	3874	;# 
  1679     0F23                     RC3PPS          equ	3875	;# 
  1680     0F24                     RC4PPS          equ	3876	;# 
  1681     0F25                     RC5PPS          equ	3877	;# 
  1682     0F26                     RC6PPS          equ	3878	;# 
  1683     0F27                     RC7PPS          equ	3879	;# 
  1684     0F28                     RD0PPS          equ	3880	;# 
  1685     0F29                     RD1PPS          equ	3881	;# 
  1686     0F2A                     RD2PPS          equ	3882	;# 
  1687     0F2B                     RD3PPS          equ	3883	;# 
  1688     0F2C                     RD4PPS          equ	3884	;# 
  1689     0F2D                     RD5PPS          equ	3885	;# 
  1690     0F2E                     RD6PPS          equ	3886	;# 
  1691     0F2F                     RD7PPS          equ	3887	;# 
  1692     0F30                     RE0PPS          equ	3888	;# 
  1693     0F31                     RE1PPS          equ	3889	;# 
  1694     0F32                     RE2PPS          equ	3890	;# 
  1695     0F38                     ANSELA          equ	3896	;# 
  1696     0F39                     WPUA            equ	3897	;# 
  1697     0F3A                     ODCONA          equ	3898	;# 
  1698     0F3B                     SLRCONA         equ	3899	;# 
  1699     0F3C                     INLVLA          equ	3900	;# 
  1700     0F3D                     IOCAP           equ	3901	;# 
  1701     0F3E                     IOCAN           equ	3902	;# 
  1702     0F3F                     IOCAF           equ	3903	;# 
  1703     0F40                     CCDNA           equ	3904	;# 
  1704     0F41                     CCDPA           equ	3905	;# 
  1705     0F43                     ANSELB          equ	3907	;# 
  1706     0F44                     WPUB            equ	3908	;# 
  1707     0F45                     ODCONB          equ	3909	;# 
  1708     0F46                     SLRCONB         equ	3910	;# 
  1709     0F47                     INLVLB          equ	3911	;# 
  1710     0F48                     IOCBP           equ	3912	;# 
  1711     0F49                     IOCBN           equ	3913	;# 
  1712     0F4A                     IOCBF           equ	3914	;# 
  1713     0F4B                     CCDNB           equ	3915	;# 
  1714     0F4C                     CCDPB           equ	3916	;# 
  1715     0F4E                     ANSELC          equ	3918	;# 
  1716     0F4F                     WPUC            equ	3919	;# 
  1717     0F50                     ODCONC          equ	3920	;# 
  1718     0F51                     SLRCONC         equ	3921	;# 
  1719     0F52                     INLVLC          equ	3922	;# 
  1720     0F53                     IOCCP           equ	3923	;# 
  1721     0F54                     IOCCN           equ	3924	;# 
  1722     0F55                     IOCCF           equ	3925	;# 
  1723     0F56                     CCDNC           equ	3926	;# 
  1724     0F57                     CCDPC           equ	3927	;# 
  1725     0F59                     ANSELD          equ	3929	;# 
  1726     0F5A                     WPUD            equ	3930	;# 
  1727     0F5B                     ODCOND          equ	3931	;# 
  1728     0F5C                     SLRCOND         equ	3932	;# 
  1729     0F5D                     INLVLD          equ	3933	;# 
  1730     0F61                     CCDND           equ	3937	;# 
  1731     0F62                     CCDPD           equ	3938	;# 
  1732     0F64                     ANSELE          equ	3940	;# 
  1733     0F65                     WPUE            equ	3941	;# 
  1734     0F66                     ODCONE          equ	3942	;# 
  1735     0F67                     SLRCONE         equ	3943	;# 
  1736     0F68                     INLVLE          equ	3944	;# 
  1737     0F69                     IOCEP           equ	3945	;# 
  1738     0F6A                     IOCEN           equ	3946	;# 
  1739     0F6B                     IOCEF           equ	3947	;# 
  1740     0F6C                     CCDNE           equ	3948	;# 
  1741     0F6D                     CCDPE           equ	3949	;# 
  1742     0FE4                     STATUS_SHAD     equ	4068	;# 
  1743     0FE5                     WREG_SHAD       equ	4069	;# 
  1744     0FE6                     BSR_SHAD        equ	4070	;# 
  1745     0FE7                     PCLATH_SHAD     equ	4071	;# 
  1746     0FE8                     FSR0L_SHAD      equ	4072	;# 
  1747     0FE9                     FSR0H_SHAD      equ	4073	;# 
  1748     0FEA                     FSR1L_SHAD      equ	4074	;# 
  1749     0FEB                     FSR1H_SHAD      equ	4075	;# 
  1750     0FED                     STKPTR          equ	4077	;# 
  1751     0FEE                     TOSL            equ	4078	;# 
  1752     0FEF                     TOSH            equ	4079	;# 
  1753     0000                     INDF0           equ	0	;# 
  1754     0001                     INDF1           equ	1	;# 
  1755     0002                     PCL             equ	2	;# 
  1756     0003                     STATUS          equ	3	;# 
  1757     0004                     FSR0L           equ	4	;# 
  1758     0005                     FSR0H           equ	5	;# 
  1759     0006                     FSR1L           equ	6	;# 
  1760     0007                     FSR1H           equ	7	;# 
  1761     0008                     BSR             equ	8	;# 
  1762     0009                     WREG            equ	9	;# 
  1763     000A                     PCLATH          equ	10	;# 
  1764     000B                     INTCON          equ	11	;# 
  1765     000C                     PORTA           equ	12	;# 
  1766     000D                     PORTB           equ	13	;# 
  1767     000E                     PORTC           equ	14	;# 
  1768     000F                     PORTD           equ	15	;# 
  1769     0010                     PORTE           equ	16	;# 
  1770     0011                     TRISA           equ	17	;# 
  1771     0012                     TRISB           equ	18	;# 
  1772     0013                     TRISC           equ	19	;# 
  1773     0014                     TRISD           equ	20	;# 
  1774     0015                     TRISE           equ	21	;# 
  1775     0016                     LATA            equ	22	;# 
  1776     0017                     LATB            equ	23	;# 
  1777     0018                     LATC            equ	24	;# 
  1778     0019                     LATD            equ	25	;# 
  1779     001A                     LATE            equ	26	;# 
  1780     001C                     TMR0L           equ	28	;# 
  1781     001C                     TMR0            equ	28	;# 
  1782     001D                     TMR0H           equ	29	;# 
  1783     001D                     PR0             equ	29	;# 
  1784     001E                     T0CON0          equ	30	;# 
  1785     001F                     T0CON1          equ	31	;# 
  1786     008C                     ADRES           equ	140	;# 
  1787     008C                     ADRESL          equ	140	;# 
  1788     008D                     ADRESH          equ	141	;# 
  1789     008E                     ADPREV          equ	142	;# 
  1790     008E                     ADPREVL         equ	142	;# 
  1791     008F                     ADPREVH         equ	143	;# 
  1792     0090                     ADACC           equ	144	;# 
  1793     0090                     ADACCL          equ	144	;# 
  1794     0091                     ADACCH          equ	145	;# 
  1795     0093                     ADCON0          equ	147	;# 
  1796     0094                     ADCON1          equ	148	;# 
  1797     0095                     ADCON2          equ	149	;# 
  1798     0096                     ADCON3          equ	150	;# 
  1799     0097                     ADSTAT          equ	151	;# 
  1800     0098                     ADCLK           equ	152	;# 
  1801     0099                     ADACT           equ	153	;# 
  1802     009A                     ADREF           equ	154	;# 
  1803     009B                     ADCAP           equ	155	;# 
  1804     009C                     ADPRE           equ	156	;# 
  1805     009D                     ADACQ           equ	157	;# 
  1806     009E                     ADPCH           equ	158	;# 
  1807     010C                     ADCNT           equ	268	;# 
  1808     010D                     ADRPT           equ	269	;# 
  1809     010E                     ADLTH           equ	270	;# 
  1810     010E                     ADLTHL          equ	270	;# 
  1811     010F                     ADLTHH          equ	271	;# 
  1812     0110                     ADUTH           equ	272	;# 
  1813     0110                     ADUTHL          equ	272	;# 
  1814     0111                     ADUTHH          equ	273	;# 
  1815     0112                     ADSTPT          equ	274	;# 
  1816     0112                     ADSTPTL         equ	274	;# 
  1817     0113                     ADSTPTH         equ	275	;# 
  1818     0114                     ADFLTR          equ	276	;# 
  1819     0114                     ADFLTRL         equ	276	;# 
  1820     0115                     ADFLTRH         equ	277	;# 
  1821     0116                     ADERR           equ	278	;# 
  1822     0116                     ADERRL          equ	278	;# 
  1823     0117                     ADERRH          equ	279	;# 
  1824     0119                     RC1REG          equ	281	;# 
  1825     0119                     RCREG           equ	281	;# 
  1826     0119                     RCREG1          equ	281	;# 
  1827     011A                     TX1REG          equ	282	;# 
  1828     011A                     TXREG1          equ	282	;# 
  1829     011A                     TXREG           equ	282	;# 
  1830     011B                     SP1BRG          equ	283	;# 
  1831     011B                     SPBRG           equ	283	;# 
  1832     011B                     SP1BRGL         equ	283	;# 
  1833     011B                     SPBRG1          equ	283	;# 
  1834     011B                     SPBRGL          equ	283	;# 
  1835     011C                     SP1BRGH         equ	284	;# 
  1836     011C                     SPBRGH          equ	284	;# 
  1837     011C                     SPBRGH1         equ	284	;# 
  1838     011D                     RC1STA          equ	285	;# 
  1839     011D                     RCSTA1          equ	285	;# 
  1840     011D                     RCSTA           equ	285	;# 
  1841     011E                     TX1STA          equ	286	;# 
  1842     011E                     TXSTA1          equ	286	;# 
  1843     011E                     TXSTA           equ	286	;# 
  1844     011F                     BAUD1CON        equ	287	;# 
  1845     011F                     BAUDCON1        equ	287	;# 
  1846     011F                     BAUDCTL1        equ	287	;# 
  1847     011F                     BAUDCON         equ	287	;# 
  1848     011F                     BAUDCTL         equ	287	;# 
  1849     018C                     SSP1BUF         equ	396	;# 
  1850     018D                     SSP1ADD         equ	397	;# 
  1851     018E                     SSP1MSK         equ	398	;# 
  1852     018F                     SSP1STAT        equ	399	;# 
  1853     0190                     SSP1CON1        equ	400	;# 
  1854     0191                     SSP1CON2        equ	401	;# 
  1855     0192                     SSP1CON3        equ	402	;# 
  1856     0196                     SSP2BUF         equ	406	;# 
  1857     0197                     SSP2ADD         equ	407	;# 
  1858     0198                     SSP2MSK         equ	408	;# 
  1859     0199                     SSP2STAT        equ	409	;# 
  1860     019A                     SSP2CON1        equ	410	;# 
  1861     019B                     SSP2CON2        equ	411	;# 
  1862     019C                     SSP2CON3        equ	412	;# 
  1863     020C                     TMR1            equ	524	;# 
  1864     020C                     TMR1L           equ	524	;# 
  1865     020D                     TMR1H           equ	525	;# 
  1866     020E                     T1CON           equ	526	;# 
  1867     020F                     T1GCON          equ	527	;# 
  1868     020F                     PR1             equ	527	;# 
  1869     0210                     T1GATE          equ	528	;# 
  1870     0210                     TMR1GATE        equ	528	;# 
  1871     0211                     T1CLK           equ	529	;# 
  1872     0211                     TMR1CLK         equ	529	;# 
  1873     0212                     TMR3            equ	530	;# 
  1874     0212                     TMR3L           equ	530	;# 
  1875     0213                     TMR3H           equ	531	;# 
  1876     0214                     T3CON           equ	532	;# 
  1877     0215                     T3GCON          equ	533	;# 
  1878     0215                     PR3             equ	533	;# 
  1879     0216                     T3GATE          equ	534	;# 
  1880     0216                     TMR3GATE        equ	534	;# 
  1881     0217                     T3CLK           equ	535	;# 
  1882     0217                     TMR3CLK         equ	535	;# 
  1883     0218                     TMR5            equ	536	;# 
  1884     0218                     TMR5L           equ	536	;# 
  1885     0219                     TMR5H           equ	537	;# 
  1886     021A                     T5CON           equ	538	;# 
  1887     021B                     T5GCON          equ	539	;# 
  1888     021B                     PR5             equ	539	;# 
  1889     021C                     T5GATE          equ	540	;# 
  1890     021C                     TMR5GATE        equ	540	;# 
  1891     021D                     T5CLK           equ	541	;# 
  1892     021D                     TMR5CLK         equ	541	;# 
  1893     021E                     CCPTMRS0        equ	542	;# 
  1894     021F                     CCPTMRS1        equ	543	;# 
  1895     028C                     T2TMR           equ	652	;# 
  1896     028C                     TMR2            equ	652	;# 
  1897     028D                     T2PR            equ	653	;# 
  1898     028D                     PR2             equ	653	;# 
  1899     028E                     T2CON           equ	654	;# 
  1900     028F                     T2HLT           equ	655	;# 
  1901     0290                     T2CLKCON        equ	656	;# 
  1902     0290                     T2CLK           equ	656	;# 
  1903     0291                     T2RST           equ	657	;# 
  1904     0292                     T4TMR           equ	658	;# 
  1905     0292                     TMR4            equ	658	;# 
  1906     0293                     T4PR            equ	659	;# 
  1907     0293                     PR4             equ	659	;# 
  1908     0294                     T4CON           equ	660	;# 
  1909     0295                     T4HLT           equ	661	;# 
  1910     0296                     T4CLKCON        equ	662	;# 
  1911     0296                     T4CLK           equ	662	;# 
  1912     0297                     T4RST           equ	663	;# 
  1913     0298                     T6TMR           equ	664	;# 
  1914     0298                     TMR6            equ	664	;# 
  1915     0299                     T6PR            equ	665	;# 
  1916     0299                     PR6             equ	665	;# 
  1917     029A                     T6CON           equ	666	;# 
  1918     029B                     T6HLT           equ	667	;# 
  1919     029C                     T6CLKCON        equ	668	;# 
  1920     029C                     T6CLK           equ	668	;# 
  1921     029D                     T6RST           equ	669	;# 
  1922     030C                     CCPR1           equ	780	;# 
  1923     030C                     CCPR1L          equ	780	;# 
  1924     030D                     CCPR1H          equ	781	;# 
  1925     030E                     CCP1CON         equ	782	;# 
  1926     030F                     CCP1CAP         equ	783	;# 
  1927     0310                     CCPR2           equ	784	;# 
  1928     0310                     CCPR2L          equ	784	;# 
  1929     0311                     CCPR2H          equ	785	;# 
  1930     0312                     CCP2CON         equ	786	;# 
  1931     0313                     CCP2CAP         equ	787	;# 
  1932     0314                     CCPR3           equ	788	;# 
  1933     0314                     CCPR3L          equ	788	;# 
  1934     0315                     CCPR3H          equ	789	;# 
  1935     0316                     CCP3CON         equ	790	;# 
  1936     0317                     CCP3CAP         equ	791	;# 
  1937     0318                     CCPR4           equ	792	;# 
  1938     0318                     CCPR4L          equ	792	;# 
  1939     0319                     CCPR4H          equ	793	;# 
  1940     031A                     CCP4CON         equ	794	;# 
  1941     031B                     CCP4CAP         equ	795	;# 
  1942     031C                     CCPR5           equ	796	;# 
  1943     031C                     CCPR5L          equ	796	;# 
  1944     031D                     CCPR5H          equ	797	;# 
  1945     031E                     CCP5CON         equ	798	;# 
  1946     031F                     CCP5CAP         equ	799	;# 
  1947     038C                     PWM6DC          equ	908	;# 
  1948     038C                     PWM6DCL         equ	908	;# 
  1949     038D                     PWM6DCH         equ	909	;# 
  1950     038E                     PWM6CON         equ	910	;# 
  1951     0390                     PWM7DC          equ	912	;# 
  1952     0390                     PWM7DCL         equ	912	;# 
  1953     0391                     PWM7DCH         equ	913	;# 
  1954     0392                     PWM7CON         equ	914	;# 
  1955     040C                     SCANLADRL       equ	1036	;# 
  1956     040D                     SCANLADRH       equ	1037	;# 
  1957     040E                     SCANHADRL       equ	1038	;# 
  1958     040F                     SCANHADRH       equ	1039	;# 
  1959     0410                     SCANCON0        equ	1040	;# 
  1960     0411                     SCANTRIG        equ	1041	;# 
  1961     0416                     CRCDATA         equ	1046	;# 
  1962     0416                     CRCDATL         equ	1046	;# 
  1963     0417                     CRCDATH         equ	1047	;# 
  1964     0418                     CRCACC          equ	1048	;# 
  1965     0418                     CRCACCL         equ	1048	;# 
  1966     0419                     CRCACCH         equ	1049	;# 
  1967     041A                     CRCSHFT         equ	1050	;# 
  1968     041A                     CRCSHIFTL       equ	1050	;# 
  1969     041B                     CRCSHIFTH       equ	1051	;# 
  1970     041C                     CRCXOR          equ	1052	;# 
  1971     041C                     CRCXORL         equ	1052	;# 
  1972     041D                     CRCXORH         equ	1053	;# 
  1973     041E                     CRCCON0         equ	1054	;# 
  1974     041F                     CRCCON1         equ	1055	;# 
  1975     048C                     SMT1TMR         equ	1164	;# 
  1976     048C                     SMT1TMRL        equ	1164	;# 
  1977     048D                     SMT1TMRH        equ	1165	;# 
  1978     048E                     SMT1TMRU        equ	1166	;# 
  1979     048F                     SMT1CPR         equ	1167	;# 
  1980     048F                     SMT1CPRL        equ	1167	;# 
  1981     0490                     SMT1CPRH        equ	1168	;# 
  1982     0491                     SMT1CPRU        equ	1169	;# 
  1983     0492                     SMT1CPW         equ	1170	;# 
  1984     0492                     SMT1CPWL        equ	1170	;# 
  1985     0493                     SMT1CPWH        equ	1171	;# 
  1986     0494                     SMT1CPWU        equ	1172	;# 
  1987     0495                     SMT1PR          equ	1173	;# 
  1988     0495                     SMT1PRL         equ	1173	;# 
  1989     0496                     SMT1PRH         equ	1174	;# 
  1990     0497                     SMT1PRU         equ	1175	;# 
  1991     0498                     SMT1CON0        equ	1176	;# 
  1992     0499                     SMT1CON1        equ	1177	;# 
  1993     049A                     SMT1STAT        equ	1178	;# 
  1994     049B                     SMT1CLK         equ	1179	;# 
  1995     049C                     SMT1SIG         equ	1180	;# 
  1996     049D                     SMT1WIN         equ	1181	;# 
  1997     050C                     SMT2TMR         equ	1292	;# 
  1998     050C                     SMT2TMRL        equ	1292	;# 
  1999     050D                     SMT2TMRH        equ	1293	;# 
  2000     050E                     SMT2TMRU        equ	1294	;# 
  2001     050F                     SMT2CPR         equ	1295	;# 
  2002     050F                     SMT2CPRL        equ	1295	;# 
  2003     0510                     SMT2CPRH        equ	1296	;# 
  2004     0511                     SMT2CPRU        equ	1297	;# 
  2005     0512                     SMT2CPW         equ	1298	;# 
  2006     0512                     SMT2CPWL        equ	1298	;# 
  2007     0513                     SMT2CPWH        equ	1299	;# 
  2008     0514                     SMT2CPWU        equ	1300	;# 
  2009     0515                     SMT2PR          equ	1301	;# 
  2010     0515                     SMT2PRL         equ	1301	;# 
  2011     0516                     SMT2PRH         equ	1302	;# 
  2012     0517                     SMT2PRU         equ	1303	;# 
  2013     0518                     SMT2CON0        equ	1304	;# 
  2014     0519                     SMT2CON1        equ	1305	;# 
  2015     051A                     SMT2STAT        equ	1306	;# 
  2016     051B                     SMT2CLK         equ	1307	;# 
  2017     051C                     SMT2SIG         equ	1308	;# 
  2018     051D                     SMT2WIN         equ	1309	;# 
  2019     058C                     NCO1ACC         equ	1420	;# 
  2020     058C                     NCO1ACCL        equ	1420	;# 
  2021     058D                     NCO1ACCH        equ	1421	;# 
  2022     058E                     NCO1ACCU        equ	1422	;# 
  2023     058F                     NCO1INC         equ	1423	;# 
  2024     058F                     NCO1INCL        equ	1423	;# 
  2025     0590                     NCO1INCH        equ	1424	;# 
  2026     0591                     NCO1INCU        equ	1425	;# 
  2027     0592                     NCO1CON         equ	1426	;# 
  2028     0593                     NCO1CLK         equ	1427	;# 
  2029     060C                     CWG1CLKCON      equ	1548	;# 
  2030     060D                     CWG1ISM         equ	1549	;# 
  2031     060E                     CWG1DBR         equ	1550	;# 
  2032     060F                     CWG1DBF         equ	1551	;# 
  2033     0610                     CWG1CON0        equ	1552	;# 
  2034     0611                     CWG1CON1        equ	1553	;# 
  2035     0612                     CWG1AS0         equ	1554	;# 
  2036     0613                     CWG1AS1         equ	1555	;# 
  2037     0614                     CWG1STR         equ	1556	;# 
  2038     0616                     CWG2CLKCON      equ	1558	;# 
  2039     0617                     CWG2ISM         equ	1559	;# 
  2040     0618                     CWG2DBR         equ	1560	;# 
  2041     0619                     CWG2DBF         equ	1561	;# 
  2042     061A                     CWG2CON0        equ	1562	;# 
  2043     061B                     CWG2CON1        equ	1563	;# 
  2044     061C                     CWG2AS0         equ	1564	;# 
  2045     061D                     CWG2AS1         equ	1565	;# 
  2046     061E                     CWG2STR         equ	1566	;# 
  2047     068C                     CWG3CLKCON      equ	1676	;# 
  2048     068D                     CWG3ISM         equ	1677	;# 
  2049     068E                     CWG3DBR         equ	1678	;# 
  2050     068F                     CWG3DBF         equ	1679	;# 
  2051     0690                     CWG3CON0        equ	1680	;# 
  2052     0691                     CWG3CON1        equ	1681	;# 
  2053     0692                     CWG3AS0         equ	1682	;# 
  2054     0693                     CWG3AS1         equ	1683	;# 
  2055     0694                     CWG3STR         equ	1684	;# 
  2056     070C                     PIR0            equ	1804	;# 
  2057     070D                     PIR1            equ	1805	;# 
  2058     070E                     PIR2            equ	1806	;# 
  2059     070F                     PIR3            equ	1807	;# 
  2060     0710                     PIR4            equ	1808	;# 
  2061     0711                     PIR5            equ	1809	;# 
  2062     0712                     PIR6            equ	1810	;# 
  2063     0713                     PIR7            equ	1811	;# 
  2064     0714                     PIR8            equ	1812	;# 
  2065     0716                     PIE0            equ	1814	;# 
  2066     0717                     PIE1            equ	1815	;# 
  2067     0718                     PIE2            equ	1816	;# 
  2068     0719                     PIE3            equ	1817	;# 
  2069     071A                     PIE4            equ	1818	;# 
  2070     071B                     PIE5            equ	1819	;# 
  2071     071C                     PIE6            equ	1820	;# 
  2072     071D                     PIE7            equ	1821	;# 
  2073     071E                     PIE8            equ	1822	;# 
  2074     0796                     PMD0            equ	1942	;# 
  2075     0797                     PMD1            equ	1943	;# 
  2076     0798                     PMD2            equ	1944	;# 
  2077     0799                     PMD3            equ	1945	;# 
  2078     079A                     PMD4            equ	1946	;# 
  2079     079B                     PMD5            equ	1947	;# 
  2080     080C                     WDTCON0         equ	2060	;# 
  2081     080D                     WDTCON1         equ	2061	;# 
  2082     080E                     WDTPSL          equ	2062	;# 
  2083     080F                     WDTPSH          equ	2063	;# 
  2084     0810                     WDTTMR          equ	2064	;# 
  2085     0811                     BORCON          equ	2065	;# 
  2086     0812                     VREGCON         equ	2066	;# 
  2087     0813                     PCON0           equ	2067	;# 
  2088     0814                     CCDCON          equ	2068	;# 
  2089     081A                     NVMADRL         equ	2074	;# 
  2090     081B                     NVMADRH         equ	2075	;# 
  2091     081C                     NVMDATL         equ	2076	;# 
  2092     081D                     NVMDATH         equ	2077	;# 
  2093     081E                     NVMCON1         equ	2078	;# 
  2094     081F                     NVMCON2         equ	2079	;# 
  2095     088C                     CPUDOZE         equ	2188	;# 
  2096     088D                     OSCCON1         equ	2189	;# 
  2097     088E                     OSCCON2         equ	2190	;# 
  2098     088F                     OSCCON3         equ	2191	;# 
  2099     0890                     OSCSTAT         equ	2192	;# 
  2100     0891                     OSCEN           equ	2193	;# 
  2101     0892                     OSCTUNE         equ	2194	;# 
  2102     0893                     OSCFRQ          equ	2195	;# 
  2103     0895                     CLKRCON         equ	2197	;# 
  2104     0896                     CLKRCLK         equ	2198	;# 
  2105     0897                     MDCON0          equ	2199	;# 
  2106     0898                     MDCON1          equ	2200	;# 
  2107     0899                     MDSRC           equ	2201	;# 
  2108     089A                     MDCARL          equ	2202	;# 
  2109     089B                     MDCARH          equ	2203	;# 
  2110     090C                     FVRCON          equ	2316	;# 
  2111     090E                     DAC1CON0        equ	2318	;# 
  2112     090F                     DAC1CON1        equ	2319	;# 
  2113     091F                     ZCD1CON         equ	2335	;# 
  2114     091F                     ZCDCON          equ	2335	;# 
  2115     098F                     CMOUT           equ	2447	;# 
  2116     098F                     CMSTAT          equ	2447	;# 
  2117     0990                     CM1CON0         equ	2448	;# 
  2118     0991                     CM1CON1         equ	2449	;# 
  2119     0992                     CM1NSEL         equ	2450	;# 
  2120     0993                     CM1PSEL         equ	2451	;# 
  2121     0994                     CM2CON0         equ	2452	;# 
  2122     0995                     CM2CON1         equ	2453	;# 
  2123     0996                     CM2NSEL         equ	2454	;# 
  2124     0997                     CM2PSEL         equ	2455	;# 
  2125     0E0F                     CLCDATA         equ	3599	;# 
  2126     0E10                     CLC1CON         equ	3600	;# 
  2127     0E11                     CLC1POL         equ	3601	;# 
  2128     0E12                     CLC1SEL0        equ	3602	;# 
  2129     0E13                     CLC1SEL1        equ	3603	;# 
  2130     0E14                     CLC1SEL2        equ	3604	;# 
  2131     0E15                     CLC1SEL3        equ	3605	;# 
  2132     0E16                     CLC1GLS0        equ	3606	;# 
  2133     0E17                     CLC1GLS1        equ	3607	;# 
  2134     0E18                     CLC1GLS2        equ	3608	;# 
  2135     0E19                     CLC1GLS3        equ	3609	;# 
  2136     0E1A                     CLC2CON         equ	3610	;# 
  2137     0E1B                     CLC2POL         equ	3611	;# 
  2138     0E1C                     CLC2SEL0        equ	3612	;# 
  2139     0E1D                     CLC2SEL1        equ	3613	;# 
  2140     0E1E                     CLC2SEL2        equ	3614	;# 
  2141     0E1F                     CLC2SEL3        equ	3615	;# 
  2142     0E20                     CLC2GLS0        equ	3616	;# 
  2143     0E21                     CLC2GLS1        equ	3617	;# 
  2144     0E22                     CLC2GLS2        equ	3618	;# 
  2145     0E23                     CLC2GLS3        equ	3619	;# 
  2146     0E24                     CLC3CON         equ	3620	;# 
  2147     0E25                     CLC3POL         equ	3621	;# 
  2148     0E26                     CLC3SEL0        equ	3622	;# 
  2149     0E27                     CLC3SEL1        equ	3623	;# 
  2150     0E28                     CLC3SEL2        equ	3624	;# 
  2151     0E29                     CLC3SEL3        equ	3625	;# 
  2152     0E2A                     CLC3GLS0        equ	3626	;# 
  2153     0E2B                     CLC3GLS1        equ	3627	;# 
  2154     0E2C                     CLC3GLS2        equ	3628	;# 
  2155     0E2D                     CLC3GLS3        equ	3629	;# 
  2156     0E2E                     CLC4CON         equ	3630	;# 
  2157     0E2F                     CLC4POL         equ	3631	;# 
  2158     0E30                     CLC4SEL0        equ	3632	;# 
  2159     0E31                     CLC4SEL1        equ	3633	;# 
  2160     0E32                     CLC4SEL2        equ	3634	;# 
  2161     0E33                     CLC4SEL3        equ	3635	;# 
  2162     0E34                     CLC4GLS0        equ	3636	;# 
  2163     0E35                     CLC4GLS1        equ	3637	;# 
  2164     0E36                     CLC4GLS2        equ	3638	;# 
  2165     0E37                     CLC4GLS3        equ	3639	;# 
  2166     0E8F                     PPSLOCK         equ	3727	;# 
  2167     0E90                     INTPPS          equ	3728	;# 
  2168     0E91                     T0CKIPPS        equ	3729	;# 
  2169     0E92                     T1CKIPPS        equ	3730	;# 
  2170     0E93                     T1GPPS          equ	3731	;# 
  2171     0E94                     T3CKIPPS        equ	3732	;# 
  2172     0E95                     T3GPPS          equ	3733	;# 
  2173     0E96                     T5CKIPPS        equ	3734	;# 
  2174     0E97                     T5GPPS          equ	3735	;# 
  2175     0E9C                     T2AINPPS        equ	3740	;# 
  2176     0E9D                     T4AINPPS        equ	3741	;# 
  2177     0E9E                     T6AINPPS        equ	3742	;# 
  2178     0EA1                     CCP1PPS         equ	3745	;# 
  2179     0EA2                     CCP2PPS         equ	3746	;# 
  2180     0EA3                     CCP3PPS         equ	3747	;# 
  2181     0EA4                     CCP4PPS         equ	3748	;# 
  2182     0EA5                     CCP5PPS         equ	3749	;# 
  2183     0EA9                     SMT1WINPPS      equ	3753	;# 
  2184     0EAA                     SMT1SIGPPS      equ	3754	;# 
  2185     0EAB                     SMT2WINPPS      equ	3755	;# 
  2186     0EAC                     SMT2SIGPPS      equ	3756	;# 
  2187     0EB1                     CWG1PPS         equ	3761	;# 
  2188     0EB2                     CWG2PPS         equ	3762	;# 
  2189     0EB3                     CWG3PPS         equ	3763	;# 
  2190     0EB8                     MDCARLPPS       equ	3768	;# 
  2191     0EB9                     MDCARHPPS       equ	3769	;# 
  2192     0EBA                     MDSRCPPS        equ	3770	;# 
  2193     0EBB                     CLCIN0PPS       equ	3771	;# 
  2194     0EBC                     CLCIN1PPS       equ	3772	;# 
  2195     0EBD                     CLCIN2PPS       equ	3773	;# 
  2196     0EBE                     CLCIN3PPS       equ	3774	;# 
  2197     0EC3                     ADCACTPPS       equ	3779	;# 
  2198     0EC5                     SSP1CLKPPS      equ	3781	;# 
  2199     0EC6                     SSP1DATPPS      equ	3782	;# 
  2200     0EC7                     SSP1SSPPS       equ	3783	;# 
  2201     0EC8                     SSP2CLKPPS      equ	3784	;# 
  2202     0EC9                     SSP2DATPPS      equ	3785	;# 
  2203     0ECA                     SSP2SSPPS       equ	3786	;# 
  2204     0ECB                     RXPPS           equ	3787	;# 
  2205     0ECC                     TXPPS           equ	3788	;# 
  2206     0F10                     RA0PPS          equ	3856	;# 
  2207     0F11                     RA1PPS          equ	3857	;# 
  2208     0F12                     RA2PPS          equ	3858	;# 
  2209     0F13                     RA3PPS          equ	3859	;# 
  2210     0F14                     RA4PPS          equ	3860	;# 
  2211     0F15                     RA5PPS          equ	3861	;# 
  2212     0F16                     RA6PPS          equ	3862	;# 
  2213     0F17                     RA7PPS          equ	3863	;# 
  2214     0F18                     RB0PPS          equ	3864	;# 
  2215     0F19                     RB1PPS          equ	3865	;# 
  2216     0F1A                     RB2PPS          equ	3866	;# 
  2217     0F1B                     RB3PPS          equ	3867	;# 
  2218     0F1C                     RB4PPS          equ	3868	;# 
  2219     0F1D                     RB5PPS          equ	3869	;# 
  2220     0F1E                     RB6PPS          equ	3870	;# 
  2221     0F1F                     RB7PPS          equ	3871	;# 
  2222     0F20                     RC0PPS          equ	3872	;# 
  2223     0F21                     RC1PPS          equ	3873	;# 
  2224     0F22                     RC2PPS          equ	3874	;# 
  2225     0F23                     RC3PPS          equ	3875	;# 
  2226     0F24                     RC4PPS          equ	3876	;# 
  2227     0F25                     RC5PPS          equ	3877	;# 
  2228     0F26                     RC6PPS          equ	3878	;# 
  2229     0F27                     RC7PPS          equ	3879	;# 
  2230     0F28                     RD0PPS          equ	3880	;# 
  2231     0F29                     RD1PPS          equ	3881	;# 
  2232     0F2A                     RD2PPS          equ	3882	;# 
  2233     0F2B                     RD3PPS          equ	3883	;# 
  2234     0F2C                     RD4PPS          equ	3884	;# 
  2235     0F2D                     RD5PPS          equ	3885	;# 
  2236     0F2E                     RD6PPS          equ	3886	;# 
  2237     0F2F                     RD7PPS          equ	3887	;# 
  2238     0F30                     RE0PPS          equ	3888	;# 
  2239     0F31                     RE1PPS          equ	3889	;# 
  2240     0F32                     RE2PPS          equ	3890	;# 
  2241     0F38                     ANSELA          equ	3896	;# 
  2242     0F39                     WPUA            equ	3897	;# 
  2243     0F3A                     ODCONA          equ	3898	;# 
  2244     0F3B                     SLRCONA         equ	3899	;# 
  2245     0F3C                     INLVLA          equ	3900	;# 
  2246     0F3D                     IOCAP           equ	3901	;# 
  2247     0F3E                     IOCAN           equ	3902	;# 
  2248     0F3F                     IOCAF           equ	3903	;# 
  2249     0F40                     CCDNA           equ	3904	;# 
  2250     0F41                     CCDPA           equ	3905	;# 
  2251     0F43                     ANSELB          equ	3907	;# 
  2252     0F44                     WPUB            equ	3908	;# 
  2253     0F45                     ODCONB          equ	3909	;# 
  2254     0F46                     SLRCONB         equ	3910	;# 
  2255     0F47                     INLVLB          equ	3911	;# 
  2256     0F48                     IOCBP           equ	3912	;# 
  2257     0F49                     IOCBN           equ	3913	;# 
  2258     0F4A                     IOCBF           equ	3914	;# 
  2259     0F4B                     CCDNB           equ	3915	;# 
  2260     0F4C                     CCDPB           equ	3916	;# 
  2261     0F4E                     ANSELC          equ	3918	;# 
  2262     0F4F                     WPUC            equ	3919	;# 
  2263     0F50                     ODCONC          equ	3920	;# 
  2264     0F51                     SLRCONC         equ	3921	;# 
  2265     0F52                     INLVLC          equ	3922	;# 
  2266     0F53                     IOCCP           equ	3923	;# 
  2267     0F54                     IOCCN           equ	3924	;# 
  2268     0F55                     IOCCF           equ	3925	;# 
  2269     0F56                     CCDNC           equ	3926	;# 
  2270     0F57                     CCDPC           equ	3927	;# 
  2271     0F59                     ANSELD          equ	3929	;# 
  2272     0F5A                     WPUD            equ	3930	;# 
  2273     0F5B                     ODCOND          equ	3931	;# 
  2274     0F5C                     SLRCOND         equ	3932	;# 
  2275     0F5D                     INLVLD          equ	3933	;# 
  2276     0F61                     CCDND           equ	3937	;# 
  2277     0F62                     CCDPD           equ	3938	;# 
  2278     0F64                     ANSELE          equ	3940	;# 
  2279     0F65                     WPUE            equ	3941	;# 
  2280     0F66                     ODCONE          equ	3942	;# 
  2281     0F67                     SLRCONE         equ	3943	;# 
  2282     0F68                     INLVLE          equ	3944	;# 
  2283     0F69                     IOCEP           equ	3945	;# 
  2284     0F6A                     IOCEN           equ	3946	;# 
  2285     0F6B                     IOCEF           equ	3947	;# 
  2286     0F6C                     CCDNE           equ	3948	;# 
  2287     0F6D                     CCDPE           equ	3949	;# 
  2288     0FE4                     STATUS_SHAD     equ	4068	;# 
  2289     0FE5                     WREG_SHAD       equ	4069	;# 
  2290     0FE6                     BSR_SHAD        equ	4070	;# 
  2291     0FE7                     PCLATH_SHAD     equ	4071	;# 
  2292     0FE8                     FSR0L_SHAD      equ	4072	;# 
  2293     0FE9                     FSR0H_SHAD      equ	4073	;# 
  2294     0FEA                     FSR1L_SHAD      equ	4074	;# 
  2295     0FEB                     FSR1H_SHAD      equ	4075	;# 
  2296     0FED                     STKPTR          equ	4077	;# 
  2297     0FEE                     TOSL            equ	4078	;# 
  2298     0FEF                     TOSH            equ	4079	;# 
  2299     0000                     INDF0           equ	0	;# 
  2300     0001                     INDF1           equ	1	;# 
  2301     0002                     PCL             equ	2	;# 
  2302     0003                     STATUS          equ	3	;# 
  2303     0004                     FSR0L           equ	4	;# 
  2304     0005                     FSR0H           equ	5	;# 
  2305     0006                     FSR1L           equ	6	;# 
  2306     0007                     FSR1H           equ	7	;# 
  2307     0008                     BSR             equ	8	;# 
  2308     0009                     WREG            equ	9	;# 
  2309     000A                     PCLATH          equ	10	;# 
  2310     000B                     INTCON          equ	11	;# 
  2311     000C                     PORTA           equ	12	;# 
  2312     000D                     PORTB           equ	13	;# 
  2313     000E                     PORTC           equ	14	;# 
  2314     000F                     PORTD           equ	15	;# 
  2315     0010                     PORTE           equ	16	;# 
  2316     0011                     TRISA           equ	17	;# 
  2317     0012                     TRISB           equ	18	;# 
  2318     0013                     TRISC           equ	19	;# 
  2319     0014                     TRISD           equ	20	;# 
  2320     0015                     TRISE           equ	21	;# 
  2321     0016                     LATA            equ	22	;# 
  2322     0017                     LATB            equ	23	;# 
  2323     0018                     LATC            equ	24	;# 
  2324     0019                     LATD            equ	25	;# 
  2325     001A                     LATE            equ	26	;# 
  2326     001C                     TMR0L           equ	28	;# 
  2327     001C                     TMR0            equ	28	;# 
  2328     001D                     TMR0H           equ	29	;# 
  2329     001D                     PR0             equ	29	;# 
  2330     001E                     T0CON0          equ	30	;# 
  2331     001F                     T0CON1          equ	31	;# 
  2332     008C                     ADRES           equ	140	;# 
  2333     008C                     ADRESL          equ	140	;# 
  2334     008D                     ADRESH          equ	141	;# 
  2335     008E                     ADPREV          equ	142	;# 
  2336     008E                     ADPREVL         equ	142	;# 
  2337     008F                     ADPREVH         equ	143	;# 
  2338     0090                     ADACC           equ	144	;# 
  2339     0090                     ADACCL          equ	144	;# 
  2340     0091                     ADACCH          equ	145	;# 
  2341     0093                     ADCON0          equ	147	;# 
  2342     0094                     ADCON1          equ	148	;# 
  2343     0095                     ADCON2          equ	149	;# 
  2344     0096                     ADCON3          equ	150	;# 
  2345     0097                     ADSTAT          equ	151	;# 
  2346     0098                     ADCLK           equ	152	;# 
  2347     0099                     ADACT           equ	153	;# 
  2348     009A                     ADREF           equ	154	;# 
  2349     009B                     ADCAP           equ	155	;# 
  2350     009C                     ADPRE           equ	156	;# 
  2351     009D                     ADACQ           equ	157	;# 
  2352     009E                     ADPCH           equ	158	;# 
  2353     010C                     ADCNT           equ	268	;# 
  2354     010D                     ADRPT           equ	269	;# 
  2355     010E                     ADLTH           equ	270	;# 
  2356     010E                     ADLTHL          equ	270	;# 
  2357     010F                     ADLTHH          equ	271	;# 
  2358     0110                     ADUTH           equ	272	;# 
  2359     0110                     ADUTHL          equ	272	;# 
  2360     0111                     ADUTHH          equ	273	;# 
  2361     0112                     ADSTPT          equ	274	;# 
  2362     0112                     ADSTPTL         equ	274	;# 
  2363     0113                     ADSTPTH         equ	275	;# 
  2364     0114                     ADFLTR          equ	276	;# 
  2365     0114                     ADFLTRL         equ	276	;# 
  2366     0115                     ADFLTRH         equ	277	;# 
  2367     0116                     ADERR           equ	278	;# 
  2368     0116                     ADERRL          equ	278	;# 
  2369     0117                     ADERRH          equ	279	;# 
  2370     0119                     RC1REG          equ	281	;# 
  2371     0119                     RCREG           equ	281	;# 
  2372     0119                     RCREG1          equ	281	;# 
  2373     011A                     TX1REG          equ	282	;# 
  2374     011A                     TXREG1          equ	282	;# 
  2375     011A                     TXREG           equ	282	;# 
  2376     011B                     SP1BRG          equ	283	;# 
  2377     011B                     SPBRG           equ	283	;# 
  2378     011B                     SP1BRGL         equ	283	;# 
  2379     011B                     SPBRG1          equ	283	;# 
  2380     011B                     SPBRGL          equ	283	;# 
  2381     011C                     SP1BRGH         equ	284	;# 
  2382     011C                     SPBRGH          equ	284	;# 
  2383     011C                     SPBRGH1         equ	284	;# 
  2384     011D                     RC1STA          equ	285	;# 
  2385     011D                     RCSTA1          equ	285	;# 
  2386     011D                     RCSTA           equ	285	;# 
  2387     011E                     TX1STA          equ	286	;# 
  2388     011E                     TXSTA1          equ	286	;# 
  2389     011E                     TXSTA           equ	286	;# 
  2390     011F                     BAUD1CON        equ	287	;# 
  2391     011F                     BAUDCON1        equ	287	;# 
  2392     011F                     BAUDCTL1        equ	287	;# 
  2393     011F                     BAUDCON         equ	287	;# 
  2394     011F                     BAUDCTL         equ	287	;# 
  2395     018C                     SSP1BUF         equ	396	;# 
  2396     018D                     SSP1ADD         equ	397	;# 
  2397     018E                     SSP1MSK         equ	398	;# 
  2398     018F                     SSP1STAT        equ	399	;# 
  2399     0190                     SSP1CON1        equ	400	;# 
  2400     0191                     SSP1CON2        equ	401	;# 
  2401     0192                     SSP1CON3        equ	402	;# 
  2402     0196                     SSP2BUF         equ	406	;# 
  2403     0197                     SSP2ADD         equ	407	;# 
  2404     0198                     SSP2MSK         equ	408	;# 
  2405     0199                     SSP2STAT        equ	409	;# 
  2406     019A                     SSP2CON1        equ	410	;# 
  2407     019B                     SSP2CON2        equ	411	;# 
  2408     019C                     SSP2CON3        equ	412	;# 
  2409     020C                     TMR1            equ	524	;# 
  2410     020C                     TMR1L           equ	524	;# 
  2411     020D                     TMR1H           equ	525	;# 
  2412     020E                     T1CON           equ	526	;# 
  2413     020F                     T1GCON          equ	527	;# 
  2414     020F                     PR1             equ	527	;# 
  2415     0210                     T1GATE          equ	528	;# 
  2416     0210                     TMR1GATE        equ	528	;# 
  2417     0211                     T1CLK           equ	529	;# 
  2418     0211                     TMR1CLK         equ	529	;# 
  2419     0212                     TMR3            equ	530	;# 
  2420     0212                     TMR3L           equ	530	;# 
  2421     0213                     TMR3H           equ	531	;# 
  2422     0214                     T3CON           equ	532	;# 
  2423     0215                     T3GCON          equ	533	;# 
  2424     0215                     PR3             equ	533	;# 
  2425     0216                     T3GATE          equ	534	;# 
  2426     0216                     TMR3GATE        equ	534	;# 
  2427     0217                     T3CLK           equ	535	;# 
  2428     0217                     TMR3CLK         equ	535	;# 
  2429     0218                     TMR5            equ	536	;# 
  2430     0218                     TMR5L           equ	536	;# 
  2431     0219                     TMR5H           equ	537	;# 
  2432     021A                     T5CON           equ	538	;# 
  2433     021B                     T5GCON          equ	539	;# 
  2434     021B                     PR5             equ	539	;# 
  2435     021C                     T5GATE          equ	540	;# 
  2436     021C                     TMR5GATE        equ	540	;# 
  2437     021D                     T5CLK           equ	541	;# 
  2438     021D                     TMR5CLK         equ	541	;# 
  2439     021E                     CCPTMRS0        equ	542	;# 
  2440     021F                     CCPTMRS1        equ	543	;# 
  2441     028C                     T2TMR           equ	652	;# 
  2442     028C                     TMR2            equ	652	;# 
  2443     028D                     T2PR            equ	653	;# 
  2444     028D                     PR2             equ	653	;# 
  2445     028E                     T2CON           equ	654	;# 
  2446     028F                     T2HLT           equ	655	;# 
  2447     0290                     T2CLKCON        equ	656	;# 
  2448     0290                     T2CLK           equ	656	;# 
  2449     0291                     T2RST           equ	657	;# 
  2450     0292                     T4TMR           equ	658	;# 
  2451     0292                     TMR4            equ	658	;# 
  2452     0293                     T4PR            equ	659	;# 
  2453     0293                     PR4             equ	659	;# 
  2454     0294                     T4CON           equ	660	;# 
  2455     0295                     T4HLT           equ	661	;# 
  2456     0296                     T4CLKCON        equ	662	;# 
  2457     0296                     T4CLK           equ	662	;# 
  2458     0297                     T4RST           equ	663	;# 
  2459     0298                     T6TMR           equ	664	;# 
  2460     0298                     TMR6            equ	664	;# 
  2461     0299                     T6PR            equ	665	;# 
  2462     0299                     PR6             equ	665	;# 
  2463     029A                     T6CON           equ	666	;# 
  2464     029B                     T6HLT           equ	667	;# 
  2465     029C                     T6CLKCON        equ	668	;# 
  2466     029C                     T6CLK           equ	668	;# 
  2467     029D                     T6RST           equ	669	;# 
  2468     030C                     CCPR1           equ	780	;# 
  2469     030C                     CCPR1L          equ	780	;# 
  2470     030D                     CCPR1H          equ	781	;# 
  2471     030E                     CCP1CON         equ	782	;# 
  2472     030F                     CCP1CAP         equ	783	;# 
  2473     0310                     CCPR2           equ	784	;# 
  2474     0310                     CCPR2L          equ	784	;# 
  2475     0311                     CCPR2H          equ	785	;# 
  2476     0312                     CCP2CON         equ	786	;# 
  2477     0313                     CCP2CAP         equ	787	;# 
  2478     0314                     CCPR3           equ	788	;# 
  2479     0314                     CCPR3L          equ	788	;# 
  2480     0315                     CCPR3H          equ	789	;# 
  2481     0316                     CCP3CON         equ	790	;# 
  2482     0317                     CCP3CAP         equ	791	;# 
  2483     0318                     CCPR4           equ	792	;# 
  2484     0318                     CCPR4L          equ	792	;# 
  2485     0319                     CCPR4H          equ	793	;# 
  2486     031A                     CCP4CON         equ	794	;# 
  2487     031B                     CCP4CAP         equ	795	;# 
  2488     031C                     CCPR5           equ	796	;# 
  2489     031C                     CCPR5L          equ	796	;# 
  2490     031D                     CCPR5H          equ	797	;# 
  2491     031E                     CCP5CON         equ	798	;# 
  2492     031F                     CCP5CAP         equ	799	;# 
  2493     038C                     PWM6DC          equ	908	;# 
  2494     038C                     PWM6DCL         equ	908	;# 
  2495     038D                     PWM6DCH         equ	909	;# 
  2496     038E                     PWM6CON         equ	910	;# 
  2497     0390                     PWM7DC          equ	912	;# 
  2498     0390                     PWM7DCL         equ	912	;# 
  2499     0391                     PWM7DCH         equ	913	;# 
  2500     0392                     PWM7CON         equ	914	;# 
  2501     040C                     SCANLADRL       equ	1036	;# 
  2502     040D                     SCANLADRH       equ	1037	;# 
  2503     040E                     SCANHADRL       equ	1038	;# 
  2504     040F                     SCANHADRH       equ	1039	;# 
  2505     0410                     SCANCON0        equ	1040	;# 
  2506     0411                     SCANTRIG        equ	1041	;# 
  2507     0416                     CRCDATA         equ	1046	;# 
  2508     0416                     CRCDATL         equ	1046	;# 
  2509     0417                     CRCDATH         equ	1047	;# 
  2510     0418                     CRCACC          equ	1048	;# 
  2511     0418                     CRCACCL         equ	1048	;# 
  2512     0419                     CRCACCH         equ	1049	;# 
  2513     041A                     CRCSHFT         equ	1050	;# 
  2514     041A                     CRCSHIFTL       equ	1050	;# 
  2515     041B                     CRCSHIFTH       equ	1051	;# 
  2516     041C                     CRCXOR          equ	1052	;# 
  2517     041C                     CRCXORL         equ	1052	;# 
  2518     041D                     CRCXORH         equ	1053	;# 
  2519     041E                     CRCCON0         equ	1054	;# 
  2520     041F                     CRCCON1         equ	1055	;# 
  2521     048C                     SMT1TMR         equ	1164	;# 
  2522     048C                     SMT1TMRL        equ	1164	;# 
  2523     048D                     SMT1TMRH        equ	1165	;# 
  2524     048E                     SMT1TMRU        equ	1166	;# 
  2525     048F                     SMT1CPR         equ	1167	;# 
  2526     048F                     SMT1CPRL        equ	1167	;# 
  2527     0490                     SMT1CPRH        equ	1168	;# 
  2528     0491                     SMT1CPRU        equ	1169	;# 
  2529     0492                     SMT1CPW         equ	1170	;# 
  2530     0492                     SMT1CPWL        equ	1170	;# 
  2531     0493                     SMT1CPWH        equ	1171	;# 
  2532     0494                     SMT1CPWU        equ	1172	;# 
  2533     0495                     SMT1PR          equ	1173	;# 
  2534     0495                     SMT1PRL         equ	1173	;# 
  2535     0496                     SMT1PRH         equ	1174	;# 
  2536     0497                     SMT1PRU         equ	1175	;# 
  2537     0498                     SMT1CON0        equ	1176	;# 
  2538     0499                     SMT1CON1        equ	1177	;# 
  2539     049A                     SMT1STAT        equ	1178	;# 
  2540     049B                     SMT1CLK         equ	1179	;# 
  2541     049C                     SMT1SIG         equ	1180	;# 
  2542     049D                     SMT1WIN         equ	1181	;# 
  2543     050C                     SMT2TMR         equ	1292	;# 
  2544     050C                     SMT2TMRL        equ	1292	;# 
  2545     050D                     SMT2TMRH        equ	1293	;# 
  2546     050E                     SMT2TMRU        equ	1294	;# 
  2547     050F                     SMT2CPR         equ	1295	;# 
  2548     050F                     SMT2CPRL        equ	1295	;# 
  2549     0510                     SMT2CPRH        equ	1296	;# 
  2550     0511                     SMT2CPRU        equ	1297	;# 
  2551     0512                     SMT2CPW         equ	1298	;# 
  2552     0512                     SMT2CPWL        equ	1298	;# 
  2553     0513                     SMT2CPWH        equ	1299	;# 
  2554     0514                     SMT2CPWU        equ	1300	;# 
  2555     0515                     SMT2PR          equ	1301	;# 
  2556     0515                     SMT2PRL         equ	1301	;# 
  2557     0516                     SMT2PRH         equ	1302	;# 
  2558     0517                     SMT2PRU         equ	1303	;# 
  2559     0518                     SMT2CON0        equ	1304	;# 
  2560     0519                     SMT2CON1        equ	1305	;# 
  2561     051A                     SMT2STAT        equ	1306	;# 
  2562     051B                     SMT2CLK         equ	1307	;# 
  2563     051C                     SMT2SIG         equ	1308	;# 
  2564     051D                     SMT2WIN         equ	1309	;# 
  2565     058C                     NCO1ACC         equ	1420	;# 
  2566     058C                     NCO1ACCL        equ	1420	;# 
  2567     058D                     NCO1ACCH        equ	1421	;# 
  2568     058E                     NCO1ACCU        equ	1422	;# 
  2569     058F                     NCO1INC         equ	1423	;# 
  2570     058F                     NCO1INCL        equ	1423	;# 
  2571     0590                     NCO1INCH        equ	1424	;# 
  2572     0591                     NCO1INCU        equ	1425	;# 
  2573     0592                     NCO1CON         equ	1426	;# 
  2574     0593                     NCO1CLK         equ	1427	;# 
  2575     060C                     CWG1CLKCON      equ	1548	;# 
  2576     060D                     CWG1ISM         equ	1549	;# 
  2577     060E                     CWG1DBR         equ	1550	;# 
  2578     060F                     CWG1DBF         equ	1551	;# 
  2579     0610                     CWG1CON0        equ	1552	;# 
  2580     0611                     CWG1CON1        equ	1553	;# 
  2581     0612                     CWG1AS0         equ	1554	;# 
  2582     0613                     CWG1AS1         equ	1555	;# 
  2583     0614                     CWG1STR         equ	1556	;# 
  2584     0616                     CWG2CLKCON      equ	1558	;# 
  2585     0617                     CWG2ISM         equ	1559	;# 
  2586     0618                     CWG2DBR         equ	1560	;# 
  2587     0619                     CWG2DBF         equ	1561	;# 
  2588     061A                     CWG2CON0        equ	1562	;# 
  2589     061B                     CWG2CON1        equ	1563	;# 
  2590     061C                     CWG2AS0         equ	1564	;# 
  2591     061D                     CWG2AS1         equ	1565	;# 
  2592     061E                     CWG2STR         equ	1566	;# 
  2593     068C                     CWG3CLKCON      equ	1676	;# 
  2594     068D                     CWG3ISM         equ	1677	;# 
  2595     068E                     CWG3DBR         equ	1678	;# 
  2596     068F                     CWG3DBF         equ	1679	;# 
  2597     0690                     CWG3CON0        equ	1680	;# 
  2598     0691                     CWG3CON1        equ	1681	;# 
  2599     0692                     CWG3AS0         equ	1682	;# 
  2600     0693                     CWG3AS1         equ	1683	;# 
  2601     0694                     CWG3STR         equ	1684	;# 
  2602     070C                     PIR0            equ	1804	;# 
  2603     070D                     PIR1            equ	1805	;# 
  2604     070E                     PIR2            equ	1806	;# 
  2605     070F                     PIR3            equ	1807	;# 
  2606     0710                     PIR4            equ	1808	;# 
  2607     0711                     PIR5            equ	1809	;# 
  2608     0712                     PIR6            equ	1810	;# 
  2609     0713                     PIR7            equ	1811	;# 
  2610     0714                     PIR8            equ	1812	;# 
  2611     0716                     PIE0            equ	1814	;# 
  2612     0717                     PIE1            equ	1815	;# 
  2613     0718                     PIE2            equ	1816	;# 
  2614     0719                     PIE3            equ	1817	;# 
  2615     071A                     PIE4            equ	1818	;# 
  2616     071B                     PIE5            equ	1819	;# 
  2617     071C                     PIE6            equ	1820	;# 
  2618     071D                     PIE7            equ	1821	;# 
  2619     071E                     PIE8            equ	1822	;# 
  2620     0796                     PMD0            equ	1942	;# 
  2621     0797                     PMD1            equ	1943	;# 
  2622     0798                     PMD2            equ	1944	;# 
  2623     0799                     PMD3            equ	1945	;# 
  2624     079A                     PMD4            equ	1946	;# 
  2625     079B                     PMD5            equ	1947	;# 
  2626     080C                     WDTCON0         equ	2060	;# 
  2627     080D                     WDTCON1         equ	2061	;# 
  2628     080E                     WDTPSL          equ	2062	;# 
  2629     080F                     WDTPSH          equ	2063	;# 
  2630     0810                     WDTTMR          equ	2064	;# 
  2631     0811                     BORCON          equ	2065	;# 
  2632     0812                     VREGCON         equ	2066	;# 
  2633     0813                     PCON0           equ	2067	;# 
  2634     0814                     CCDCON          equ	2068	;# 
  2635     081A                     NVMADRL         equ	2074	;# 
  2636     081B                     NVMADRH         equ	2075	;# 
  2637     081C                     NVMDATL         equ	2076	;# 
  2638     081D                     NVMDATH         equ	2077	;# 
  2639     081E                     NVMCON1         equ	2078	;# 
  2640     081F                     NVMCON2         equ	2079	;# 
  2641     088C                     CPUDOZE         equ	2188	;# 
  2642     088D                     OSCCON1         equ	2189	;# 
  2643     088E                     OSCCON2         equ	2190	;# 
  2644     088F                     OSCCON3         equ	2191	;# 
  2645     0890                     OSCSTAT         equ	2192	;# 
  2646     0891                     OSCEN           equ	2193	;# 
  2647     0892                     OSCTUNE         equ	2194	;# 
  2648     0893                     OSCFRQ          equ	2195	;# 
  2649     0895                     CLKRCON         equ	2197	;# 
  2650     0896                     CLKRCLK         equ	2198	;# 
  2651     0897                     MDCON0          equ	2199	;# 
  2652     0898                     MDCON1          equ	2200	;# 
  2653     0899                     MDSRC           equ	2201	;# 
  2654     089A                     MDCARL          equ	2202	;# 
  2655     089B                     MDCARH          equ	2203	;# 
  2656     090C                     FVRCON          equ	2316	;# 
  2657     090E                     DAC1CON0        equ	2318	;# 
  2658     090F                     DAC1CON1        equ	2319	;# 
  2659     091F                     ZCD1CON         equ	2335	;# 
  2660     091F                     ZCDCON          equ	2335	;# 
  2661     098F                     CMOUT           equ	2447	;# 
  2662     098F                     CMSTAT          equ	2447	;# 
  2663     0990                     CM1CON0         equ	2448	;# 
  2664     0991                     CM1CON1         equ	2449	;# 
  2665     0992                     CM1NSEL         equ	2450	;# 
  2666     0993                     CM1PSEL         equ	2451	;# 
  2667     0994                     CM2CON0         equ	2452	;# 
  2668     0995                     CM2CON1         equ	2453	;# 
  2669     0996                     CM2NSEL         equ	2454	;# 
  2670     0997                     CM2PSEL         equ	2455	;# 
  2671     0E0F                     CLCDATA         equ	3599	;# 
  2672     0E10                     CLC1CON         equ	3600	;# 
  2673     0E11                     CLC1POL         equ	3601	;# 
  2674     0E12                     CLC1SEL0        equ	3602	;# 
  2675     0E13                     CLC1SEL1        equ	3603	;# 
  2676     0E14                     CLC1SEL2        equ	3604	;# 
  2677     0E15                     CLC1SEL3        equ	3605	;# 
  2678     0E16                     CLC1GLS0        equ	3606	;# 
  2679     0E17                     CLC1GLS1        equ	3607	;# 
  2680     0E18                     CLC1GLS2        equ	3608	;# 
  2681     0E19                     CLC1GLS3        equ	3609	;# 
  2682     0E1A                     CLC2CON         equ	3610	;# 
  2683     0E1B                     CLC2POL         equ	3611	;# 
  2684     0E1C                     CLC2SEL0        equ	3612	;# 
  2685     0E1D                     CLC2SEL1        equ	3613	;# 
  2686     0E1E                     CLC2SEL2        equ	3614	;# 
  2687     0E1F                     CLC2SEL3        equ	3615	;# 
  2688     0E20                     CLC2GLS0        equ	3616	;# 
  2689     0E21                     CLC2GLS1        equ	3617	;# 
  2690     0E22                     CLC2GLS2        equ	3618	;# 
  2691     0E23                     CLC2GLS3        equ	3619	;# 
  2692     0E24                     CLC3CON         equ	3620	;# 
  2693     0E25                     CLC3POL         equ	3621	;# 
  2694     0E26                     CLC3SEL0        equ	3622	;# 
  2695     0E27                     CLC3SEL1        equ	3623	;# 
  2696     0E28                     CLC3SEL2        equ	3624	;# 
  2697     0E29                     CLC3SEL3        equ	3625	;# 
  2698     0E2A                     CLC3GLS0        equ	3626	;# 
  2699     0E2B                     CLC3GLS1        equ	3627	;# 
  2700     0E2C                     CLC3GLS2        equ	3628	;# 
  2701     0E2D                     CLC3GLS3        equ	3629	;# 
  2702     0E2E                     CLC4CON         equ	3630	;# 
  2703     0E2F                     CLC4POL         equ	3631	;# 
  2704     0E30                     CLC4SEL0        equ	3632	;# 
  2705     0E31                     CLC4SEL1        equ	3633	;# 
  2706     0E32                     CLC4SEL2        equ	3634	;# 
  2707     0E33                     CLC4SEL3        equ	3635	;# 
  2708     0E34                     CLC4GLS0        equ	3636	;# 
  2709     0E35                     CLC4GLS1        equ	3637	;# 
  2710     0E36                     CLC4GLS2        equ	3638	;# 
  2711     0E37                     CLC4GLS3        equ	3639	;# 
  2712     0E8F                     PPSLOCK         equ	3727	;# 
  2713     0E90                     INTPPS          equ	3728	;# 
  2714     0E91                     T0CKIPPS        equ	3729	;# 
  2715     0E92                     T1CKIPPS        equ	3730	;# 
  2716     0E93                     T1GPPS          equ	3731	;# 
  2717     0E94                     T3CKIPPS        equ	3732	;# 
  2718     0E95                     T3GPPS          equ	3733	;# 
  2719     0E96                     T5CKIPPS        equ	3734	;# 
  2720     0E97                     T5GPPS          equ	3735	;# 
  2721     0E9C                     T2AINPPS        equ	3740	;# 
  2722     0E9D                     T4AINPPS        equ	3741	;# 
  2723     0E9E                     T6AINPPS        equ	3742	;# 
  2724     0EA1                     CCP1PPS         equ	3745	;# 
  2725     0EA2                     CCP2PPS         equ	3746	;# 
  2726     0EA3                     CCP3PPS         equ	3747	;# 
  2727     0EA4                     CCP4PPS         equ	3748	;# 
  2728     0EA5                     CCP5PPS         equ	3749	;# 
  2729     0EA9                     SMT1WINPPS      equ	3753	;# 
  2730     0EAA                     SMT1SIGPPS      equ	3754	;# 
  2731     0EAB                     SMT2WINPPS      equ	3755	;# 
  2732     0EAC                     SMT2SIGPPS      equ	3756	;# 
  2733     0EB1                     CWG1PPS         equ	3761	;# 
  2734     0EB2                     CWG2PPS         equ	3762	;# 
  2735     0EB3                     CWG3PPS         equ	3763	;# 
  2736     0EB8                     MDCARLPPS       equ	3768	;# 
  2737     0EB9                     MDCARHPPS       equ	3769	;# 
  2738     0EBA                     MDSRCPPS        equ	3770	;# 
  2739     0EBB                     CLCIN0PPS       equ	3771	;# 
  2740     0EBC                     CLCIN1PPS       equ	3772	;# 
  2741     0EBD                     CLCIN2PPS       equ	3773	;# 
  2742     0EBE                     CLCIN3PPS       equ	3774	;# 
  2743     0EC3                     ADCACTPPS       equ	3779	;# 
  2744     0EC5                     SSP1CLKPPS      equ	3781	;# 
  2745     0EC6                     SSP1DATPPS      equ	3782	;# 
  2746     0EC7                     SSP1SSPPS       equ	3783	;# 
  2747     0EC8                     SSP2CLKPPS      equ	3784	;# 
  2748     0EC9                     SSP2DATPPS      equ	3785	;# 
  2749     0ECA                     SSP2SSPPS       equ	3786	;# 
  2750     0ECB                     RXPPS           equ	3787	;# 
  2751     0ECC                     TXPPS           equ	3788	;# 
  2752     0F10                     RA0PPS          equ	3856	;# 
  2753     0F11                     RA1PPS          equ	3857	;# 
  2754     0F12                     RA2PPS          equ	3858	;# 
  2755     0F13                     RA3PPS          equ	3859	;# 
  2756     0F14                     RA4PPS          equ	3860	;# 
  2757     0F15                     RA5PPS          equ	3861	;# 
  2758     0F16                     RA6PPS          equ	3862	;# 
  2759     0F17                     RA7PPS          equ	3863	;# 
  2760     0F18                     RB0PPS          equ	3864	;# 
  2761     0F19                     RB1PPS          equ	3865	;# 
  2762     0F1A                     RB2PPS          equ	3866	;# 
  2763     0F1B                     RB3PPS          equ	3867	;# 
  2764     0F1C                     RB4PPS          equ	3868	;# 
  2765     0F1D                     RB5PPS          equ	3869	;# 
  2766     0F1E                     RB6PPS          equ	3870	;# 
  2767     0F1F                     RB7PPS          equ	3871	;# 
  2768     0F20                     RC0PPS          equ	3872	;# 
  2769     0F21                     RC1PPS          equ	3873	;# 
  2770     0F22                     RC2PPS          equ	3874	;# 
  2771     0F23                     RC3PPS          equ	3875	;# 
  2772     0F24                     RC4PPS          equ	3876	;# 
  2773     0F25                     RC5PPS          equ	3877	;# 
  2774     0F26                     RC6PPS          equ	3878	;# 
  2775     0F27                     RC7PPS          equ	3879	;# 
  2776     0F28                     RD0PPS          equ	3880	;# 
  2777     0F29                     RD1PPS          equ	3881	;# 
  2778     0F2A                     RD2PPS          equ	3882	;# 
  2779     0F2B                     RD3PPS          equ	3883	;# 
  2780     0F2C                     RD4PPS          equ	3884	;# 
  2781     0F2D                     RD5PPS          equ	3885	;# 
  2782     0F2E                     RD6PPS          equ	3886	;# 
  2783     0F2F                     RD7PPS          equ	3887	;# 
  2784     0F30                     RE0PPS          equ	3888	;# 
  2785     0F31                     RE1PPS          equ	3889	;# 
  2786     0F32                     RE2PPS          equ	3890	;# 
  2787     0F38                     ANSELA          equ	3896	;# 
  2788     0F39                     WPUA            equ	3897	;# 
  2789     0F3A                     ODCONA          equ	3898	;# 
  2790     0F3B                     SLRCONA         equ	3899	;# 
  2791     0F3C                     INLVLA          equ	3900	;# 
  2792     0F3D                     IOCAP           equ	3901	;# 
  2793     0F3E                     IOCAN           equ	3902	;# 
  2794     0F3F                     IOCAF           equ	3903	;# 
  2795     0F40                     CCDNA           equ	3904	;# 
  2796     0F41                     CCDPA           equ	3905	;# 
  2797     0F43                     ANSELB          equ	3907	;# 
  2798     0F44                     WPUB            equ	3908	;# 
  2799     0F45                     ODCONB          equ	3909	;# 
  2800     0F46                     SLRCONB         equ	3910	;# 
  2801     0F47                     INLVLB          equ	3911	;# 
  2802     0F48                     IOCBP           equ	3912	;# 
  2803     0F49                     IOCBN           equ	3913	;# 
  2804     0F4A                     IOCBF           equ	3914	;# 
  2805     0F4B                     CCDNB           equ	3915	;# 
  2806     0F4C                     CCDPB           equ	3916	;# 
  2807     0F4E                     ANSELC          equ	3918	;# 
  2808     0F4F                     WPUC            equ	3919	;# 
  2809     0F50                     ODCONC          equ	3920	;# 
  2810     0F51                     SLRCONC         equ	3921	;# 
  2811     0F52                     INLVLC          equ	3922	;# 
  2812     0F53                     IOCCP           equ	3923	;# 
  2813     0F54                     IOCCN           equ	3924	;# 
  2814     0F55                     IOCCF           equ	3925	;# 
  2815     0F56                     CCDNC           equ	3926	;# 
  2816     0F57                     CCDPC           equ	3927	;# 
  2817     0F59                     ANSELD          equ	3929	;# 
  2818     0F5A                     WPUD            equ	3930	;# 
  2819     0F5B                     ODCOND          equ	3931	;# 
  2820     0F5C                     SLRCOND         equ	3932	;# 
  2821     0F5D                     INLVLD          equ	3933	;# 
  2822     0F61                     CCDND           equ	3937	;# 
  2823     0F62                     CCDPD           equ	3938	;# 
  2824     0F64                     ANSELE          equ	3940	;# 
  2825     0F65                     WPUE            equ	3941	;# 
  2826     0F66                     ODCONE          equ	3942	;# 
  2827     0F67                     SLRCONE         equ	3943	;# 
  2828     0F68                     INLVLE          equ	3944	;# 
  2829     0F69                     IOCEP           equ	3945	;# 
  2830     0F6A                     IOCEN           equ	3946	;# 
  2831     0F6B                     IOCEF           equ	3947	;# 
  2832     0F6C                     CCDNE           equ	3948	;# 
  2833     0F6D                     CCDPE           equ	3949	;# 
  2834     0FE4                     STATUS_SHAD     equ	4068	;# 
  2835     0FE5                     WREG_SHAD       equ	4069	;# 
  2836     0FE6                     BSR_SHAD        equ	4070	;# 
  2837     0FE7                     PCLATH_SHAD     equ	4071	;# 
  2838     0FE8                     FSR0L_SHAD      equ	4072	;# 
  2839     0FE9                     FSR0H_SHAD      equ	4073	;# 
  2840     0FEA                     FSR1L_SHAD      equ	4074	;# 
  2841     0FEB                     FSR1H_SHAD      equ	4075	;# 
  2842     0FED                     STKPTR          equ	4077	;# 
  2843     0FEE                     TOSL            equ	4078	;# 
  2844     0FEF                     TOSH            equ	4079	;# 
  2845     0000                     INDF0           equ	0	;# 
  2846     0001                     INDF1           equ	1	;# 
  2847     0002                     PCL             equ	2	;# 
  2848     0003                     STATUS          equ	3	;# 
  2849     0004                     FSR0L           equ	4	;# 
  2850     0005                     FSR0H           equ	5	;# 
  2851     0006                     FSR1L           equ	6	;# 
  2852     0007                     FSR1H           equ	7	;# 
  2853     0008                     BSR             equ	8	;# 
  2854     0009                     WREG            equ	9	;# 
  2855     000A                     PCLATH          equ	10	;# 
  2856     000B                     INTCON          equ	11	;# 
  2857     000C                     PORTA           equ	12	;# 
  2858     000D                     PORTB           equ	13	;# 
  2859     000E                     PORTC           equ	14	;# 
  2860     000F                     PORTD           equ	15	;# 
  2861     0010                     PORTE           equ	16	;# 
  2862     0011                     TRISA           equ	17	;# 
  2863     0012                     TRISB           equ	18	;# 
  2864     0013                     TRISC           equ	19	;# 
  2865     0014                     TRISD           equ	20	;# 
  2866     0015                     TRISE           equ	21	;# 
  2867     0016                     LATA            equ	22	;# 
  2868     0017                     LATB            equ	23	;# 
  2869     0018                     LATC            equ	24	;# 
  2870     0019                     LATD            equ	25	;# 
  2871     001A                     LATE            equ	26	;# 
  2872     001C                     TMR0L           equ	28	;# 
  2873     001C                     TMR0            equ	28	;# 
  2874     001D                     TMR0H           equ	29	;# 
  2875     001D                     PR0             equ	29	;# 
  2876     001E                     T0CON0          equ	30	;# 
  2877     001F                     T0CON1          equ	31	;# 
  2878     008C                     ADRES           equ	140	;# 
  2879     008C                     ADRESL          equ	140	;# 
  2880     008D                     ADRESH          equ	141	;# 
  2881     008E                     ADPREV          equ	142	;# 
  2882     008E                     ADPREVL         equ	142	;# 
  2883     008F                     ADPREVH         equ	143	;# 
  2884     0090                     ADACC           equ	144	;# 
  2885     0090                     ADACCL          equ	144	;# 
  2886     0091                     ADACCH          equ	145	;# 
  2887     0093                     ADCON0          equ	147	;# 
  2888     0094                     ADCON1          equ	148	;# 
  2889     0095                     ADCON2          equ	149	;# 
  2890     0096                     ADCON3          equ	150	;# 
  2891     0097                     ADSTAT          equ	151	;# 
  2892     0098                     ADCLK           equ	152	;# 
  2893     0099                     ADACT           equ	153	;# 
  2894     009A                     ADREF           equ	154	;# 
  2895     009B                     ADCAP           equ	155	;# 
  2896     009C                     ADPRE           equ	156	;# 
  2897     009D                     ADACQ           equ	157	;# 
  2898     009E                     ADPCH           equ	158	;# 
  2899     010C                     ADCNT           equ	268	;# 
  2900     010D                     ADRPT           equ	269	;# 
  2901     010E                     ADLTH           equ	270	;# 
  2902     010E                     ADLTHL          equ	270	;# 
  2903     010F                     ADLTHH          equ	271	;# 
  2904     0110                     ADUTH           equ	272	;# 
  2905     0110                     ADUTHL          equ	272	;# 
  2906     0111                     ADUTHH          equ	273	;# 
  2907     0112                     ADSTPT          equ	274	;# 
  2908     0112                     ADSTPTL         equ	274	;# 
  2909     0113                     ADSTPTH         equ	275	;# 
  2910     0114                     ADFLTR          equ	276	;# 
  2911     0114                     ADFLTRL         equ	276	;# 
  2912     0115                     ADFLTRH         equ	277	;# 
  2913     0116                     ADERR           equ	278	;# 
  2914     0116                     ADERRL          equ	278	;# 
  2915     0117                     ADERRH          equ	279	;# 
  2916     0119                     RC1REG          equ	281	;# 
  2917     0119                     RCREG           equ	281	;# 
  2918     0119                     RCREG1          equ	281	;# 
  2919     011A                     TX1REG          equ	282	;# 
  2920     011A                     TXREG1          equ	282	;# 
  2921     011A                     TXREG           equ	282	;# 
  2922     011B                     SP1BRG          equ	283	;# 
  2923     011B                     SPBRG           equ	283	;# 
  2924     011B                     SP1BRGL         equ	283	;# 
  2925     011B                     SPBRG1          equ	283	;# 
  2926     011B                     SPBRGL          equ	283	;# 
  2927     011C                     SP1BRGH         equ	284	;# 
  2928     011C                     SPBRGH          equ	284	;# 
  2929     011C                     SPBRGH1         equ	284	;# 
  2930     011D                     RC1STA          equ	285	;# 
  2931     011D                     RCSTA1          equ	285	;# 
  2932     011D                     RCSTA           equ	285	;# 
  2933     011E                     TX1STA          equ	286	;# 
  2934     011E                     TXSTA1          equ	286	;# 
  2935     011E                     TXSTA           equ	286	;# 
  2936     011F                     BAUD1CON        equ	287	;# 
  2937     011F                     BAUDCON1        equ	287	;# 
  2938     011F                     BAUDCTL1        equ	287	;# 
  2939     011F                     BAUDCON         equ	287	;# 
  2940     011F                     BAUDCTL         equ	287	;# 
  2941     018C                     SSP1BUF         equ	396	;# 
  2942     018D                     SSP1ADD         equ	397	;# 
  2943     018E                     SSP1MSK         equ	398	;# 
  2944     018F                     SSP1STAT        equ	399	;# 
  2945     0190                     SSP1CON1        equ	400	;# 
  2946     0191                     SSP1CON2        equ	401	;# 
  2947     0192                     SSP1CON3        equ	402	;# 
  2948     0196                     SSP2BUF         equ	406	;# 
  2949     0197                     SSP2ADD         equ	407	;# 
  2950     0198                     SSP2MSK         equ	408	;# 
  2951     0199                     SSP2STAT        equ	409	;# 
  2952     019A                     SSP2CON1        equ	410	;# 
  2953     019B                     SSP2CON2        equ	411	;# 
  2954     019C                     SSP2CON3        equ	412	;# 
  2955     020C                     TMR1            equ	524	;# 
  2956     020C                     TMR1L           equ	524	;# 
  2957     020D                     TMR1H           equ	525	;# 
  2958     020E                     T1CON           equ	526	;# 
  2959     020F                     T1GCON          equ	527	;# 
  2960     020F                     PR1             equ	527	;# 
  2961     0210                     T1GATE          equ	528	;# 
  2962     0210                     TMR1GATE        equ	528	;# 
  2963     0211                     T1CLK           equ	529	;# 
  2964     0211                     TMR1CLK         equ	529	;# 
  2965     0212                     TMR3            equ	530	;# 
  2966     0212                     TMR3L           equ	530	;# 
  2967     0213                     TMR3H           equ	531	;# 
  2968     0214                     T3CON           equ	532	;# 
  2969     0215                     T3GCON          equ	533	;# 
  2970     0215                     PR3             equ	533	;# 
  2971     0216                     T3GATE          equ	534	;# 
  2972     0216                     TMR3GATE        equ	534	;# 
  2973     0217                     T3CLK           equ	535	;# 
  2974     0217                     TMR3CLK         equ	535	;# 
  2975     0218                     TMR5            equ	536	;# 
  2976     0218                     TMR5L           equ	536	;# 
  2977     0219                     TMR5H           equ	537	;# 
  2978     021A                     T5CON           equ	538	;# 
  2979     021B                     T5GCON          equ	539	;# 
  2980     021B                     PR5             equ	539	;# 
  2981     021C                     T5GATE          equ	540	;# 
  2982     021C                     TMR5GATE        equ	540	;# 
  2983     021D                     T5CLK           equ	541	;# 
  2984     021D                     TMR5CLK         equ	541	;# 
  2985     021E                     CCPTMRS0        equ	542	;# 
  2986     021F                     CCPTMRS1        equ	543	;# 
  2987     028C                     T2TMR           equ	652	;# 
  2988     028C                     TMR2            equ	652	;# 
  2989     028D                     T2PR            equ	653	;# 
  2990     028D                     PR2             equ	653	;# 
  2991     028E                     T2CON           equ	654	;# 
  2992     028F                     T2HLT           equ	655	;# 
  2993     0290                     T2CLKCON        equ	656	;# 
  2994     0290                     T2CLK           equ	656	;# 
  2995     0291                     T2RST           equ	657	;# 
  2996     0292                     T4TMR           equ	658	;# 
  2997     0292                     TMR4            equ	658	;# 
  2998     0293                     T4PR            equ	659	;# 
  2999     0293                     PR4             equ	659	;# 
  3000     0294                     T4CON           equ	660	;# 
  3001     0295                     T4HLT           equ	661	;# 
  3002     0296                     T4CLKCON        equ	662	;# 
  3003     0296                     T4CLK           equ	662	;# 
  3004     0297                     T4RST           equ	663	;# 
  3005     0298                     T6TMR           equ	664	;# 
  3006     0298                     TMR6            equ	664	;# 
  3007     0299                     T6PR            equ	665	;# 
  3008     0299                     PR6             equ	665	;# 
  3009     029A                     T6CON           equ	666	;# 
  3010     029B                     T6HLT           equ	667	;# 
  3011     029C                     T6CLKCON        equ	668	;# 
  3012     029C                     T6CLK           equ	668	;# 
  3013     029D                     T6RST           equ	669	;# 
  3014     030C                     CCPR1           equ	780	;# 
  3015     030C                     CCPR1L          equ	780	;# 
  3016     030D                     CCPR1H          equ	781	;# 
  3017     030E                     CCP1CON         equ	782	;# 
  3018     030F                     CCP1CAP         equ	783	;# 
  3019     0310                     CCPR2           equ	784	;# 
  3020     0310                     CCPR2L          equ	784	;# 
  3021     0311                     CCPR2H          equ	785	;# 
  3022     0312                     CCP2CON         equ	786	;# 
  3023     0313                     CCP2CAP         equ	787	;# 
  3024     0314                     CCPR3           equ	788	;# 
  3025     0314                     CCPR3L          equ	788	;# 
  3026     0315                     CCPR3H          equ	789	;# 
  3027     0316                     CCP3CON         equ	790	;# 
  3028     0317                     CCP3CAP         equ	791	;# 
  3029     0318                     CCPR4           equ	792	;# 
  3030     0318                     CCPR4L          equ	792	;# 
  3031     0319                     CCPR4H          equ	793	;# 
  3032     031A                     CCP4CON         equ	794	;# 
  3033     031B                     CCP4CAP         equ	795	;# 
  3034     031C                     CCPR5           equ	796	;# 
  3035     031C                     CCPR5L          equ	796	;# 
  3036     031D                     CCPR5H          equ	797	;# 
  3037     031E                     CCP5CON         equ	798	;# 
  3038     031F                     CCP5CAP         equ	799	;# 
  3039     038C                     PWM6DC          equ	908	;# 
  3040     038C                     PWM6DCL         equ	908	;# 
  3041     038D                     PWM6DCH         equ	909	;# 
  3042     038E                     PWM6CON         equ	910	;# 
  3043     0390                     PWM7DC          equ	912	;# 
  3044     0390                     PWM7DCL         equ	912	;# 
  3045     0391                     PWM7DCH         equ	913	;# 
  3046     0392                     PWM7CON         equ	914	;# 
  3047     040C                     SCANLADRL       equ	1036	;# 
  3048     040D                     SCANLADRH       equ	1037	;# 
  3049     040E                     SCANHADRL       equ	1038	;# 
  3050     040F                     SCANHADRH       equ	1039	;# 
  3051     0410                     SCANCON0        equ	1040	;# 
  3052     0411                     SCANTRIG        equ	1041	;# 
  3053     0416                     CRCDATA         equ	1046	;# 
  3054     0416                     CRCDATL         equ	1046	;# 
  3055     0417                     CRCDATH         equ	1047	;# 
  3056     0418                     CRCACC          equ	1048	;# 
  3057     0418                     CRCACCL         equ	1048	;# 
  3058     0419                     CRCACCH         equ	1049	;# 
  3059     041A                     CRCSHFT         equ	1050	;# 
  3060     041A                     CRCSHIFTL       equ	1050	;# 
  3061     041B                     CRCSHIFTH       equ	1051	;# 
  3062     041C                     CRCXOR          equ	1052	;# 
  3063     041C                     CRCXORL         equ	1052	;# 
  3064     041D                     CRCXORH         equ	1053	;# 
  3065     041E                     CRCCON0         equ	1054	;# 
  3066     041F                     CRCCON1         equ	1055	;# 
  3067     048C                     SMT1TMR         equ	1164	;# 
  3068     048C                     SMT1TMRL        equ	1164	;# 
  3069     048D                     SMT1TMRH        equ	1165	;# 
  3070     048E                     SMT1TMRU        equ	1166	;# 
  3071     048F                     SMT1CPR         equ	1167	;# 
  3072     048F                     SMT1CPRL        equ	1167	;# 
  3073     0490                     SMT1CPRH        equ	1168	;# 
  3074     0491                     SMT1CPRU        equ	1169	;# 
  3075     0492                     SMT1CPW         equ	1170	;# 
  3076     0492                     SMT1CPWL        equ	1170	;# 
  3077     0493                     SMT1CPWH        equ	1171	;# 
  3078     0494                     SMT1CPWU        equ	1172	;# 
  3079     0495                     SMT1PR          equ	1173	;# 
  3080     0495                     SMT1PRL         equ	1173	;# 
  3081     0496                     SMT1PRH         equ	1174	;# 
  3082     0497                     SMT1PRU         equ	1175	;# 
  3083     0498                     SMT1CON0        equ	1176	;# 
  3084     0499                     SMT1CON1        equ	1177	;# 
  3085     049A                     SMT1STAT        equ	1178	;# 
  3086     049B                     SMT1CLK         equ	1179	;# 
  3087     049C                     SMT1SIG         equ	1180	;# 
  3088     049D                     SMT1WIN         equ	1181	;# 
  3089     050C                     SMT2TMR         equ	1292	;# 
  3090     050C                     SMT2TMRL        equ	1292	;# 
  3091     050D                     SMT2TMRH        equ	1293	;# 
  3092     050E                     SMT2TMRU        equ	1294	;# 
  3093     050F                     SMT2CPR         equ	1295	;# 
  3094     050F                     SMT2CPRL        equ	1295	;# 
  3095     0510                     SMT2CPRH        equ	1296	;# 
  3096     0511                     SMT2CPRU        equ	1297	;# 
  3097     0512                     SMT2CPW         equ	1298	;# 
  3098     0512                     SMT2CPWL        equ	1298	;# 
  3099     0513                     SMT2CPWH        equ	1299	;# 
  3100     0514                     SMT2CPWU        equ	1300	;# 
  3101     0515                     SMT2PR          equ	1301	;# 
  3102     0515                     SMT2PRL         equ	1301	;# 
  3103     0516                     SMT2PRH         equ	1302	;# 
  3104     0517                     SMT2PRU         equ	1303	;# 
  3105     0518                     SMT2CON0        equ	1304	;# 
  3106     0519                     SMT2CON1        equ	1305	;# 
  3107     051A                     SMT2STAT        equ	1306	;# 
  3108     051B                     SMT2CLK         equ	1307	;# 
  3109     051C                     SMT2SIG         equ	1308	;# 
  3110     051D                     SMT2WIN         equ	1309	;# 
  3111     058C                     NCO1ACC         equ	1420	;# 
  3112     058C                     NCO1ACCL        equ	1420	;# 
  3113     058D                     NCO1ACCH        equ	1421	;# 
  3114     058E                     NCO1ACCU        equ	1422	;# 
  3115     058F                     NCO1INC         equ	1423	;# 
  3116     058F                     NCO1INCL        equ	1423	;# 
  3117     0590                     NCO1INCH        equ	1424	;# 
  3118     0591                     NCO1INCU        equ	1425	;# 
  3119     0592                     NCO1CON         equ	1426	;# 
  3120     0593                     NCO1CLK         equ	1427	;# 
  3121     060C                     CWG1CLKCON      equ	1548	;# 
  3122     060D                     CWG1ISM         equ	1549	;# 
  3123     060E                     CWG1DBR         equ	1550	;# 
  3124     060F                     CWG1DBF         equ	1551	;# 
  3125     0610                     CWG1CON0        equ	1552	;# 
  3126     0611                     CWG1CON1        equ	1553	;# 
  3127     0612                     CWG1AS0         equ	1554	;# 
  3128     0613                     CWG1AS1         equ	1555	;# 
  3129     0614                     CWG1STR         equ	1556	;# 
  3130     0616                     CWG2CLKCON      equ	1558	;# 
  3131     0617                     CWG2ISM         equ	1559	;# 
  3132     0618                     CWG2DBR         equ	1560	;# 
  3133     0619                     CWG2DBF         equ	1561	;# 
  3134     061A                     CWG2CON0        equ	1562	;# 
  3135     061B                     CWG2CON1        equ	1563	;# 
  3136     061C                     CWG2AS0         equ	1564	;# 
  3137     061D                     CWG2AS1         equ	1565	;# 
  3138     061E                     CWG2STR         equ	1566	;# 
  3139     068C                     CWG3CLKCON      equ	1676	;# 
  3140     068D                     CWG3ISM         equ	1677	;# 
  3141     068E                     CWG3DBR         equ	1678	;# 
  3142     068F                     CWG3DBF         equ	1679	;# 
  3143     0690                     CWG3CON0        equ	1680	;# 
  3144     0691                     CWG3CON1        equ	1681	;# 
  3145     0692                     CWG3AS0         equ	1682	;# 
  3146     0693                     CWG3AS1         equ	1683	;# 
  3147     0694                     CWG3STR         equ	1684	;# 
  3148     070C                     PIR0            equ	1804	;# 
  3149     070D                     PIR1            equ	1805	;# 
  3150     070E                     PIR2            equ	1806	;# 
  3151     070F                     PIR3            equ	1807	;# 
  3152     0710                     PIR4            equ	1808	;# 
  3153     0711                     PIR5            equ	1809	;# 
  3154     0712                     PIR6            equ	1810	;# 
  3155     0713                     PIR7            equ	1811	;# 
  3156     0714                     PIR8            equ	1812	;# 
  3157     0716                     PIE0            equ	1814	;# 
  3158     0717                     PIE1            equ	1815	;# 
  3159     0718                     PIE2            equ	1816	;# 
  3160     0719                     PIE3            equ	1817	;# 
  3161     071A                     PIE4            equ	1818	;# 
  3162     071B                     PIE5            equ	1819	;# 
  3163     071C                     PIE6            equ	1820	;# 
  3164     071D                     PIE7            equ	1821	;# 
  3165     071E                     PIE8            equ	1822	;# 
  3166     0796                     PMD0            equ	1942	;# 
  3167     0797                     PMD1            equ	1943	;# 
  3168     0798                     PMD2            equ	1944	;# 
  3169     0799                     PMD3            equ	1945	;# 
  3170     079A                     PMD4            equ	1946	;# 
  3171     079B                     PMD5            equ	1947	;# 
  3172     080C                     WDTCON0         equ	2060	;# 
  3173     080D                     WDTCON1         equ	2061	;# 
  3174     080E                     WDTPSL          equ	2062	;# 
  3175     080F                     WDTPSH          equ	2063	;# 
  3176     0810                     WDTTMR          equ	2064	;# 
  3177     0811                     BORCON          equ	2065	;# 
  3178     0812                     VREGCON         equ	2066	;# 
  3179     0813                     PCON0           equ	2067	;# 
  3180     0814                     CCDCON          equ	2068	;# 
  3181     081A                     NVMADRL         equ	2074	;# 
  3182     081B                     NVMADRH         equ	2075	;# 
  3183     081C                     NVMDATL         equ	2076	;# 
  3184     081D                     NVMDATH         equ	2077	;# 
  3185     081E                     NVMCON1         equ	2078	;# 
  3186     081F                     NVMCON2         equ	2079	;# 
  3187     088C                     CPUDOZE         equ	2188	;# 
  3188     088D                     OSCCON1         equ	2189	;# 
  3189     088E                     OSCCON2         equ	2190	;# 
  3190     088F                     OSCCON3         equ	2191	;# 
  3191     0890                     OSCSTAT         equ	2192	;# 
  3192     0891                     OSCEN           equ	2193	;# 
  3193     0892                     OSCTUNE         equ	2194	;# 
  3194     0893                     OSCFRQ          equ	2195	;# 
  3195     0895                     CLKRCON         equ	2197	;# 
  3196     0896                     CLKRCLK         equ	2198	;# 
  3197     0897                     MDCON0          equ	2199	;# 
  3198     0898                     MDCON1          equ	2200	;# 
  3199     0899                     MDSRC           equ	2201	;# 
  3200     089A                     MDCARL          equ	2202	;# 
  3201     089B                     MDCARH          equ	2203	;# 
  3202     090C                     FVRCON          equ	2316	;# 
  3203     090E                     DAC1CON0        equ	2318	;# 
  3204     090F                     DAC1CON1        equ	2319	;# 
  3205     091F                     ZCD1CON         equ	2335	;# 
  3206     091F                     ZCDCON          equ	2335	;# 
  3207     098F                     CMOUT           equ	2447	;# 
  3208     098F                     CMSTAT          equ	2447	;# 
  3209     0990                     CM1CON0         equ	2448	;# 
  3210     0991                     CM1CON1         equ	2449	;# 
  3211     0992                     CM1NSEL         equ	2450	;# 
  3212     0993                     CM1PSEL         equ	2451	;# 
  3213     0994                     CM2CON0         equ	2452	;# 
  3214     0995                     CM2CON1         equ	2453	;# 
  3215     0996                     CM2NSEL         equ	2454	;# 
  3216     0997                     CM2PSEL         equ	2455	;# 
  3217     0E0F                     CLCDATA         equ	3599	;# 
  3218     0E10                     CLC1CON         equ	3600	;# 
  3219     0E11                     CLC1POL         equ	3601	;# 
  3220     0E12                     CLC1SEL0        equ	3602	;# 
  3221     0E13                     CLC1SEL1        equ	3603	;# 
  3222     0E14                     CLC1SEL2        equ	3604	;# 
  3223     0E15                     CLC1SEL3        equ	3605	;# 
  3224     0E16                     CLC1GLS0        equ	3606	;# 
  3225     0E17                     CLC1GLS1        equ	3607	;# 
  3226     0E18                     CLC1GLS2        equ	3608	;# 
  3227     0E19                     CLC1GLS3        equ	3609	;# 
  3228     0E1A                     CLC2CON         equ	3610	;# 
  3229     0E1B                     CLC2POL         equ	3611	;# 
  3230     0E1C                     CLC2SEL0        equ	3612	;# 
  3231     0E1D                     CLC2SEL1        equ	3613	;# 
  3232     0E1E                     CLC2SEL2        equ	3614	;# 
  3233     0E1F                     CLC2SEL3        equ	3615	;# 
  3234     0E20                     CLC2GLS0        equ	3616	;# 
  3235     0E21                     CLC2GLS1        equ	3617	;# 
  3236     0E22                     CLC2GLS2        equ	3618	;# 
  3237     0E23                     CLC2GLS3        equ	3619	;# 
  3238     0E24                     CLC3CON         equ	3620	;# 
  3239     0E25                     CLC3POL         equ	3621	;# 
  3240     0E26                     CLC3SEL0        equ	3622	;# 
  3241     0E27                     CLC3SEL1        equ	3623	;# 
  3242     0E28                     CLC3SEL2        equ	3624	;# 
  3243     0E29                     CLC3SEL3        equ	3625	;# 
  3244     0E2A                     CLC3GLS0        equ	3626	;# 
  3245     0E2B                     CLC3GLS1        equ	3627	;# 
  3246     0E2C                     CLC3GLS2        equ	3628	;# 
  3247     0E2D                     CLC3GLS3        equ	3629	;# 
  3248     0E2E                     CLC4CON         equ	3630	;# 
  3249     0E2F                     CLC4POL         equ	3631	;# 
  3250     0E30                     CLC4SEL0        equ	3632	;# 
  3251     0E31                     CLC4SEL1        equ	3633	;# 
  3252     0E32                     CLC4SEL2        equ	3634	;# 
  3253     0E33                     CLC4SEL3        equ	3635	;# 
  3254     0E34                     CLC4GLS0        equ	3636	;# 
  3255     0E35                     CLC4GLS1        equ	3637	;# 
  3256     0E36                     CLC4GLS2        equ	3638	;# 
  3257     0E37                     CLC4GLS3        equ	3639	;# 
  3258     0E8F                     PPSLOCK         equ	3727	;# 
  3259     0E90                     INTPPS          equ	3728	;# 
  3260     0E91                     T0CKIPPS        equ	3729	;# 
  3261     0E92                     T1CKIPPS        equ	3730	;# 
  3262     0E93                     T1GPPS          equ	3731	;# 
  3263     0E94                     T3CKIPPS        equ	3732	;# 
  3264     0E95                     T3GPPS          equ	3733	;# 
  3265     0E96                     T5CKIPPS        equ	3734	;# 
  3266     0E97                     T5GPPS          equ	3735	;# 
  3267     0E9C                     T2AINPPS        equ	3740	;# 
  3268     0E9D                     T4AINPPS        equ	3741	;# 
  3269     0E9E                     T6AINPPS        equ	3742	;# 
  3270     0EA1                     CCP1PPS         equ	3745	;# 
  3271     0EA2                     CCP2PPS         equ	3746	;# 
  3272     0EA3                     CCP3PPS         equ	3747	;# 
  3273     0EA4                     CCP4PPS         equ	3748	;# 
  3274     0EA5                     CCP5PPS         equ	3749	;# 
  3275     0EA9                     SMT1WINPPS      equ	3753	;# 
  3276     0EAA                     SMT1SIGPPS      equ	3754	;# 
  3277     0EAB                     SMT2WINPPS      equ	3755	;# 
  3278     0EAC                     SMT2SIGPPS      equ	3756	;# 
  3279     0EB1                     CWG1PPS         equ	3761	;# 
  3280     0EB2                     CWG2PPS         equ	3762	;# 
  3281     0EB3                     CWG3PPS         equ	3763	;# 
  3282     0EB8                     MDCARLPPS       equ	3768	;# 
  3283     0EB9                     MDCARHPPS       equ	3769	;# 
  3284     0EBA                     MDSRCPPS        equ	3770	;# 
  3285     0EBB                     CLCIN0PPS       equ	3771	;# 
  3286     0EBC                     CLCIN1PPS       equ	3772	;# 
  3287     0EBD                     CLCIN2PPS       equ	3773	;# 
  3288     0EBE                     CLCIN3PPS       equ	3774	;# 
  3289     0EC3                     ADCACTPPS       equ	3779	;# 
  3290     0EC5                     SSP1CLKPPS      equ	3781	;# 
  3291     0EC6                     SSP1DATPPS      equ	3782	;# 
  3292     0EC7                     SSP1SSPPS       equ	3783	;# 
  3293     0EC8                     SSP2CLKPPS      equ	3784	;# 
  3294     0EC9                     SSP2DATPPS      equ	3785	;# 
  3295     0ECA                     SSP2SSPPS       equ	3786	;# 
  3296     0ECB                     RXPPS           equ	3787	;# 
  3297     0ECC                     TXPPS           equ	3788	;# 
  3298     0F10                     RA0PPS          equ	3856	;# 
  3299     0F11                     RA1PPS          equ	3857	;# 
  3300     0F12                     RA2PPS          equ	3858	;# 
  3301     0F13                     RA3PPS          equ	3859	;# 
  3302     0F14                     RA4PPS          equ	3860	;# 
  3303     0F15                     RA5PPS          equ	3861	;# 
  3304     0F16                     RA6PPS          equ	3862	;# 
  3305     0F17                     RA7PPS          equ	3863	;# 
  3306     0F18                     RB0PPS          equ	3864	;# 
  3307     0F19                     RB1PPS          equ	3865	;# 
  3308     0F1A                     RB2PPS          equ	3866	;# 
  3309     0F1B                     RB3PPS          equ	3867	;# 
  3310     0F1C                     RB4PPS          equ	3868	;# 
  3311     0F1D                     RB5PPS          equ	3869	;# 
  3312     0F1E                     RB6PPS          equ	3870	;# 
  3313     0F1F                     RB7PPS          equ	3871	;# 
  3314     0F20                     RC0PPS          equ	3872	;# 
  3315     0F21                     RC1PPS          equ	3873	;# 
  3316     0F22                     RC2PPS          equ	3874	;# 
  3317     0F23                     RC3PPS          equ	3875	;# 
  3318     0F24                     RC4PPS          equ	3876	;# 
  3319     0F25                     RC5PPS          equ	3877	;# 
  3320     0F26                     RC6PPS          equ	3878	;# 
  3321     0F27                     RC7PPS          equ	3879	;# 
  3322     0F28                     RD0PPS          equ	3880	;# 
  3323     0F29                     RD1PPS          equ	3881	;# 
  3324     0F2A                     RD2PPS          equ	3882	;# 
  3325     0F2B                     RD3PPS          equ	3883	;# 
  3326     0F2C                     RD4PPS          equ	3884	;# 
  3327     0F2D                     RD5PPS          equ	3885	;# 
  3328     0F2E                     RD6PPS          equ	3886	;# 
  3329     0F2F                     RD7PPS          equ	3887	;# 
  3330     0F30                     RE0PPS          equ	3888	;# 
  3331     0F31                     RE1PPS          equ	3889	;# 
  3332     0F32                     RE2PPS          equ	3890	;# 
  3333     0F38                     ANSELA          equ	3896	;# 
  3334     0F39                     WPUA            equ	3897	;# 
  3335     0F3A                     ODCONA          equ	3898	;# 
  3336     0F3B                     SLRCONA         equ	3899	;# 
  3337     0F3C                     INLVLA          equ	3900	;# 
  3338     0F3D                     IOCAP           equ	3901	;# 
  3339     0F3E                     IOCAN           equ	3902	;# 
  3340     0F3F                     IOCAF           equ	3903	;# 
  3341     0F40                     CCDNA           equ	3904	;# 
  3342     0F41                     CCDPA           equ	3905	;# 
  3343     0F43                     ANSELB          equ	3907	;# 
  3344     0F44                     WPUB            equ	3908	;# 
  3345     0F45                     ODCONB          equ	3909	;# 
  3346     0F46                     SLRCONB         equ	3910	;# 
  3347     0F47                     INLVLB          equ	3911	;# 
  3348     0F48                     IOCBP           equ	3912	;# 
  3349     0F49                     IOCBN           equ	3913	;# 
  3350     0F4A                     IOCBF           equ	3914	;# 
  3351     0F4B                     CCDNB           equ	3915	;# 
  3352     0F4C                     CCDPB           equ	3916	;# 
  3353     0F4E                     ANSELC          equ	3918	;# 
  3354     0F4F                     WPUC            equ	3919	;# 
  3355     0F50                     ODCONC          equ	3920	;# 
  3356     0F51                     SLRCONC         equ	3921	;# 
  3357     0F52                     INLVLC          equ	3922	;# 
  3358     0F53                     IOCCP           equ	3923	;# 
  3359     0F54                     IOCCN           equ	3924	;# 
  3360     0F55                     IOCCF           equ	3925	;# 
  3361     0F56                     CCDNC           equ	3926	;# 
  3362     0F57                     CCDPC           equ	3927	;# 
  3363     0F59                     ANSELD          equ	3929	;# 
  3364     0F5A                     WPUD            equ	3930	;# 
  3365     0F5B                     ODCOND          equ	3931	;# 
  3366     0F5C                     SLRCOND         equ	3932	;# 
  3367     0F5D                     INLVLD          equ	3933	;# 
  3368     0F61                     CCDND           equ	3937	;# 
  3369     0F62                     CCDPD           equ	3938	;# 
  3370     0F64                     ANSELE          equ	3940	;# 
  3371     0F65                     WPUE            equ	3941	;# 
  3372     0F66                     ODCONE          equ	3942	;# 
  3373     0F67                     SLRCONE         equ	3943	;# 
  3374     0F68                     INLVLE          equ	3944	;# 
  3375     0F69                     IOCEP           equ	3945	;# 
  3376     0F6A                     IOCEN           equ	3946	;# 
  3377     0F6B                     IOCEF           equ	3947	;# 
  3378     0F6C                     CCDNE           equ	3948	;# 
  3379     0F6D                     CCDPE           equ	3949	;# 
  3380     0FE4                     STATUS_SHAD     equ	4068	;# 
  3381     0FE5                     WREG_SHAD       equ	4069	;# 
  3382     0FE6                     BSR_SHAD        equ	4070	;# 
  3383     0FE7                     PCLATH_SHAD     equ	4071	;# 
  3384     0FE8                     FSR0L_SHAD      equ	4072	;# 
  3385     0FE9                     FSR0H_SHAD      equ	4073	;# 
  3386     0FEA                     FSR1L_SHAD      equ	4074	;# 
  3387     0FEB                     FSR1H_SHAD      equ	4075	;# 
  3388     0FED                     STKPTR          equ	4077	;# 
  3389     0FEE                     TOSL            equ	4078	;# 
  3390     0FEF                     TOSH            equ	4079	;# 
  3391     0000                     INDF0           equ	0	;# 
  3392     0001                     INDF1           equ	1	;# 
  3393     0002                     PCL             equ	2	;# 
  3394     0003                     STATUS          equ	3	;# 
  3395     0004                     FSR0L           equ	4	;# 
  3396     0005                     FSR0H           equ	5	;# 
  3397     0006                     FSR1L           equ	6	;# 
  3398     0007                     FSR1H           equ	7	;# 
  3399     0008                     BSR             equ	8	;# 
  3400     0009                     WREG            equ	9	;# 
  3401     000A                     PCLATH          equ	10	;# 
  3402     000B                     INTCON          equ	11	;# 
  3403     000C                     PORTA           equ	12	;# 
  3404     000D                     PORTB           equ	13	;# 
  3405     000E                     PORTC           equ	14	;# 
  3406     000F                     PORTD           equ	15	;# 
  3407     0010                     PORTE           equ	16	;# 
  3408     0011                     TRISA           equ	17	;# 
  3409     0012                     TRISB           equ	18	;# 
  3410     0013                     TRISC           equ	19	;# 
  3411     0014                     TRISD           equ	20	;# 
  3412     0015                     TRISE           equ	21	;# 
  3413     0016                     LATA            equ	22	;# 
  3414     0017                     LATB            equ	23	;# 
  3415     0018                     LATC            equ	24	;# 
  3416     0019                     LATD            equ	25	;# 
  3417     001A                     LATE            equ	26	;# 
  3418     001C                     TMR0L           equ	28	;# 
  3419     001C                     TMR0            equ	28	;# 
  3420     001D                     TMR0H           equ	29	;# 
  3421     001D                     PR0             equ	29	;# 
  3422     001E                     T0CON0          equ	30	;# 
  3423     001F                     T0CON1          equ	31	;# 
  3424     008C                     ADRES           equ	140	;# 
  3425     008C                     ADRESL          equ	140	;# 
  3426     008D                     ADRESH          equ	141	;# 
  3427     008E                     ADPREV          equ	142	;# 
  3428     008E                     ADPREVL         equ	142	;# 
  3429     008F                     ADPREVH         equ	143	;# 
  3430     0090                     ADACC           equ	144	;# 
  3431     0090                     ADACCL          equ	144	;# 
  3432     0091                     ADACCH          equ	145	;# 
  3433     0093                     ADCON0          equ	147	;# 
  3434     0094                     ADCON1          equ	148	;# 
  3435     0095                     ADCON2          equ	149	;# 
  3436     0096                     ADCON3          equ	150	;# 
  3437     0097                     ADSTAT          equ	151	;# 
  3438     0098                     ADCLK           equ	152	;# 
  3439     0099                     ADACT           equ	153	;# 
  3440     009A                     ADREF           equ	154	;# 
  3441     009B                     ADCAP           equ	155	;# 
  3442     009C                     ADPRE           equ	156	;# 
  3443     009D                     ADACQ           equ	157	;# 
  3444     009E                     ADPCH           equ	158	;# 
  3445     010C                     ADCNT           equ	268	;# 
  3446     010D                     ADRPT           equ	269	;# 
  3447     010E                     ADLTH           equ	270	;# 
  3448     010E                     ADLTHL          equ	270	;# 
  3449     010F                     ADLTHH          equ	271	;# 
  3450     0110                     ADUTH           equ	272	;# 
  3451     0110                     ADUTHL          equ	272	;# 
  3452     0111                     ADUTHH          equ	273	;# 
  3453     0112                     ADSTPT          equ	274	;# 
  3454     0112                     ADSTPTL         equ	274	;# 
  3455     0113                     ADSTPTH         equ	275	;# 
  3456     0114                     ADFLTR          equ	276	;# 
  3457     0114                     ADFLTRL         equ	276	;# 
  3458     0115                     ADFLTRH         equ	277	;# 
  3459     0116                     ADERR           equ	278	;# 
  3460     0116                     ADERRL          equ	278	;# 
  3461     0117                     ADERRH          equ	279	;# 
  3462     0119                     RC1REG          equ	281	;# 
  3463     0119                     RCREG           equ	281	;# 
  3464     0119                     RCREG1          equ	281	;# 
  3465     011A                     TX1REG          equ	282	;# 
  3466     011A                     TXREG1          equ	282	;# 
  3467     011A                     TXREG           equ	282	;# 
  3468     011B                     SP1BRG          equ	283	;# 
  3469     011B                     SPBRG           equ	283	;# 
  3470     011B                     SP1BRGL         equ	283	;# 
  3471     011B                     SPBRG1          equ	283	;# 
  3472     011B                     SPBRGL          equ	283	;# 
  3473     011C                     SP1BRGH         equ	284	;# 
  3474     011C                     SPBRGH          equ	284	;# 
  3475     011C                     SPBRGH1         equ	284	;# 
  3476     011D                     RC1STA          equ	285	;# 
  3477     011D                     RCSTA1          equ	285	;# 
  3478     011D                     RCSTA           equ	285	;# 
  3479     011E                     TX1STA          equ	286	;# 
  3480     011E                     TXSTA1          equ	286	;# 
  3481     011E                     TXSTA           equ	286	;# 
  3482     011F                     BAUD1CON        equ	287	;# 
  3483     011F                     BAUDCON1        equ	287	;# 
  3484     011F                     BAUDCTL1        equ	287	;# 
  3485     011F                     BAUDCON         equ	287	;# 
  3486     011F                     BAUDCTL         equ	287	;# 
  3487     018C                     SSP1BUF         equ	396	;# 
  3488     018D                     SSP1ADD         equ	397	;# 
  3489     018E                     SSP1MSK         equ	398	;# 
  3490     018F                     SSP1STAT        equ	399	;# 
  3491     0190                     SSP1CON1        equ	400	;# 
  3492     0191                     SSP1CON2        equ	401	;# 
  3493     0192                     SSP1CON3        equ	402	;# 
  3494     0196                     SSP2BUF         equ	406	;# 
  3495     0197                     SSP2ADD         equ	407	;# 
  3496     0198                     SSP2MSK         equ	408	;# 
  3497     0199                     SSP2STAT        equ	409	;# 
  3498     019A                     SSP2CON1        equ	410	;# 
  3499     019B                     SSP2CON2        equ	411	;# 
  3500     019C                     SSP2CON3        equ	412	;# 
  3501     020C                     TMR1            equ	524	;# 
  3502     020C                     TMR1L           equ	524	;# 
  3503     020D                     TMR1H           equ	525	;# 
  3504     020E                     T1CON           equ	526	;# 
  3505     020F                     T1GCON          equ	527	;# 
  3506     020F                     PR1             equ	527	;# 
  3507     0210                     T1GATE          equ	528	;# 
  3508     0210                     TMR1GATE        equ	528	;# 
  3509     0211                     T1CLK           equ	529	;# 
  3510     0211                     TMR1CLK         equ	529	;# 
  3511     0212                     TMR3            equ	530	;# 
  3512     0212                     TMR3L           equ	530	;# 
  3513     0213                     TMR3H           equ	531	;# 
  3514     0214                     T3CON           equ	532	;# 
  3515     0215                     T3GCON          equ	533	;# 
  3516     0215                     PR3             equ	533	;# 
  3517     0216                     T3GATE          equ	534	;# 
  3518     0216                     TMR3GATE        equ	534	;# 
  3519     0217                     T3CLK           equ	535	;# 
  3520     0217                     TMR3CLK         equ	535	;# 
  3521     0218                     TMR5            equ	536	;# 
  3522     0218                     TMR5L           equ	536	;# 
  3523     0219                     TMR5H           equ	537	;# 
  3524     021A                     T5CON           equ	538	;# 
  3525     021B                     T5GCON          equ	539	;# 
  3526     021B                     PR5             equ	539	;# 
  3527     021C                     T5GATE          equ	540	;# 
  3528     021C                     TMR5GATE        equ	540	;# 
  3529     021D                     T5CLK           equ	541	;# 
  3530     021D                     TMR5CLK         equ	541	;# 
  3531     021E                     CCPTMRS0        equ	542	;# 
  3532     021F                     CCPTMRS1        equ	543	;# 
  3533     028C                     T2TMR           equ	652	;# 
  3534     028C                     TMR2            equ	652	;# 
  3535     028D                     T2PR            equ	653	;# 
  3536     028D                     PR2             equ	653	;# 
  3537     028E                     T2CON           equ	654	;# 
  3538     028F                     T2HLT           equ	655	;# 
  3539     0290                     T2CLKCON        equ	656	;# 
  3540     0290                     T2CLK           equ	656	;# 
  3541     0291                     T2RST           equ	657	;# 
  3542     0292                     T4TMR           equ	658	;# 
  3543     0292                     TMR4            equ	658	;# 
  3544     0293                     T4PR            equ	659	;# 
  3545     0293                     PR4             equ	659	;# 
  3546     0294                     T4CON           equ	660	;# 
  3547     0295                     T4HLT           equ	661	;# 
  3548     0296                     T4CLKCON        equ	662	;# 
  3549     0296                     T4CLK           equ	662	;# 
  3550     0297                     T4RST           equ	663	;# 
  3551     0298                     T6TMR           equ	664	;# 
  3552     0298                     TMR6            equ	664	;# 
  3553     0299                     T6PR            equ	665	;# 
  3554     0299                     PR6             equ	665	;# 
  3555     029A                     T6CON           equ	666	;# 
  3556     029B                     T6HLT           equ	667	;# 
  3557     029C                     T6CLKCON        equ	668	;# 
  3558     029C                     T6CLK           equ	668	;# 
  3559     029D                     T6RST           equ	669	;# 
  3560     030C                     CCPR1           equ	780	;# 
  3561     030C                     CCPR1L          equ	780	;# 
  3562     030D                     CCPR1H          equ	781	;# 
  3563     030E                     CCP1CON         equ	782	;# 
  3564     030F                     CCP1CAP         equ	783	;# 
  3565     0310                     CCPR2           equ	784	;# 
  3566     0310                     CCPR2L          equ	784	;# 
  3567     0311                     CCPR2H          equ	785	;# 
  3568     0312                     CCP2CON         equ	786	;# 
  3569     0313                     CCP2CAP         equ	787	;# 
  3570     0314                     CCPR3           equ	788	;# 
  3571     0314                     CCPR3L          equ	788	;# 
  3572     0315                     CCPR3H          equ	789	;# 
  3573     0316                     CCP3CON         equ	790	;# 
  3574     0317                     CCP3CAP         equ	791	;# 
  3575     0318                     CCPR4           equ	792	;# 
  3576     0318                     CCPR4L          equ	792	;# 
  3577     0319                     CCPR4H          equ	793	;# 
  3578     031A                     CCP4CON         equ	794	;# 
  3579     031B                     CCP4CAP         equ	795	;# 
  3580     031C                     CCPR5           equ	796	;# 
  3581     031C                     CCPR5L          equ	796	;# 
  3582     031D                     CCPR5H          equ	797	;# 
  3583     031E                     CCP5CON         equ	798	;# 
  3584     031F                     CCP5CAP         equ	799	;# 
  3585     038C                     PWM6DC          equ	908	;# 
  3586     038C                     PWM6DCL         equ	908	;# 
  3587     038D                     PWM6DCH         equ	909	;# 
  3588     038E                     PWM6CON         equ	910	;# 
  3589     0390                     PWM7DC          equ	912	;# 
  3590     0390                     PWM7DCL         equ	912	;# 
  3591     0391                     PWM7DCH         equ	913	;# 
  3592     0392                     PWM7CON         equ	914	;# 
  3593     040C                     SCANLADRL       equ	1036	;# 
  3594     040D                     SCANLADRH       equ	1037	;# 
  3595     040E                     SCANHADRL       equ	1038	;# 
  3596     040F                     SCANHADRH       equ	1039	;# 
  3597     0410                     SCANCON0        equ	1040	;# 
  3598     0411                     SCANTRIG        equ	1041	;# 
  3599     0416                     CRCDATA         equ	1046	;# 
  3600     0416                     CRCDATL         equ	1046	;# 
  3601     0417                     CRCDATH         equ	1047	;# 
  3602     0418                     CRCACC          equ	1048	;# 
  3603     0418                     CRCACCL         equ	1048	;# 
  3604     0419                     CRCACCH         equ	1049	;# 
  3605     041A                     CRCSHFT         equ	1050	;# 
  3606     041A                     CRCSHIFTL       equ	1050	;# 
  3607     041B                     CRCSHIFTH       equ	1051	;# 
  3608     041C                     CRCXOR          equ	1052	;# 
  3609     041C                     CRCXORL         equ	1052	;# 
  3610     041D                     CRCXORH         equ	1053	;# 
  3611     041E                     CRCCON0         equ	1054	;# 
  3612     041F                     CRCCON1         equ	1055	;# 
  3613     048C                     SMT1TMR         equ	1164	;# 
  3614     048C                     SMT1TMRL        equ	1164	;# 
  3615     048D                     SMT1TMRH        equ	1165	;# 
  3616     048E                     SMT1TMRU        equ	1166	;# 
  3617     048F                     SMT1CPR         equ	1167	;# 
  3618     048F                     SMT1CPRL        equ	1167	;# 
  3619     0490                     SMT1CPRH        equ	1168	;# 
  3620     0491                     SMT1CPRU        equ	1169	;# 
  3621     0492                     SMT1CPW         equ	1170	;# 
  3622     0492                     SMT1CPWL        equ	1170	;# 
  3623     0493                     SMT1CPWH        equ	1171	;# 
  3624     0494                     SMT1CPWU        equ	1172	;# 
  3625     0495                     SMT1PR          equ	1173	;# 
  3626     0495                     SMT1PRL         equ	1173	;# 
  3627     0496                     SMT1PRH         equ	1174	;# 
  3628     0497                     SMT1PRU         equ	1175	;# 
  3629     0498                     SMT1CON0        equ	1176	;# 
  3630     0499                     SMT1CON1        equ	1177	;# 
  3631     049A                     SMT1STAT        equ	1178	;# 
  3632     049B                     SMT1CLK         equ	1179	;# 
  3633     049C                     SMT1SIG         equ	1180	;# 
  3634     049D                     SMT1WIN         equ	1181	;# 
  3635     050C                     SMT2TMR         equ	1292	;# 
  3636     050C                     SMT2TMRL        equ	1292	;# 
  3637     050D                     SMT2TMRH        equ	1293	;# 
  3638     050E                     SMT2TMRU        equ	1294	;# 
  3639     050F                     SMT2CPR         equ	1295	;# 
  3640     050F                     SMT2CPRL        equ	1295	;# 
  3641     0510                     SMT2CPRH        equ	1296	;# 
  3642     0511                     SMT2CPRU        equ	1297	;# 
  3643     0512                     SMT2CPW         equ	1298	;# 
  3644     0512                     SMT2CPWL        equ	1298	;# 
  3645     0513                     SMT2CPWH        equ	1299	;# 
  3646     0514                     SMT2CPWU        equ	1300	;# 
  3647     0515                     SMT2PR          equ	1301	;# 
  3648     0515                     SMT2PRL         equ	1301	;# 
  3649     0516                     SMT2PRH         equ	1302	;# 
  3650     0517                     SMT2PRU         equ	1303	;# 
  3651     0518                     SMT2CON0        equ	1304	;# 
  3652     0519                     SMT2CON1        equ	1305	;# 
  3653     051A                     SMT2STAT        equ	1306	;# 
  3654     051B                     SMT2CLK         equ	1307	;# 
  3655     051C                     SMT2SIG         equ	1308	;# 
  3656     051D                     SMT2WIN         equ	1309	;# 
  3657     058C                     NCO1ACC         equ	1420	;# 
  3658     058C                     NCO1ACCL        equ	1420	;# 
  3659     058D                     NCO1ACCH        equ	1421	;# 
  3660     058E                     NCO1ACCU        equ	1422	;# 
  3661     058F                     NCO1INC         equ	1423	;# 
  3662     058F                     NCO1INCL        equ	1423	;# 
  3663     0590                     NCO1INCH        equ	1424	;# 
  3664     0591                     NCO1INCU        equ	1425	;# 
  3665     0592                     NCO1CON         equ	1426	;# 
  3666     0593                     NCO1CLK         equ	1427	;# 
  3667     060C                     CWG1CLKCON      equ	1548	;# 
  3668     060D                     CWG1ISM         equ	1549	;# 
  3669     060E                     CWG1DBR         equ	1550	;# 
  3670     060F                     CWG1DBF         equ	1551	;# 
  3671     0610                     CWG1CON0        equ	1552	;# 
  3672     0611                     CWG1CON1        equ	1553	;# 
  3673     0612                     CWG1AS0         equ	1554	;# 
  3674     0613                     CWG1AS1         equ	1555	;# 
  3675     0614                     CWG1STR         equ	1556	;# 
  3676     0616                     CWG2CLKCON      equ	1558	;# 
  3677     0617                     CWG2ISM         equ	1559	;# 
  3678     0618                     CWG2DBR         equ	1560	;# 
  3679     0619                     CWG2DBF         equ	1561	;# 
  3680     061A                     CWG2CON0        equ	1562	;# 
  3681     061B                     CWG2CON1        equ	1563	;# 
  3682     061C                     CWG2AS0         equ	1564	;# 
  3683     061D                     CWG2AS1         equ	1565	;# 
  3684     061E                     CWG2STR         equ	1566	;# 
  3685     068C                     CWG3CLKCON      equ	1676	;# 
  3686     068D                     CWG3ISM         equ	1677	;# 
  3687     068E                     CWG3DBR         equ	1678	;# 
  3688     068F                     CWG3DBF         equ	1679	;# 
  3689     0690                     CWG3CON0        equ	1680	;# 
  3690     0691                     CWG3CON1        equ	1681	;# 
  3691     0692                     CWG3AS0         equ	1682	;# 
  3692     0693                     CWG3AS1         equ	1683	;# 
  3693     0694                     CWG3STR         equ	1684	;# 
  3694     070C                     PIR0            equ	1804	;# 
  3695     070D                     PIR1            equ	1805	;# 
  3696     070E                     PIR2            equ	1806	;# 
  3697     070F                     PIR3            equ	1807	;# 
  3698     0710                     PIR4            equ	1808	;# 
  3699     0711                     PIR5            equ	1809	;# 
  3700     0712                     PIR6            equ	1810	;# 
  3701     0713                     PIR7            equ	1811	;# 
  3702     0714                     PIR8            equ	1812	;# 
  3703     0716                     PIE0            equ	1814	;# 
  3704     0717                     PIE1            equ	1815	;# 
  3705     0718                     PIE2            equ	1816	;# 
  3706     0719                     PIE3            equ	1817	;# 
  3707     071A                     PIE4            equ	1818	;# 
  3708     071B                     PIE5            equ	1819	;# 
  3709     071C                     PIE6            equ	1820	;# 
  3710     071D                     PIE7            equ	1821	;# 
  3711     071E                     PIE8            equ	1822	;# 
  3712     0796                     PMD0            equ	1942	;# 
  3713     0797                     PMD1            equ	1943	;# 
  3714     0798                     PMD2            equ	1944	;# 
  3715     0799                     PMD3            equ	1945	;# 
  3716     079A                     PMD4            equ	1946	;# 
  3717     079B                     PMD5            equ	1947	;# 
  3718     080C                     WDTCON0         equ	2060	;# 
  3719     080D                     WDTCON1         equ	2061	;# 
  3720     080E                     WDTPSL          equ	2062	;# 
  3721     080F                     WDTPSH          equ	2063	;# 
  3722     0810                     WDTTMR          equ	2064	;# 
  3723     0811                     BORCON          equ	2065	;# 
  3724     0812                     VREGCON         equ	2066	;# 
  3725     0813                     PCON0           equ	2067	;# 
  3726     0814                     CCDCON          equ	2068	;# 
  3727     081A                     NVMADRL         equ	2074	;# 
  3728     081B                     NVMADRH         equ	2075	;# 
  3729     081C                     NVMDATL         equ	2076	;# 
  3730     081D                     NVMDATH         equ	2077	;# 
  3731     081E                     NVMCON1         equ	2078	;# 
  3732     081F                     NVMCON2         equ	2079	;# 
  3733     088C                     CPUDOZE         equ	2188	;# 
  3734     088D                     OSCCON1         equ	2189	;# 
  3735     088E                     OSCCON2         equ	2190	;# 
  3736     088F                     OSCCON3         equ	2191	;# 
  3737     0890                     OSCSTAT         equ	2192	;# 
  3738     0891                     OSCEN           equ	2193	;# 
  3739     0892                     OSCTUNE         equ	2194	;# 
  3740     0893                     OSCFRQ          equ	2195	;# 
  3741     0895                     CLKRCON         equ	2197	;# 
  3742     0896                     CLKRCLK         equ	2198	;# 
  3743     0897                     MDCON0          equ	2199	;# 
  3744     0898                     MDCON1          equ	2200	;# 
  3745     0899                     MDSRC           equ	2201	;# 
  3746     089A                     MDCARL          equ	2202	;# 
  3747     089B                     MDCARH          equ	2203	;# 
  3748     090C                     FVRCON          equ	2316	;# 
  3749     090E                     DAC1CON0        equ	2318	;# 
  3750     090F                     DAC1CON1        equ	2319	;# 
  3751     091F                     ZCD1CON         equ	2335	;# 
  3752     091F                     ZCDCON          equ	2335	;# 
  3753     098F                     CMOUT           equ	2447	;# 
  3754     098F                     CMSTAT          equ	2447	;# 
  3755     0990                     CM1CON0         equ	2448	;# 
  3756     0991                     CM1CON1         equ	2449	;# 
  3757     0992                     CM1NSEL         equ	2450	;# 
  3758     0993                     CM1PSEL         equ	2451	;# 
  3759     0994                     CM2CON0         equ	2452	;# 
  3760     0995                     CM2CON1         equ	2453	;# 
  3761     0996                     CM2NSEL         equ	2454	;# 
  3762     0997                     CM2PSEL         equ	2455	;# 
  3763     0E0F                     CLCDATA         equ	3599	;# 
  3764     0E10                     CLC1CON         equ	3600	;# 
  3765     0E11                     CLC1POL         equ	3601	;# 
  3766     0E12                     CLC1SEL0        equ	3602	;# 
  3767     0E13                     CLC1SEL1        equ	3603	;# 
  3768     0E14                     CLC1SEL2        equ	3604	;# 
  3769     0E15                     CLC1SEL3        equ	3605	;# 
  3770     0E16                     CLC1GLS0        equ	3606	;# 
  3771     0E17                     CLC1GLS1        equ	3607	;# 
  3772     0E18                     CLC1GLS2        equ	3608	;# 
  3773     0E19                     CLC1GLS3        equ	3609	;# 
  3774     0E1A                     CLC2CON         equ	3610	;# 
  3775     0E1B                     CLC2POL         equ	3611	;# 
  3776     0E1C                     CLC2SEL0        equ	3612	;# 
  3777     0E1D                     CLC2SEL1        equ	3613	;# 
  3778     0E1E                     CLC2SEL2        equ	3614	;# 
  3779     0E1F                     CLC2SEL3        equ	3615	;# 
  3780     0E20                     CLC2GLS0        equ	3616	;# 
  3781     0E21                     CLC2GLS1        equ	3617	;# 
  3782     0E22                     CLC2GLS2        equ	3618	;# 
  3783     0E23                     CLC2GLS3        equ	3619	;# 
  3784     0E24                     CLC3CON         equ	3620	;# 
  3785     0E25                     CLC3POL         equ	3621	;# 
  3786     0E26                     CLC3SEL0        equ	3622	;# 
  3787     0E27                     CLC3SEL1        equ	3623	;# 
  3788     0E28                     CLC3SEL2        equ	3624	;# 
  3789     0E29                     CLC3SEL3        equ	3625	;# 
  3790     0E2A                     CLC3GLS0        equ	3626	;# 
  3791     0E2B                     CLC3GLS1        equ	3627	;# 
  3792     0E2C                     CLC3GLS2        equ	3628	;# 
  3793     0E2D                     CLC3GLS3        equ	3629	;# 
  3794     0E2E                     CLC4CON         equ	3630	;# 
  3795     0E2F                     CLC4POL         equ	3631	;# 
  3796     0E30                     CLC4SEL0        equ	3632	;# 
  3797     0E31                     CLC4SEL1        equ	3633	;# 
  3798     0E32                     CLC4SEL2        equ	3634	;# 
  3799     0E33                     CLC4SEL3        equ	3635	;# 
  3800     0E34                     CLC4GLS0        equ	3636	;# 
  3801     0E35                     CLC4GLS1        equ	3637	;# 
  3802     0E36                     CLC4GLS2        equ	3638	;# 
  3803     0E37                     CLC4GLS3        equ	3639	;# 
  3804     0E8F                     PPSLOCK         equ	3727	;# 
  3805     0E90                     INTPPS          equ	3728	;# 
  3806     0E91                     T0CKIPPS        equ	3729	;# 
  3807     0E92                     T1CKIPPS        equ	3730	;# 
  3808     0E93                     T1GPPS          equ	3731	;# 
  3809     0E94                     T3CKIPPS        equ	3732	;# 
  3810     0E95                     T3GPPS          equ	3733	;# 
  3811     0E96                     T5CKIPPS        equ	3734	;# 
  3812     0E97                     T5GPPS          equ	3735	;# 
  3813     0E9C                     T2AINPPS        equ	3740	;# 
  3814     0E9D                     T4AINPPS        equ	3741	;# 
  3815     0E9E                     T6AINPPS        equ	3742	;# 
  3816     0EA1                     CCP1PPS         equ	3745	;# 
  3817     0EA2                     CCP2PPS         equ	3746	;# 
  3818     0EA3                     CCP3PPS         equ	3747	;# 
  3819     0EA4                     CCP4PPS         equ	3748	;# 
  3820     0EA5                     CCP5PPS         equ	3749	;# 
  3821     0EA9                     SMT1WINPPS      equ	3753	;# 
  3822     0EAA                     SMT1SIGPPS      equ	3754	;# 
  3823     0EAB                     SMT2WINPPS      equ	3755	;# 
  3824     0EAC                     SMT2SIGPPS      equ	3756	;# 
  3825     0EB1                     CWG1PPS         equ	3761	;# 
  3826     0EB2                     CWG2PPS         equ	3762	;# 
  3827     0EB3                     CWG3PPS         equ	3763	;# 
  3828     0EB8                     MDCARLPPS       equ	3768	;# 
  3829     0EB9                     MDCARHPPS       equ	3769	;# 
  3830     0EBA                     MDSRCPPS        equ	3770	;# 
  3831     0EBB                     CLCIN0PPS       equ	3771	;# 
  3832     0EBC                     CLCIN1PPS       equ	3772	;# 
  3833     0EBD                     CLCIN2PPS       equ	3773	;# 
  3834     0EBE                     CLCIN3PPS       equ	3774	;# 
  3835     0EC3                     ADCACTPPS       equ	3779	;# 
  3836     0EC5                     SSP1CLKPPS      equ	3781	;# 
  3837     0EC6                     SSP1DATPPS      equ	3782	;# 
  3838     0EC7                     SSP1SSPPS       equ	3783	;# 
  3839     0EC8                     SSP2CLKPPS      equ	3784	;# 
  3840     0EC9                     SSP2DATPPS      equ	3785	;# 
  3841     0ECA                     SSP2SSPPS       equ	3786	;# 
  3842     0ECB                     RXPPS           equ	3787	;# 
  3843     0ECC                     TXPPS           equ	3788	;# 
  3844     0F10                     RA0PPS          equ	3856	;# 
  3845     0F11                     RA1PPS          equ	3857	;# 
  3846     0F12                     RA2PPS          equ	3858	;# 
  3847     0F13                     RA3PPS          equ	3859	;# 
  3848     0F14                     RA4PPS          equ	3860	;# 
  3849     0F15                     RA5PPS          equ	3861	;# 
  3850     0F16                     RA6PPS          equ	3862	;# 
  3851     0F17                     RA7PPS          equ	3863	;# 
  3852     0F18                     RB0PPS          equ	3864	;# 
  3853     0F19                     RB1PPS          equ	3865	;# 
  3854     0F1A                     RB2PPS          equ	3866	;# 
  3855     0F1B                     RB3PPS          equ	3867	;# 
  3856     0F1C                     RB4PPS          equ	3868	;# 
  3857     0F1D                     RB5PPS          equ	3869	;# 
  3858     0F1E                     RB6PPS          equ	3870	;# 
  3859     0F1F                     RB7PPS          equ	3871	;# 
  3860     0F20                     RC0PPS          equ	3872	;# 
  3861     0F21                     RC1PPS          equ	3873	;# 
  3862     0F22                     RC2PPS          equ	3874	;# 
  3863     0F23                     RC3PPS          equ	3875	;# 
  3864     0F24                     RC4PPS          equ	3876	;# 
  3865     0F25                     RC5PPS          equ	3877	;# 
  3866     0F26                     RC6PPS          equ	3878	;# 
  3867     0F27                     RC7PPS          equ	3879	;# 
  3868     0F28                     RD0PPS          equ	3880	;# 
  3869     0F29                     RD1PPS          equ	3881	;# 
  3870     0F2A                     RD2PPS          equ	3882	;# 
  3871     0F2B                     RD3PPS          equ	3883	;# 
  3872     0F2C                     RD4PPS          equ	3884	;# 
  3873     0F2D                     RD5PPS          equ	3885	;# 
  3874     0F2E                     RD6PPS          equ	3886	;# 
  3875     0F2F                     RD7PPS          equ	3887	;# 
  3876     0F30                     RE0PPS          equ	3888	;# 
  3877     0F31                     RE1PPS          equ	3889	;# 
  3878     0F32                     RE2PPS          equ	3890	;# 
  3879     0F38                     ANSELA          equ	3896	;# 
  3880     0F39                     WPUA            equ	3897	;# 
  3881     0F3A                     ODCONA          equ	3898	;# 
  3882     0F3B                     SLRCONA         equ	3899	;# 
  3883     0F3C                     INLVLA          equ	3900	;# 
  3884     0F3D                     IOCAP           equ	3901	;# 
  3885     0F3E                     IOCAN           equ	3902	;# 
  3886     0F3F                     IOCAF           equ	3903	;# 
  3887     0F40                     CCDNA           equ	3904	;# 
  3888     0F41                     CCDPA           equ	3905	;# 
  3889     0F43                     ANSELB          equ	3907	;# 
  3890     0F44                     WPUB            equ	3908	;# 
  3891     0F45                     ODCONB          equ	3909	;# 
  3892     0F46                     SLRCONB         equ	3910	;# 
  3893     0F47                     INLVLB          equ	3911	;# 
  3894     0F48                     IOCBP           equ	3912	;# 
  3895     0F49                     IOCBN           equ	3913	;# 
  3896     0F4A                     IOCBF           equ	3914	;# 
  3897     0F4B                     CCDNB           equ	3915	;# 
  3898     0F4C                     CCDPB           equ	3916	;# 
  3899     0F4E                     ANSELC          equ	3918	;# 
  3900     0F4F                     WPUC            equ	3919	;# 
  3901     0F50                     ODCONC          equ	3920	;# 
  3902     0F51                     SLRCONC         equ	3921	;# 
  3903     0F52                     INLVLC          equ	3922	;# 
  3904     0F53                     IOCCP           equ	3923	;# 
  3905     0F54                     IOCCN           equ	3924	;# 
  3906     0F55                     IOCCF           equ	3925	;# 
  3907     0F56                     CCDNC           equ	3926	;# 
  3908     0F57                     CCDPC           equ	3927	;# 
  3909     0F59                     ANSELD          equ	3929	;# 
  3910     0F5A                     WPUD            equ	3930	;# 
  3911     0F5B                     ODCOND          equ	3931	;# 
  3912     0F5C                     SLRCOND         equ	3932	;# 
  3913     0F5D                     INLVLD          equ	3933	;# 
  3914     0F61                     CCDND           equ	3937	;# 
  3915     0F62                     CCDPD           equ	3938	;# 
  3916     0F64                     ANSELE          equ	3940	;# 
  3917     0F65                     WPUE            equ	3941	;# 
  3918     0F66                     ODCONE          equ	3942	;# 
  3919     0F67                     SLRCONE         equ	3943	;# 
  3920     0F68                     INLVLE          equ	3944	;# 
  3921     0F69                     IOCEP           equ	3945	;# 
  3922     0F6A                     IOCEN           equ	3946	;# 
  3923     0F6B                     IOCEF           equ	3947	;# 
  3924     0F6C                     CCDNE           equ	3948	;# 
  3925     0F6D                     CCDPE           equ	3949	;# 
  3926     0FE4                     STATUS_SHAD     equ	4068	;# 
  3927     0FE5                     WREG_SHAD       equ	4069	;# 
  3928     0FE6                     BSR_SHAD        equ	4070	;# 
  3929     0FE7                     PCLATH_SHAD     equ	4071	;# 
  3930     0FE8                     FSR0L_SHAD      equ	4072	;# 
  3931     0FE9                     FSR0H_SHAD      equ	4073	;# 
  3932     0FEA                     FSR1L_SHAD      equ	4074	;# 
  3933     0FEB                     FSR1H_SHAD      equ	4075	;# 
  3934     0FED                     STKPTR          equ	4077	;# 
  3935     0FEE                     TOSL            equ	4078	;# 
  3936     0FEF                     TOSH            equ	4079	;# 
  3937     0000                     INDF0           equ	0	;# 
  3938     0001                     INDF1           equ	1	;# 
  3939     0002                     PCL             equ	2	;# 
  3940     0003                     STATUS          equ	3	;# 
  3941     0004                     FSR0L           equ	4	;# 
  3942     0005                     FSR0H           equ	5	;# 
  3943     0006                     FSR1L           equ	6	;# 
  3944     0007                     FSR1H           equ	7	;# 
  3945     0008                     BSR             equ	8	;# 
  3946     0009                     WREG            equ	9	;# 
  3947     000A                     PCLATH          equ	10	;# 
  3948     000B                     INTCON          equ	11	;# 
  3949     000C                     PORTA           equ	12	;# 
  3950     000D                     PORTB           equ	13	;# 
  3951     000E                     PORTC           equ	14	;# 
  3952     000F                     PORTD           equ	15	;# 
  3953     0010                     PORTE           equ	16	;# 
  3954     0011                     TRISA           equ	17	;# 
  3955     0012                     TRISB           equ	18	;# 
  3956     0013                     TRISC           equ	19	;# 
  3957     0014                     TRISD           equ	20	;# 
  3958     0015                     TRISE           equ	21	;# 
  3959     0016                     LATA            equ	22	;# 
  3960     0017                     LATB            equ	23	;# 
  3961     0018                     LATC            equ	24	;# 
  3962     0019                     LATD            equ	25	;# 
  3963     001A                     LATE            equ	26	;# 
  3964     001C                     TMR0L           equ	28	;# 
  3965     001C                     TMR0            equ	28	;# 
  3966     001D                     TMR0H           equ	29	;# 
  3967     001D                     PR0             equ	29	;# 
  3968     001E                     T0CON0          equ	30	;# 
  3969     001F                     T0CON1          equ	31	;# 
  3970     008C                     ADRES           equ	140	;# 
  3971     008C                     ADRESL          equ	140	;# 
  3972     008D                     ADRESH          equ	141	;# 
  3973     008E                     ADPREV          equ	142	;# 
  3974     008E                     ADPREVL         equ	142	;# 
  3975     008F                     ADPREVH         equ	143	;# 
  3976     0090                     ADACC           equ	144	;# 
  3977     0090                     ADACCL          equ	144	;# 
  3978     0091                     ADACCH          equ	145	;# 
  3979     0093                     ADCON0          equ	147	;# 
  3980     0094                     ADCON1          equ	148	;# 
  3981     0095                     ADCON2          equ	149	;# 
  3982     0096                     ADCON3          equ	150	;# 
  3983     0097                     ADSTAT          equ	151	;# 
  3984     0098                     ADCLK           equ	152	;# 
  3985     0099                     ADACT           equ	153	;# 
  3986     009A                     ADREF           equ	154	;# 
  3987     009B                     ADCAP           equ	155	;# 
  3988     009C                     ADPRE           equ	156	;# 
  3989     009D                     ADACQ           equ	157	;# 
  3990     009E                     ADPCH           equ	158	;# 
  3991     010C                     ADCNT           equ	268	;# 
  3992     010D                     ADRPT           equ	269	;# 
  3993     010E                     ADLTH           equ	270	;# 
  3994     010E                     ADLTHL          equ	270	;# 
  3995     010F                     ADLTHH          equ	271	;# 
  3996     0110                     ADUTH           equ	272	;# 
  3997     0110                     ADUTHL          equ	272	;# 
  3998     0111                     ADUTHH          equ	273	;# 
  3999     0112                     ADSTPT          equ	274	;# 
  4000     0112                     ADSTPTL         equ	274	;# 
  4001     0113                     ADSTPTH         equ	275	;# 
  4002     0114                     ADFLTR          equ	276	;# 
  4003     0114                     ADFLTRL         equ	276	;# 
  4004     0115                     ADFLTRH         equ	277	;# 
  4005     0116                     ADERR           equ	278	;# 
  4006     0116                     ADERRL          equ	278	;# 
  4007     0117                     ADERRH          equ	279	;# 
  4008     0119                     RC1REG          equ	281	;# 
  4009     0119                     RCREG           equ	281	;# 
  4010     0119                     RCREG1          equ	281	;# 
  4011     011A                     TX1REG          equ	282	;# 
  4012     011A                     TXREG1          equ	282	;# 
  4013     011A                     TXREG           equ	282	;# 
  4014     011B                     SP1BRG          equ	283	;# 
  4015     011B                     SPBRG           equ	283	;# 
  4016     011B                     SP1BRGL         equ	283	;# 
  4017     011B                     SPBRG1          equ	283	;# 
  4018     011B                     SPBRGL          equ	283	;# 
  4019     011C                     SP1BRGH         equ	284	;# 
  4020     011C                     SPBRGH          equ	284	;# 
  4021     011C                     SPBRGH1         equ	284	;# 
  4022     011D                     RC1STA          equ	285	;# 
  4023     011D                     RCSTA1          equ	285	;# 
  4024     011D                     RCSTA           equ	285	;# 
  4025     011E                     TX1STA          equ	286	;# 
  4026     011E                     TXSTA1          equ	286	;# 
  4027     011E                     TXSTA           equ	286	;# 
  4028     011F                     BAUD1CON        equ	287	;# 
  4029     011F                     BAUDCON1        equ	287	;# 
  4030     011F                     BAUDCTL1        equ	287	;# 
  4031     011F                     BAUDCON         equ	287	;# 
  4032     011F                     BAUDCTL         equ	287	;# 
  4033     018C                     SSP1BUF         equ	396	;# 
  4034     018D                     SSP1ADD         equ	397	;# 
  4035     018E                     SSP1MSK         equ	398	;# 
  4036     018F                     SSP1STAT        equ	399	;# 
  4037     0190                     SSP1CON1        equ	400	;# 
  4038     0191                     SSP1CON2        equ	401	;# 
  4039     0192                     SSP1CON3        equ	402	;# 
  4040     0196                     SSP2BUF         equ	406	;# 
  4041     0197                     SSP2ADD         equ	407	;# 
  4042     0198                     SSP2MSK         equ	408	;# 
  4043     0199                     SSP2STAT        equ	409	;# 
  4044     019A                     SSP2CON1        equ	410	;# 
  4045     019B                     SSP2CON2        equ	411	;# 
  4046     019C                     SSP2CON3        equ	412	;# 
  4047     020C                     TMR1            equ	524	;# 
  4048     020C                     TMR1L           equ	524	;# 
  4049     020D                     TMR1H           equ	525	;# 
  4050     020E                     T1CON           equ	526	;# 
  4051     020F                     T1GCON          equ	527	;# 
  4052     020F                     PR1             equ	527	;# 
  4053     0210                     T1GATE          equ	528	;# 
  4054     0210                     TMR1GATE        equ	528	;# 
  4055     0211                     T1CLK           equ	529	;# 
  4056     0211                     TMR1CLK         equ	529	;# 
  4057     0212                     TMR3            equ	530	;# 
  4058     0212                     TMR3L           equ	530	;# 
  4059     0213                     TMR3H           equ	531	;# 
  4060     0214                     T3CON           equ	532	;# 
  4061     0215                     T3GCON          equ	533	;# 
  4062     0215                     PR3             equ	533	;# 
  4063     0216                     T3GATE          equ	534	;# 
  4064     0216                     TMR3GATE        equ	534	;# 
  4065     0217                     T3CLK           equ	535	;# 
  4066     0217                     TMR3CLK         equ	535	;# 
  4067     0218                     TMR5            equ	536	;# 
  4068     0218                     TMR5L           equ	536	;# 
  4069     0219                     TMR5H           equ	537	;# 
  4070     021A                     T5CON           equ	538	;# 
  4071     021B                     T5GCON          equ	539	;# 
  4072     021B                     PR5             equ	539	;# 
  4073     021C                     T5GATE          equ	540	;# 
  4074     021C                     TMR5GATE        equ	540	;# 
  4075     021D                     T5CLK           equ	541	;# 
  4076     021D                     TMR5CLK         equ	541	;# 
  4077     021E                     CCPTMRS0        equ	542	;# 
  4078     021F                     CCPTMRS1        equ	543	;# 
  4079     028C                     T2TMR           equ	652	;# 
  4080     028C                     TMR2            equ	652	;# 
  4081     028D                     T2PR            equ	653	;# 
  4082     028D                     PR2             equ	653	;# 
  4083     028E                     T2CON           equ	654	;# 
  4084     028F                     T2HLT           equ	655	;# 
  4085     0290                     T2CLKCON        equ	656	;# 
  4086     0290                     T2CLK           equ	656	;# 
  4087     0291                     T2RST           equ	657	;# 
  4088     0292                     T4TMR           equ	658	;# 
  4089     0292                     TMR4            equ	658	;# 
  4090     0293                     T4PR            equ	659	;# 
  4091     0293                     PR4             equ	659	;# 
  4092     0294                     T4CON           equ	660	;# 
  4093     0295                     T4HLT           equ	661	;# 
  4094     0296                     T4CLKCON        equ	662	;# 
  4095     0296                     T4CLK           equ	662	;# 
  4096     0297                     T4RST           equ	663	;# 
  4097     0298                     T6TMR           equ	664	;# 
  4098     0298                     TMR6            equ	664	;# 
  4099     0299                     T6PR            equ	665	;# 
  4100     0299                     PR6             equ	665	;# 
  4101     029A                     T6CON           equ	666	;# 
  4102     029B                     T6HLT           equ	667	;# 
  4103     029C                     T6CLKCON        equ	668	;# 
  4104     029C                     T6CLK           equ	668	;# 
  4105     029D                     T6RST           equ	669	;# 
  4106     030C                     CCPR1           equ	780	;# 
  4107     030C                     CCPR1L          equ	780	;# 
  4108     030D                     CCPR1H          equ	781	;# 
  4109     030E                     CCP1CON         equ	782	;# 
  4110     030F                     CCP1CAP         equ	783	;# 
  4111     0310                     CCPR2           equ	784	;# 
  4112     0310                     CCPR2L          equ	784	;# 
  4113     0311                     CCPR2H          equ	785	;# 
  4114     0312                     CCP2CON         equ	786	;# 
  4115     0313                     CCP2CAP         equ	787	;# 
  4116     0314                     CCPR3           equ	788	;# 
  4117     0314                     CCPR3L          equ	788	;# 
  4118     0315                     CCPR3H          equ	789	;# 
  4119     0316                     CCP3CON         equ	790	;# 
  4120     0317                     CCP3CAP         equ	791	;# 
  4121     0318                     CCPR4           equ	792	;# 
  4122     0318                     CCPR4L          equ	792	;# 
  4123     0319                     CCPR4H          equ	793	;# 
  4124     031A                     CCP4CON         equ	794	;# 
  4125     031B                     CCP4CAP         equ	795	;# 
  4126     031C                     CCPR5           equ	796	;# 
  4127     031C                     CCPR5L          equ	796	;# 
  4128     031D                     CCPR5H          equ	797	;# 
  4129     031E                     CCP5CON         equ	798	;# 
  4130     031F                     CCP5CAP         equ	799	;# 
  4131     038C                     PWM6DC          equ	908	;# 
  4132     038C                     PWM6DCL         equ	908	;# 
  4133     038D                     PWM6DCH         equ	909	;# 
  4134     038E                     PWM6CON         equ	910	;# 
  4135     0390                     PWM7DC          equ	912	;# 
  4136     0390                     PWM7DCL         equ	912	;# 
  4137     0391                     PWM7DCH         equ	913	;# 
  4138     0392                     PWM7CON         equ	914	;# 
  4139     040C                     SCANLADRL       equ	1036	;# 
  4140     040D                     SCANLADRH       equ	1037	;# 
  4141     040E                     SCANHADRL       equ	1038	;# 
  4142     040F                     SCANHADRH       equ	1039	;# 
  4143     0410                     SCANCON0        equ	1040	;# 
  4144     0411                     SCANTRIG        equ	1041	;# 
  4145     0416                     CRCDATA         equ	1046	;# 
  4146     0416                     CRCDATL         equ	1046	;# 
  4147     0417                     CRCDATH         equ	1047	;# 
  4148     0418                     CRCACC          equ	1048	;# 
  4149     0418                     CRCACCL         equ	1048	;# 
  4150     0419                     CRCACCH         equ	1049	;# 
  4151     041A                     CRCSHFT         equ	1050	;# 
  4152     041A                     CRCSHIFTL       equ	1050	;# 
  4153     041B                     CRCSHIFTH       equ	1051	;# 
  4154     041C                     CRCXOR          equ	1052	;# 
  4155     041C                     CRCXORL         equ	1052	;# 
  4156     041D                     CRCXORH         equ	1053	;# 
  4157     041E                     CRCCON0         equ	1054	;# 
  4158     041F                     CRCCON1         equ	1055	;# 
  4159     048C                     SMT1TMR         equ	1164	;# 
  4160     048C                     SMT1TMRL        equ	1164	;# 
  4161     048D                     SMT1TMRH        equ	1165	;# 
  4162     048E                     SMT1TMRU        equ	1166	;# 
  4163     048F                     SMT1CPR         equ	1167	;# 
  4164     048F                     SMT1CPRL        equ	1167	;# 
  4165     0490                     SMT1CPRH        equ	1168	;# 
  4166     0491                     SMT1CPRU        equ	1169	;# 
  4167     0492                     SMT1CPW         equ	1170	;# 
  4168     0492                     SMT1CPWL        equ	1170	;# 
  4169     0493                     SMT1CPWH        equ	1171	;# 
  4170     0494                     SMT1CPWU        equ	1172	;# 
  4171     0495                     SMT1PR          equ	1173	;# 
  4172     0495                     SMT1PRL         equ	1173	;# 
  4173     0496                     SMT1PRH         equ	1174	;# 
  4174     0497                     SMT1PRU         equ	1175	;# 
  4175     0498                     SMT1CON0        equ	1176	;# 
  4176     0499                     SMT1CON1        equ	1177	;# 
  4177     049A                     SMT1STAT        equ	1178	;# 
  4178     049B                     SMT1CLK         equ	1179	;# 
  4179     049C                     SMT1SIG         equ	1180	;# 
  4180     049D                     SMT1WIN         equ	1181	;# 
  4181     050C                     SMT2TMR         equ	1292	;# 
  4182     050C                     SMT2TMRL        equ	1292	;# 
  4183     050D                     SMT2TMRH        equ	1293	;# 
  4184     050E                     SMT2TMRU        equ	1294	;# 
  4185     050F                     SMT2CPR         equ	1295	;# 
  4186     050F                     SMT2CPRL        equ	1295	;# 
  4187     0510                     SMT2CPRH        equ	1296	;# 
  4188     0511                     SMT2CPRU        equ	1297	;# 
  4189     0512                     SMT2CPW         equ	1298	;# 
  4190     0512                     SMT2CPWL        equ	1298	;# 
  4191     0513                     SMT2CPWH        equ	1299	;# 
  4192     0514                     SMT2CPWU        equ	1300	;# 
  4193     0515                     SMT2PR          equ	1301	;# 
  4194     0515                     SMT2PRL         equ	1301	;# 
  4195     0516                     SMT2PRH         equ	1302	;# 
  4196     0517                     SMT2PRU         equ	1303	;# 
  4197     0518                     SMT2CON0        equ	1304	;# 
  4198     0519                     SMT2CON1        equ	1305	;# 
  4199     051A                     SMT2STAT        equ	1306	;# 
  4200     051B                     SMT2CLK         equ	1307	;# 
  4201     051C                     SMT2SIG         equ	1308	;# 
  4202     051D                     SMT2WIN         equ	1309	;# 
  4203     058C                     NCO1ACC         equ	1420	;# 
  4204     058C                     NCO1ACCL        equ	1420	;# 
  4205     058D                     NCO1ACCH        equ	1421	;# 
  4206     058E                     NCO1ACCU        equ	1422	;# 
  4207     058F                     NCO1INC         equ	1423	;# 
  4208     058F                     NCO1INCL        equ	1423	;# 
  4209     0590                     NCO1INCH        equ	1424	;# 
  4210     0591                     NCO1INCU        equ	1425	;# 
  4211     0592                     NCO1CON         equ	1426	;# 
  4212     0593                     NCO1CLK         equ	1427	;# 
  4213     060C                     CWG1CLKCON      equ	1548	;# 
  4214     060D                     CWG1ISM         equ	1549	;# 
  4215     060E                     CWG1DBR         equ	1550	;# 
  4216     060F                     CWG1DBF         equ	1551	;# 
  4217     0610                     CWG1CON0        equ	1552	;# 
  4218     0611                     CWG1CON1        equ	1553	;# 
  4219     0612                     CWG1AS0         equ	1554	;# 
  4220     0613                     CWG1AS1         equ	1555	;# 
  4221     0614                     CWG1STR         equ	1556	;# 
  4222     0616                     CWG2CLKCON      equ	1558	;# 
  4223     0617                     CWG2ISM         equ	1559	;# 
  4224     0618                     CWG2DBR         equ	1560	;# 
  4225     0619                     CWG2DBF         equ	1561	;# 
  4226     061A                     CWG2CON0        equ	1562	;# 
  4227     061B                     CWG2CON1        equ	1563	;# 
  4228     061C                     CWG2AS0         equ	1564	;# 
  4229     061D                     CWG2AS1         equ	1565	;# 
  4230     061E                     CWG2STR         equ	1566	;# 
  4231     068C                     CWG3CLKCON      equ	1676	;# 
  4232     068D                     CWG3ISM         equ	1677	;# 
  4233     068E                     CWG3DBR         equ	1678	;# 
  4234     068F                     CWG3DBF         equ	1679	;# 
  4235     0690                     CWG3CON0        equ	1680	;# 
  4236     0691                     CWG3CON1        equ	1681	;# 
  4237     0692                     CWG3AS0         equ	1682	;# 
  4238     0693                     CWG3AS1         equ	1683	;# 
  4239     0694                     CWG3STR         equ	1684	;# 
  4240     070C                     PIR0            equ	1804	;# 
  4241     070D                     PIR1            equ	1805	;# 
  4242     070E                     PIR2            equ	1806	;# 
  4243     070F                     PIR3            equ	1807	;# 
  4244     0710                     PIR4            equ	1808	;# 
  4245     0711                     PIR5            equ	1809	;# 
  4246     0712                     PIR6            equ	1810	;# 
  4247     0713                     PIR7            equ	1811	;# 
  4248     0714                     PIR8            equ	1812	;# 
  4249     0716                     PIE0            equ	1814	;# 
  4250     0717                     PIE1            equ	1815	;# 
  4251     0718                     PIE2            equ	1816	;# 
  4252     0719                     PIE3            equ	1817	;# 
  4253     071A                     PIE4            equ	1818	;# 
  4254     071B                     PIE5            equ	1819	;# 
  4255     071C                     PIE6            equ	1820	;# 
  4256     071D                     PIE7            equ	1821	;# 
  4257     071E                     PIE8            equ	1822	;# 
  4258     0796                     PMD0            equ	1942	;# 
  4259     0797                     PMD1            equ	1943	;# 
  4260     0798                     PMD2            equ	1944	;# 
  4261     0799                     PMD3            equ	1945	;# 
  4262     079A                     PMD4            equ	1946	;# 
  4263     079B                     PMD5            equ	1947	;# 
  4264     080C                     WDTCON0         equ	2060	;# 
  4265     080D                     WDTCON1         equ	2061	;# 
  4266     080E                     WDTPSL          equ	2062	;# 
  4267     080F                     WDTPSH          equ	2063	;# 
  4268     0810                     WDTTMR          equ	2064	;# 
  4269     0811                     BORCON          equ	2065	;# 
  4270     0812                     VREGCON         equ	2066	;# 
  4271     0813                     PCON0           equ	2067	;# 
  4272     0814                     CCDCON          equ	2068	;# 
  4273     081A                     NVMADRL         equ	2074	;# 
  4274     081B                     NVMADRH         equ	2075	;# 
  4275     081C                     NVMDATL         equ	2076	;# 
  4276     081D                     NVMDATH         equ	2077	;# 
  4277     081E                     NVMCON1         equ	2078	;# 
  4278     081F                     NVMCON2         equ	2079	;# 
  4279     088C                     CPUDOZE         equ	2188	;# 
  4280     088D                     OSCCON1         equ	2189	;# 
  4281     088E                     OSCCON2         equ	2190	;# 
  4282     088F                     OSCCON3         equ	2191	;# 
  4283     0890                     OSCSTAT         equ	2192	;# 
  4284     0891                     OSCEN           equ	2193	;# 
  4285     0892                     OSCTUNE         equ	2194	;# 
  4286     0893                     OSCFRQ          equ	2195	;# 
  4287     0895                     CLKRCON         equ	2197	;# 
  4288     0896                     CLKRCLK         equ	2198	;# 
  4289     0897                     MDCON0          equ	2199	;# 
  4290     0898                     MDCON1          equ	2200	;# 
  4291     0899                     MDSRC           equ	2201	;# 
  4292     089A                     MDCARL          equ	2202	;# 
  4293     089B                     MDCARH          equ	2203	;# 
  4294     090C                     FVRCON          equ	2316	;# 
  4295     090E                     DAC1CON0        equ	2318	;# 
  4296     090F                     DAC1CON1        equ	2319	;# 
  4297     091F                     ZCD1CON         equ	2335	;# 
  4298     091F                     ZCDCON          equ	2335	;# 
  4299     098F                     CMOUT           equ	2447	;# 
  4300     098F                     CMSTAT          equ	2447	;# 
  4301     0990                     CM1CON0         equ	2448	;# 
  4302     0991                     CM1CON1         equ	2449	;# 
  4303     0992                     CM1NSEL         equ	2450	;# 
  4304     0993                     CM1PSEL         equ	2451	;# 
  4305     0994                     CM2CON0         equ	2452	;# 
  4306     0995                     CM2CON1         equ	2453	;# 
  4307     0996                     CM2NSEL         equ	2454	;# 
  4308     0997                     CM2PSEL         equ	2455	;# 
  4309     0E0F                     CLCDATA         equ	3599	;# 
  4310     0E10                     CLC1CON         equ	3600	;# 
  4311     0E11                     CLC1POL         equ	3601	;# 
  4312     0E12                     CLC1SEL0        equ	3602	;# 
  4313     0E13                     CLC1SEL1        equ	3603	;# 
  4314     0E14                     CLC1SEL2        equ	3604	;# 
  4315     0E15                     CLC1SEL3        equ	3605	;# 
  4316     0E16                     CLC1GLS0        equ	3606	;# 
  4317     0E17                     CLC1GLS1        equ	3607	;# 
  4318     0E18                     CLC1GLS2        equ	3608	;# 
  4319     0E19                     CLC1GLS3        equ	3609	;# 
  4320     0E1A                     CLC2CON         equ	3610	;# 
  4321     0E1B                     CLC2POL         equ	3611	;# 
  4322     0E1C                     CLC2SEL0        equ	3612	;# 
  4323     0E1D                     CLC2SEL1        equ	3613	;# 
  4324     0E1E                     CLC2SEL2        equ	3614	;# 
  4325     0E1F                     CLC2SEL3        equ	3615	;# 
  4326     0E20                     CLC2GLS0        equ	3616	;# 
  4327     0E21                     CLC2GLS1        equ	3617	;# 
  4328     0E22                     CLC2GLS2        equ	3618	;# 
  4329     0E23                     CLC2GLS3        equ	3619	;# 
  4330     0E24                     CLC3CON         equ	3620	;# 
  4331     0E25                     CLC3POL         equ	3621	;# 
  4332     0E26                     CLC3SEL0        equ	3622	;# 
  4333     0E27                     CLC3SEL1        equ	3623	;# 
  4334     0E28                     CLC3SEL2        equ	3624	;# 
  4335     0E29                     CLC3SEL3        equ	3625	;# 
  4336     0E2A                     CLC3GLS0        equ	3626	;# 
  4337     0E2B                     CLC3GLS1        equ	3627	;# 
  4338     0E2C                     CLC3GLS2        equ	3628	;# 
  4339     0E2D                     CLC3GLS3        equ	3629	;# 
  4340     0E2E                     CLC4CON         equ	3630	;# 
  4341     0E2F                     CLC4POL         equ	3631	;# 
  4342     0E30                     CLC4SEL0        equ	3632	;# 
  4343     0E31                     CLC4SEL1        equ	3633	;# 
  4344     0E32                     CLC4SEL2        equ	3634	;# 
  4345     0E33                     CLC4SEL3        equ	3635	;# 
  4346     0E34                     CLC4GLS0        equ	3636	;# 
  4347     0E35                     CLC4GLS1        equ	3637	;# 
  4348     0E36                     CLC4GLS2        equ	3638	;# 
  4349     0E37                     CLC4GLS3        equ	3639	;# 
  4350     0E8F                     PPSLOCK         equ	3727	;# 
  4351     0E90                     INTPPS          equ	3728	;# 
  4352     0E91                     T0CKIPPS        equ	3729	;# 
  4353     0E92                     T1CKIPPS        equ	3730	;# 
  4354     0E93                     T1GPPS          equ	3731	;# 
  4355     0E94                     T3CKIPPS        equ	3732	;# 
  4356     0E95                     T3GPPS          equ	3733	;# 
  4357     0E96                     T5CKIPPS        equ	3734	;# 
  4358     0E97                     T5GPPS          equ	3735	;# 
  4359     0E9C                     T2AINPPS        equ	3740	;# 
  4360     0E9D                     T4AINPPS        equ	3741	;# 
  4361     0E9E                     T6AINPPS        equ	3742	;# 
  4362     0EA1                     CCP1PPS         equ	3745	;# 
  4363     0EA2                     CCP2PPS         equ	3746	;# 
  4364     0EA3                     CCP3PPS         equ	3747	;# 
  4365     0EA4                     CCP4PPS         equ	3748	;# 
  4366     0EA5                     CCP5PPS         equ	3749	;# 
  4367     0EA9                     SMT1WINPPS      equ	3753	;# 
  4368     0EAA                     SMT1SIGPPS      equ	3754	;# 
  4369     0EAB                     SMT2WINPPS      equ	3755	;# 
  4370     0EAC                     SMT2SIGPPS      equ	3756	;# 
  4371     0EB1                     CWG1PPS         equ	3761	;# 
  4372     0EB2                     CWG2PPS         equ	3762	;# 
  4373     0EB3                     CWG3PPS         equ	3763	;# 
  4374     0EB8                     MDCARLPPS       equ	3768	;# 
  4375     0EB9                     MDCARHPPS       equ	3769	;# 
  4376     0EBA                     MDSRCPPS        equ	3770	;# 
  4377     0EBB                     CLCIN0PPS       equ	3771	;# 
  4378     0EBC                     CLCIN1PPS       equ	3772	;# 
  4379     0EBD                     CLCIN2PPS       equ	3773	;# 
  4380     0EBE                     CLCIN3PPS       equ	3774	;# 
  4381     0EC3                     ADCACTPPS       equ	3779	;# 
  4382     0EC5                     SSP1CLKPPS      equ	3781	;# 
  4383     0EC6                     SSP1DATPPS      equ	3782	;# 
  4384     0EC7                     SSP1SSPPS       equ	3783	;# 
  4385     0EC8                     SSP2CLKPPS      equ	3784	;# 
  4386     0EC9                     SSP2DATPPS      equ	3785	;# 
  4387     0ECA                     SSP2SSPPS       equ	3786	;# 
  4388     0ECB                     RXPPS           equ	3787	;# 
  4389     0ECC                     TXPPS           equ	3788	;# 
  4390     0F10                     RA0PPS          equ	3856	;# 
  4391     0F11                     RA1PPS          equ	3857	;# 
  4392     0F12                     RA2PPS          equ	3858	;# 
  4393     0F13                     RA3PPS          equ	3859	;# 
  4394     0F14                     RA4PPS          equ	3860	;# 
  4395     0F15                     RA5PPS          equ	3861	;# 
  4396     0F16                     RA6PPS          equ	3862	;# 
  4397     0F17                     RA7PPS          equ	3863	;# 
  4398     0F18                     RB0PPS          equ	3864	;# 
  4399     0F19                     RB1PPS          equ	3865	;# 
  4400     0F1A                     RB2PPS          equ	3866	;# 
  4401     0F1B                     RB3PPS          equ	3867	;# 
  4402     0F1C                     RB4PPS          equ	3868	;# 
  4403     0F1D                     RB5PPS          equ	3869	;# 
  4404     0F1E                     RB6PPS          equ	3870	;# 
  4405     0F1F                     RB7PPS          equ	3871	;# 
  4406     0F20                     RC0PPS          equ	3872	;# 
  4407     0F21                     RC1PPS          equ	3873	;# 
  4408     0F22                     RC2PPS          equ	3874	;# 
  4409     0F23                     RC3PPS          equ	3875	;# 
  4410     0F24                     RC4PPS          equ	3876	;# 
  4411     0F25                     RC5PPS          equ	3877	;# 
  4412     0F26                     RC6PPS          equ	3878	;# 
  4413     0F27                     RC7PPS          equ	3879	;# 
  4414     0F28                     RD0PPS          equ	3880	;# 
  4415     0F29                     RD1PPS          equ	3881	;# 
  4416     0F2A                     RD2PPS          equ	3882	;# 
  4417     0F2B                     RD3PPS          equ	3883	;# 
  4418     0F2C                     RD4PPS          equ	3884	;# 
  4419     0F2D                     RD5PPS          equ	3885	;# 
  4420     0F2E                     RD6PPS          equ	3886	;# 
  4421     0F2F                     RD7PPS          equ	3887	;# 
  4422     0F30                     RE0PPS          equ	3888	;# 
  4423     0F31                     RE1PPS          equ	3889	;# 
  4424     0F32                     RE2PPS          equ	3890	;# 
  4425     0F38                     ANSELA          equ	3896	;# 
  4426     0F39                     WPUA            equ	3897	;# 
  4427     0F3A                     ODCONA          equ	3898	;# 
  4428     0F3B                     SLRCONA         equ	3899	;# 
  4429     0F3C                     INLVLA          equ	3900	;# 
  4430     0F3D                     IOCAP           equ	3901	;# 
  4431     0F3E                     IOCAN           equ	3902	;# 
  4432     0F3F                     IOCAF           equ	3903	;# 
  4433     0F40                     CCDNA           equ	3904	;# 
  4434     0F41                     CCDPA           equ	3905	;# 
  4435     0F43                     ANSELB          equ	3907	;# 
  4436     0F44                     WPUB            equ	3908	;# 
  4437     0F45                     ODCONB          equ	3909	;# 
  4438     0F46                     SLRCONB         equ	3910	;# 
  4439     0F47                     INLVLB          equ	3911	;# 
  4440     0F48                     IOCBP           equ	3912	;# 
  4441     0F49                     IOCBN           equ	3913	;# 
  4442     0F4A                     IOCBF           equ	3914	;# 
  4443     0F4B                     CCDNB           equ	3915	;# 
  4444     0F4C                     CCDPB           equ	3916	;# 
  4445     0F4E                     ANSELC          equ	3918	;# 
  4446     0F4F                     WPUC            equ	3919	;# 
  4447     0F50                     ODCONC          equ	3920	;# 
  4448     0F51                     SLRCONC         equ	3921	;# 
  4449     0F52                     INLVLC          equ	3922	;# 
  4450     0F53                     IOCCP           equ	3923	;# 
  4451     0F54                     IOCCN           equ	3924	;# 
  4452     0F55                     IOCCF           equ	3925	;# 
  4453     0F56                     CCDNC           equ	3926	;# 
  4454     0F57                     CCDPC           equ	3927	;# 
  4455     0F59                     ANSELD          equ	3929	;# 
  4456     0F5A                     WPUD            equ	3930	;# 
  4457     0F5B                     ODCOND          equ	3931	;# 
  4458     0F5C                     SLRCOND         equ	3932	;# 
  4459     0F5D                     INLVLD          equ	3933	;# 
  4460     0F61                     CCDND           equ	3937	;# 
  4461     0F62                     CCDPD           equ	3938	;# 
  4462     0F64                     ANSELE          equ	3940	;# 
  4463     0F65                     WPUE            equ	3941	;# 
  4464     0F66                     ODCONE          equ	3942	;# 
  4465     0F67                     SLRCONE         equ	3943	;# 
  4466     0F68                     INLVLE          equ	3944	;# 
  4467     0F69                     IOCEP           equ	3945	;# 
  4468     0F6A                     IOCEN           equ	3946	;# 
  4469     0F6B                     IOCEF           equ	3947	;# 
  4470     0F6C                     CCDNE           equ	3948	;# 
  4471     0F6D                     CCDPE           equ	3949	;# 
  4472     0FE4                     STATUS_SHAD     equ	4068	;# 
  4473     0FE5                     WREG_SHAD       equ	4069	;# 
  4474     0FE6                     BSR_SHAD        equ	4070	;# 
  4475     0FE7                     PCLATH_SHAD     equ	4071	;# 
  4476     0FE8                     FSR0L_SHAD      equ	4072	;# 
  4477     0FE9                     FSR0H_SHAD      equ	4073	;# 
  4478     0FEA                     FSR1L_SHAD      equ	4074	;# 
  4479     0FEB                     FSR1H_SHAD      equ	4075	;# 
  4480     0FED                     STKPTR          equ	4077	;# 
  4481     0FEE                     TOSL            equ	4078	;# 
  4482     0FEF                     TOSH            equ	4079	;# 
  4483     0000                     INDF0           equ	0	;# 
  4484     0001                     INDF1           equ	1	;# 
  4485     0002                     PCL             equ	2	;# 
  4486     0003                     STATUS          equ	3	;# 
  4487     0004                     FSR0L           equ	4	;# 
  4488     0005                     FSR0H           equ	5	;# 
  4489     0006                     FSR1L           equ	6	;# 
  4490     0007                     FSR1H           equ	7	;# 
  4491     0008                     BSR             equ	8	;# 
  4492     0009                     WREG            equ	9	;# 
  4493     000A                     PCLATH          equ	10	;# 
  4494     000B                     INTCON          equ	11	;# 
  4495     000C                     PORTA           equ	12	;# 
  4496     000D                     PORTB           equ	13	;# 
  4497     000E                     PORTC           equ	14	;# 
  4498     000F                     PORTD           equ	15	;# 
  4499     0010                     PORTE           equ	16	;# 
  4500     0011                     TRISA           equ	17	;# 
  4501     0012                     TRISB           equ	18	;# 
  4502     0013                     TRISC           equ	19	;# 
  4503     0014                     TRISD           equ	20	;# 
  4504     0015                     TRISE           equ	21	;# 
  4505     0016                     LATA            equ	22	;# 
  4506     0017                     LATB            equ	23	;# 
  4507     0018                     LATC            equ	24	;# 
  4508     0019                     LATD            equ	25	;# 
  4509     001A                     LATE            equ	26	;# 
  4510     001C                     TMR0L           equ	28	;# 
  4511     001C                     TMR0            equ	28	;# 
  4512     001D                     TMR0H           equ	29	;# 
  4513     001D                     PR0             equ	29	;# 
  4514     001E                     T0CON0          equ	30	;# 
  4515     001F                     T0CON1          equ	31	;# 
  4516     008C                     ADRES           equ	140	;# 
  4517     008C                     ADRESL          equ	140	;# 
  4518     008D                     ADRESH          equ	141	;# 
  4519     008E                     ADPREV          equ	142	;# 
  4520     008E                     ADPREVL         equ	142	;# 
  4521     008F                     ADPREVH         equ	143	;# 
  4522     0090                     ADACC           equ	144	;# 
  4523     0090                     ADACCL          equ	144	;# 
  4524     0091                     ADACCH          equ	145	;# 
  4525     0093                     ADCON0          equ	147	;# 
  4526     0094                     ADCON1          equ	148	;# 
  4527     0095                     ADCON2          equ	149	;# 
  4528     0096                     ADCON3          equ	150	;# 
  4529     0097                     ADSTAT          equ	151	;# 
  4530     0098                     ADCLK           equ	152	;# 
  4531     0099                     ADACT           equ	153	;# 
  4532     009A                     ADREF           equ	154	;# 
  4533     009B                     ADCAP           equ	155	;# 
  4534     009C                     ADPRE           equ	156	;# 
  4535     009D                     ADACQ           equ	157	;# 
  4536     009E                     ADPCH           equ	158	;# 
  4537     010C                     ADCNT           equ	268	;# 
  4538     010D                     ADRPT           equ	269	;# 
  4539     010E                     ADLTH           equ	270	;# 
  4540     010E                     ADLTHL          equ	270	;# 
  4541     010F                     ADLTHH          equ	271	;# 
  4542     0110                     ADUTH           equ	272	;# 
  4543     0110                     ADUTHL          equ	272	;# 
  4544     0111                     ADUTHH          equ	273	;# 
  4545     0112                     ADSTPT          equ	274	;# 
  4546     0112                     ADSTPTL         equ	274	;# 
  4547     0113                     ADSTPTH         equ	275	;# 
  4548     0114                     ADFLTR          equ	276	;# 
  4549     0114                     ADFLTRL         equ	276	;# 
  4550     0115                     ADFLTRH         equ	277	;# 
  4551     0116                     ADERR           equ	278	;# 
  4552     0116                     ADERRL          equ	278	;# 
  4553     0117                     ADERRH          equ	279	;# 
  4554     0119                     RC1REG          equ	281	;# 
  4555     0119                     RCREG           equ	281	;# 
  4556     0119                     RCREG1          equ	281	;# 
  4557     011A                     TX1REG          equ	282	;# 
  4558     011A                     TXREG1          equ	282	;# 
  4559     011A                     TXREG           equ	282	;# 
  4560     011B                     SP1BRG          equ	283	;# 
  4561     011B                     SPBRG           equ	283	;# 
  4562     011B                     SP1BRGL         equ	283	;# 
  4563     011B                     SPBRG1          equ	283	;# 
  4564     011B                     SPBRGL          equ	283	;# 
  4565     011C                     SP1BRGH         equ	284	;# 
  4566     011C                     SPBRGH          equ	284	;# 
  4567     011C                     SPBRGH1         equ	284	;# 
  4568     011D                     RC1STA          equ	285	;# 
  4569     011D                     RCSTA1          equ	285	;# 
  4570     011D                     RCSTA           equ	285	;# 
  4571     011E                     TX1STA          equ	286	;# 
  4572     011E                     TXSTA1          equ	286	;# 
  4573     011E                     TXSTA           equ	286	;# 
  4574     011F                     BAUD1CON        equ	287	;# 
  4575     011F                     BAUDCON1        equ	287	;# 
  4576     011F                     BAUDCTL1        equ	287	;# 
  4577     011F                     BAUDCON         equ	287	;# 
  4578     011F                     BAUDCTL         equ	287	;# 
  4579     018C                     SSP1BUF         equ	396	;# 
  4580     018D                     SSP1ADD         equ	397	;# 
  4581     018E                     SSP1MSK         equ	398	;# 
  4582     018F                     SSP1STAT        equ	399	;# 
  4583     0190                     SSP1CON1        equ	400	;# 
  4584     0191                     SSP1CON2        equ	401	;# 
  4585     0192                     SSP1CON3        equ	402	;# 
  4586     0196                     SSP2BUF         equ	406	;# 
  4587     0197                     SSP2ADD         equ	407	;# 
  4588     0198                     SSP2MSK         equ	408	;# 
  4589     0199                     SSP2STAT        equ	409	;# 
  4590     019A                     SSP2CON1        equ	410	;# 
  4591     019B                     SSP2CON2        equ	411	;# 
  4592     019C                     SSP2CON3        equ	412	;# 
  4593     020C                     TMR1            equ	524	;# 
  4594     020C                     TMR1L           equ	524	;# 
  4595     020D                     TMR1H           equ	525	;# 
  4596     020E                     T1CON           equ	526	;# 
  4597     020F                     T1GCON          equ	527	;# 
  4598     020F                     PR1             equ	527	;# 
  4599     0210                     T1GATE          equ	528	;# 
  4600     0210                     TMR1GATE        equ	528	;# 
  4601     0211                     T1CLK           equ	529	;# 
  4602     0211                     TMR1CLK         equ	529	;# 
  4603     0212                     TMR3            equ	530	;# 
  4604     0212                     TMR3L           equ	530	;# 
  4605     0213                     TMR3H           equ	531	;# 
  4606     0214                     T3CON           equ	532	;# 
  4607     0215                     T3GCON          equ	533	;# 
  4608     0215                     PR3             equ	533	;# 
  4609     0216                     T3GATE          equ	534	;# 
  4610     0216                     TMR3GATE        equ	534	;# 
  4611     0217                     T3CLK           equ	535	;# 
  4612     0217                     TMR3CLK         equ	535	;# 
  4613     0218                     TMR5            equ	536	;# 
  4614     0218                     TMR5L           equ	536	;# 
  4615     0219                     TMR5H           equ	537	;# 
  4616     021A                     T5CON           equ	538	;# 
  4617     021B                     T5GCON          equ	539	;# 
  4618     021B                     PR5             equ	539	;# 
  4619     021C                     T5GATE          equ	540	;# 
  4620     021C                     TMR5GATE        equ	540	;# 
  4621     021D                     T5CLK           equ	541	;# 
  4622     021D                     TMR5CLK         equ	541	;# 
  4623     021E                     CCPTMRS0        equ	542	;# 
  4624     021F                     CCPTMRS1        equ	543	;# 
  4625     028C                     T2TMR           equ	652	;# 
  4626     028C                     TMR2            equ	652	;# 
  4627     028D                     T2PR            equ	653	;# 
  4628     028D                     PR2             equ	653	;# 
  4629     028E                     T2CON           equ	654	;# 
  4630     028F                     T2HLT           equ	655	;# 
  4631     0290                     T2CLKCON        equ	656	;# 
  4632     0290                     T2CLK           equ	656	;# 
  4633     0291                     T2RST           equ	657	;# 
  4634     0292                     T4TMR           equ	658	;# 
  4635     0292                     TMR4            equ	658	;# 
  4636     0293                     T4PR            equ	659	;# 
  4637     0293                     PR4             equ	659	;# 
  4638     0294                     T4CON           equ	660	;# 
  4639     0295                     T4HLT           equ	661	;# 
  4640     0296                     T4CLKCON        equ	662	;# 
  4641     0296                     T4CLK           equ	662	;# 
  4642     0297                     T4RST           equ	663	;# 
  4643     0298                     T6TMR           equ	664	;# 
  4644     0298                     TMR6            equ	664	;# 
  4645     0299                     T6PR            equ	665	;# 
  4646     0299                     PR6             equ	665	;# 
  4647     029A                     T6CON           equ	666	;# 
  4648     029B                     T6HLT           equ	667	;# 
  4649     029C                     T6CLKCON        equ	668	;# 
  4650     029C                     T6CLK           equ	668	;# 
  4651     029D                     T6RST           equ	669	;# 
  4652     030C                     CCPR1           equ	780	;# 
  4653     030C                     CCPR1L          equ	780	;# 
  4654     030D                     CCPR1H          equ	781	;# 
  4655     030E                     CCP1CON         equ	782	;# 
  4656     030F                     CCP1CAP         equ	783	;# 
  4657     0310                     CCPR2           equ	784	;# 
  4658     0310                     CCPR2L          equ	784	;# 
  4659     0311                     CCPR2H          equ	785	;# 
  4660     0312                     CCP2CON         equ	786	;# 
  4661     0313                     CCP2CAP         equ	787	;# 
  4662     0314                     CCPR3           equ	788	;# 
  4663     0314                     CCPR3L          equ	788	;# 
  4664     0315                     CCPR3H          equ	789	;# 
  4665     0316                     CCP3CON         equ	790	;# 
  4666     0317                     CCP3CAP         equ	791	;# 
  4667     0318                     CCPR4           equ	792	;# 
  4668     0318                     CCPR4L          equ	792	;# 
  4669     0319                     CCPR4H          equ	793	;# 
  4670     031A                     CCP4CON         equ	794	;# 
  4671     031B                     CCP4CAP         equ	795	;# 
  4672     031C                     CCPR5           equ	796	;# 
  4673     031C                     CCPR5L          equ	796	;# 
  4674     031D                     CCPR5H          equ	797	;# 
  4675     031E                     CCP5CON         equ	798	;# 
  4676     031F                     CCP5CAP         equ	799	;# 
  4677     038C                     PWM6DC          equ	908	;# 
  4678     038C                     PWM6DCL         equ	908	;# 
  4679     038D                     PWM6DCH         equ	909	;# 
  4680     038E                     PWM6CON         equ	910	;# 
  4681     0390                     PWM7DC          equ	912	;# 
  4682     0390                     PWM7DCL         equ	912	;# 
  4683     0391                     PWM7DCH         equ	913	;# 
  4684     0392                     PWM7CON         equ	914	;# 
  4685     040C                     SCANLADRL       equ	1036	;# 
  4686     040D                     SCANLADRH       equ	1037	;# 
  4687     040E                     SCANHADRL       equ	1038	;# 
  4688     040F                     SCANHADRH       equ	1039	;# 
  4689     0410                     SCANCON0        equ	1040	;# 
  4690     0411                     SCANTRIG        equ	1041	;# 
  4691     0416                     CRCDATA         equ	1046	;# 
  4692     0416                     CRCDATL         equ	1046	;# 
  4693     0417                     CRCDATH         equ	1047	;# 
  4694     0418                     CRCACC          equ	1048	;# 
  4695     0418                     CRCACCL         equ	1048	;# 
  4696     0419                     CRCACCH         equ	1049	;# 
  4697     041A                     CRCSHFT         equ	1050	;# 
  4698     041A                     CRCSHIFTL       equ	1050	;# 
  4699     041B                     CRCSHIFTH       equ	1051	;# 
  4700     041C                     CRCXOR          equ	1052	;# 
  4701     041C                     CRCXORL         equ	1052	;# 
  4702     041D                     CRCXORH         equ	1053	;# 
  4703     041E                     CRCCON0         equ	1054	;# 
  4704     041F                     CRCCON1         equ	1055	;# 
  4705     048C                     SMT1TMR         equ	1164	;# 
  4706     048C                     SMT1TMRL        equ	1164	;# 
  4707     048D                     SMT1TMRH        equ	1165	;# 
  4708     048E                     SMT1TMRU        equ	1166	;# 
  4709     048F                     SMT1CPR         equ	1167	;# 
  4710     048F                     SMT1CPRL        equ	1167	;# 
  4711     0490                     SMT1CPRH        equ	1168	;# 
  4712     0491                     SMT1CPRU        equ	1169	;# 
  4713     0492                     SMT1CPW         equ	1170	;# 
  4714     0492                     SMT1CPWL        equ	1170	;# 
  4715     0493                     SMT1CPWH        equ	1171	;# 
  4716     0494                     SMT1CPWU        equ	1172	;# 
  4717     0495                     SMT1PR          equ	1173	;# 
  4718     0495                     SMT1PRL         equ	1173	;# 
  4719     0496                     SMT1PRH         equ	1174	;# 
  4720     0497                     SMT1PRU         equ	1175	;# 
  4721     0498                     SMT1CON0        equ	1176	;# 
  4722     0499                     SMT1CON1        equ	1177	;# 
  4723     049A                     SMT1STAT        equ	1178	;# 
  4724     049B                     SMT1CLK         equ	1179	;# 
  4725     049C                     SMT1SIG         equ	1180	;# 
  4726     049D                     SMT1WIN         equ	1181	;# 
  4727     050C                     SMT2TMR         equ	1292	;# 
  4728     050C                     SMT2TMRL        equ	1292	;# 
  4729     050D                     SMT2TMRH        equ	1293	;# 
  4730     050E                     SMT2TMRU        equ	1294	;# 
  4731     050F                     SMT2CPR         equ	1295	;# 
  4732     050F                     SMT2CPRL        equ	1295	;# 
  4733     0510                     SMT2CPRH        equ	1296	;# 
  4734     0511                     SMT2CPRU        equ	1297	;# 
  4735     0512                     SMT2CPW         equ	1298	;# 
  4736     0512                     SMT2CPWL        equ	1298	;# 
  4737     0513                     SMT2CPWH        equ	1299	;# 
  4738     0514                     SMT2CPWU        equ	1300	;# 
  4739     0515                     SMT2PR          equ	1301	;# 
  4740     0515                     SMT2PRL         equ	1301	;# 
  4741     0516                     SMT2PRH         equ	1302	;# 
  4742     0517                     SMT2PRU         equ	1303	;# 
  4743     0518                     SMT2CON0        equ	1304	;# 
  4744     0519                     SMT2CON1        equ	1305	;# 
  4745     051A                     SMT2STAT        equ	1306	;# 
  4746     051B                     SMT2CLK         equ	1307	;# 
  4747     051C                     SMT2SIG         equ	1308	;# 
  4748     051D                     SMT2WIN         equ	1309	;# 
  4749     058C                     NCO1ACC         equ	1420	;# 
  4750     058C                     NCO1ACCL        equ	1420	;# 
  4751     058D                     NCO1ACCH        equ	1421	;# 
  4752     058E                     NCO1ACCU        equ	1422	;# 
  4753     058F                     NCO1INC         equ	1423	;# 
  4754     058F                     NCO1INCL        equ	1423	;# 
  4755     0590                     NCO1INCH        equ	1424	;# 
  4756     0591                     NCO1INCU        equ	1425	;# 
  4757     0592                     NCO1CON         equ	1426	;# 
  4758     0593                     NCO1CLK         equ	1427	;# 
  4759     060C                     CWG1CLKCON      equ	1548	;# 
  4760     060D                     CWG1ISM         equ	1549	;# 
  4761     060E                     CWG1DBR         equ	1550	;# 
  4762     060F                     CWG1DBF         equ	1551	;# 
  4763     0610                     CWG1CON0        equ	1552	;# 
  4764     0611                     CWG1CON1        equ	1553	;# 
  4765     0612                     CWG1AS0         equ	1554	;# 
  4766     0613                     CWG1AS1         equ	1555	;# 
  4767     0614                     CWG1STR         equ	1556	;# 
  4768     0616                     CWG2CLKCON      equ	1558	;# 
  4769     0617                     CWG2ISM         equ	1559	;# 
  4770     0618                     CWG2DBR         equ	1560	;# 
  4771     0619                     CWG2DBF         equ	1561	;# 
  4772     061A                     CWG2CON0        equ	1562	;# 
  4773     061B                     CWG2CON1        equ	1563	;# 
  4774     061C                     CWG2AS0         equ	1564	;# 
  4775     061D                     CWG2AS1         equ	1565	;# 
  4776     061E                     CWG2STR         equ	1566	;# 
  4777     068C                     CWG3CLKCON      equ	1676	;# 
  4778     068D                     CWG3ISM         equ	1677	;# 
  4779     068E                     CWG3DBR         equ	1678	;# 
  4780     068F                     CWG3DBF         equ	1679	;# 
  4781     0690                     CWG3CON0        equ	1680	;# 
  4782     0691                     CWG3CON1        equ	1681	;# 
  4783     0692                     CWG3AS0         equ	1682	;# 
  4784     0693                     CWG3AS1         equ	1683	;# 
  4785     0694                     CWG3STR         equ	1684	;# 
  4786     070C                     PIR0            equ	1804	;# 
  4787     070D                     PIR1            equ	1805	;# 
  4788     070E                     PIR2            equ	1806	;# 
  4789     070F                     PIR3            equ	1807	;# 
  4790     0710                     PIR4            equ	1808	;# 
  4791     0711                     PIR5            equ	1809	;# 
  4792     0712                     PIR6            equ	1810	;# 
  4793     0713                     PIR7            equ	1811	;# 
  4794     0714                     PIR8            equ	1812	;# 
  4795     0716                     PIE0            equ	1814	;# 
  4796     0717                     PIE1            equ	1815	;# 
  4797     0718                     PIE2            equ	1816	;# 
  4798     0719                     PIE3            equ	1817	;# 
  4799     071A                     PIE4            equ	1818	;# 
  4800     071B                     PIE5            equ	1819	;# 
  4801     071C                     PIE6            equ	1820	;# 
  4802     071D                     PIE7            equ	1821	;# 
  4803     071E                     PIE8            equ	1822	;# 
  4804     0796                     PMD0            equ	1942	;# 
  4805     0797                     PMD1            equ	1943	;# 
  4806     0798                     PMD2            equ	1944	;# 
  4807     0799                     PMD3            equ	1945	;# 
  4808     079A                     PMD4            equ	1946	;# 
  4809     079B                     PMD5            equ	1947	;# 
  4810     080C                     WDTCON0         equ	2060	;# 
  4811     080D                     WDTCON1         equ	2061	;# 
  4812     080E                     WDTPSL          equ	2062	;# 
  4813     080F                     WDTPSH          equ	2063	;# 
  4814     0810                     WDTTMR          equ	2064	;# 
  4815     0811                     BORCON          equ	2065	;# 
  4816     0812                     VREGCON         equ	2066	;# 
  4817     0813                     PCON0           equ	2067	;# 
  4818     0814                     CCDCON          equ	2068	;# 
  4819     081A                     NVMADRL         equ	2074	;# 
  4820     081B                     NVMADRH         equ	2075	;# 
  4821     081C                     NVMDATL         equ	2076	;# 
  4822     081D                     NVMDATH         equ	2077	;# 
  4823     081E                     NVMCON1         equ	2078	;# 
  4824     081F                     NVMCON2         equ	2079	;# 
  4825     088C                     CPUDOZE         equ	2188	;# 
  4826     088D                     OSCCON1         equ	2189	;# 
  4827     088E                     OSCCON2         equ	2190	;# 
  4828     088F                     OSCCON3         equ	2191	;# 
  4829     0890                     OSCSTAT         equ	2192	;# 
  4830     0891                     OSCEN           equ	2193	;# 
  4831     0892                     OSCTUNE         equ	2194	;# 
  4832     0893                     OSCFRQ          equ	2195	;# 
  4833     0895                     CLKRCON         equ	2197	;# 
  4834     0896                     CLKRCLK         equ	2198	;# 
  4835     0897                     MDCON0          equ	2199	;# 
  4836     0898                     MDCON1          equ	2200	;# 
  4837     0899                     MDSRC           equ	2201	;# 
  4838     089A                     MDCARL          equ	2202	;# 
  4839     089B                     MDCARH          equ	2203	;# 
  4840     090C                     FVRCON          equ	2316	;# 
  4841     090E                     DAC1CON0        equ	2318	;# 
  4842     090F                     DAC1CON1        equ	2319	;# 
  4843     091F                     ZCD1CON         equ	2335	;# 
  4844     091F                     ZCDCON          equ	2335	;# 
  4845     098F                     CMOUT           equ	2447	;# 
  4846     098F                     CMSTAT          equ	2447	;# 
  4847     0990                     CM1CON0         equ	2448	;# 
  4848     0991                     CM1CON1         equ	2449	;# 
  4849     0992                     CM1NSEL         equ	2450	;# 
  4850     0993                     CM1PSEL         equ	2451	;# 
  4851     0994                     CM2CON0         equ	2452	;# 
  4852     0995                     CM2CON1         equ	2453	;# 
  4853     0996                     CM2NSEL         equ	2454	;# 
  4854     0997                     CM2PSEL         equ	2455	;# 
  4855     0E0F                     CLCDATA         equ	3599	;# 
  4856     0E10                     CLC1CON         equ	3600	;# 
  4857     0E11                     CLC1POL         equ	3601	;# 
  4858     0E12                     CLC1SEL0        equ	3602	;# 
  4859     0E13                     CLC1SEL1        equ	3603	;# 
  4860     0E14                     CLC1SEL2        equ	3604	;# 
  4861     0E15                     CLC1SEL3        equ	3605	;# 
  4862     0E16                     CLC1GLS0        equ	3606	;# 
  4863     0E17                     CLC1GLS1        equ	3607	;# 
  4864     0E18                     CLC1GLS2        equ	3608	;# 
  4865     0E19                     CLC1GLS3        equ	3609	;# 
  4866     0E1A                     CLC2CON         equ	3610	;# 
  4867     0E1B                     CLC2POL         equ	3611	;# 
  4868     0E1C                     CLC2SEL0        equ	3612	;# 
  4869     0E1D                     CLC2SEL1        equ	3613	;# 
  4870     0E1E                     CLC2SEL2        equ	3614	;# 
  4871     0E1F                     CLC2SEL3        equ	3615	;# 
  4872     0E20                     CLC2GLS0        equ	3616	;# 
  4873     0E21                     CLC2GLS1        equ	3617	;# 
  4874     0E22                     CLC2GLS2        equ	3618	;# 
  4875     0E23                     CLC2GLS3        equ	3619	;# 
  4876     0E24                     CLC3CON         equ	3620	;# 
  4877     0E25                     CLC3POL         equ	3621	;# 
  4878     0E26                     CLC3SEL0        equ	3622	;# 
  4879     0E27                     CLC3SEL1        equ	3623	;# 
  4880     0E28                     CLC3SEL2        equ	3624	;# 
  4881     0E29                     CLC3SEL3        equ	3625	;# 
  4882     0E2A                     CLC3GLS0        equ	3626	;# 
  4883     0E2B                     CLC3GLS1        equ	3627	;# 
  4884     0E2C                     CLC3GLS2        equ	3628	;# 
  4885     0E2D                     CLC3GLS3        equ	3629	;# 
  4886     0E2E                     CLC4CON         equ	3630	;# 
  4887     0E2F                     CLC4POL         equ	3631	;# 
  4888     0E30                     CLC4SEL0        equ	3632	;# 
  4889     0E31                     CLC4SEL1        equ	3633	;# 
  4890     0E32                     CLC4SEL2        equ	3634	;# 
  4891     0E33                     CLC4SEL3        equ	3635	;# 
  4892     0E34                     CLC4GLS0        equ	3636	;# 
  4893     0E35                     CLC4GLS1        equ	3637	;# 
  4894     0E36                     CLC4GLS2        equ	3638	;# 
  4895     0E37                     CLC4GLS3        equ	3639	;# 
  4896     0E8F                     PPSLOCK         equ	3727	;# 
  4897     0E90                     INTPPS          equ	3728	;# 
  4898     0E91                     T0CKIPPS        equ	3729	;# 
  4899     0E92                     T1CKIPPS        equ	3730	;# 
  4900     0E93                     T1GPPS          equ	3731	;# 
  4901     0E94                     T3CKIPPS        equ	3732	;# 
  4902     0E95                     T3GPPS          equ	3733	;# 
  4903     0E96                     T5CKIPPS        equ	3734	;# 
  4904     0E97                     T5GPPS          equ	3735	;# 
  4905     0E9C                     T2AINPPS        equ	3740	;# 
  4906     0E9D                     T4AINPPS        equ	3741	;# 
  4907     0E9E                     T6AINPPS        equ	3742	;# 
  4908     0EA1                     CCP1PPS         equ	3745	;# 
  4909     0EA2                     CCP2PPS         equ	3746	;# 
  4910     0EA3                     CCP3PPS         equ	3747	;# 
  4911     0EA4                     CCP4PPS         equ	3748	;# 
  4912     0EA5                     CCP5PPS         equ	3749	;# 
  4913     0EA9                     SMT1WINPPS      equ	3753	;# 
  4914     0EAA                     SMT1SIGPPS      equ	3754	;# 
  4915     0EAB                     SMT2WINPPS      equ	3755	;# 
  4916     0EAC                     SMT2SIGPPS      equ	3756	;# 
  4917     0EB1                     CWG1PPS         equ	3761	;# 
  4918     0EB2                     CWG2PPS         equ	3762	;# 
  4919     0EB3                     CWG3PPS         equ	3763	;# 
  4920     0EB8                     MDCARLPPS       equ	3768	;# 
  4921     0EB9                     MDCARHPPS       equ	3769	;# 
  4922     0EBA                     MDSRCPPS        equ	3770	;# 
  4923     0EBB                     CLCIN0PPS       equ	3771	;# 
  4924     0EBC                     CLCIN1PPS       equ	3772	;# 
  4925     0EBD                     CLCIN2PPS       equ	3773	;# 
  4926     0EBE                     CLCIN3PPS       equ	3774	;# 
  4927     0EC3                     ADCACTPPS       equ	3779	;# 
  4928     0EC5                     SSP1CLKPPS      equ	3781	;# 
  4929     0EC6                     SSP1DATPPS      equ	3782	;# 
  4930     0EC7                     SSP1SSPPS       equ	3783	;# 
  4931     0EC8                     SSP2CLKPPS      equ	3784	;# 
  4932     0EC9                     SSP2DATPPS      equ	3785	;# 
  4933     0ECA                     SSP2SSPPS       equ	3786	;# 
  4934     0ECB                     RXPPS           equ	3787	;# 
  4935     0ECC                     TXPPS           equ	3788	;# 
  4936     0F10                     RA0PPS          equ	3856	;# 
  4937     0F11                     RA1PPS          equ	3857	;# 
  4938     0F12                     RA2PPS          equ	3858	;# 
  4939     0F13                     RA3PPS          equ	3859	;# 
  4940     0F14                     RA4PPS          equ	3860	;# 
  4941     0F15                     RA5PPS          equ	3861	;# 
  4942     0F16                     RA6PPS          equ	3862	;# 
  4943     0F17                     RA7PPS          equ	3863	;# 
  4944     0F18                     RB0PPS          equ	3864	;# 
  4945     0F19                     RB1PPS          equ	3865	;# 
  4946     0F1A                     RB2PPS          equ	3866	;# 
  4947     0F1B                     RB3PPS          equ	3867	;# 
  4948     0F1C                     RB4PPS          equ	3868	;# 
  4949     0F1D                     RB5PPS          equ	3869	;# 
  4950     0F1E                     RB6PPS          equ	3870	;# 
  4951     0F1F                     RB7PPS          equ	3871	;# 
  4952     0F20                     RC0PPS          equ	3872	;# 
  4953     0F21                     RC1PPS          equ	3873	;# 
  4954     0F22                     RC2PPS          equ	3874	;# 
  4955     0F23                     RC3PPS          equ	3875	;# 
  4956     0F24                     RC4PPS          equ	3876	;# 
  4957     0F25                     RC5PPS          equ	3877	;# 
  4958     0F26                     RC6PPS          equ	3878	;# 
  4959     0F27                     RC7PPS          equ	3879	;# 
  4960     0F28                     RD0PPS          equ	3880	;# 
  4961     0F29                     RD1PPS          equ	3881	;# 
  4962     0F2A                     RD2PPS          equ	3882	;# 
  4963     0F2B                     RD3PPS          equ	3883	;# 
  4964     0F2C                     RD4PPS          equ	3884	;# 
  4965     0F2D                     RD5PPS          equ	3885	;# 
  4966     0F2E                     RD6PPS          equ	3886	;# 
  4967     0F2F                     RD7PPS          equ	3887	;# 
  4968     0F30                     RE0PPS          equ	3888	;# 
  4969     0F31                     RE1PPS          equ	3889	;# 
  4970     0F32                     RE2PPS          equ	3890	;# 
  4971     0F38                     ANSELA          equ	3896	;# 
  4972     0F39                     WPUA            equ	3897	;# 
  4973     0F3A                     ODCONA          equ	3898	;# 
  4974     0F3B                     SLRCONA         equ	3899	;# 
  4975     0F3C                     INLVLA          equ	3900	;# 
  4976     0F3D                     IOCAP           equ	3901	;# 
  4977     0F3E                     IOCAN           equ	3902	;# 
  4978     0F3F                     IOCAF           equ	3903	;# 
  4979     0F40                     CCDNA           equ	3904	;# 
  4980     0F41                     CCDPA           equ	3905	;# 
  4981     0F43                     ANSELB          equ	3907	;# 
  4982     0F44                     WPUB            equ	3908	;# 
  4983     0F45                     ODCONB          equ	3909	;# 
  4984     0F46                     SLRCONB         equ	3910	;# 
  4985     0F47                     INLVLB          equ	3911	;# 
  4986     0F48                     IOCBP           equ	3912	;# 
  4987     0F49                     IOCBN           equ	3913	;# 
  4988     0F4A                     IOCBF           equ	3914	;# 
  4989     0F4B                     CCDNB           equ	3915	;# 
  4990     0F4C                     CCDPB           equ	3916	;# 
  4991     0F4E                     ANSELC          equ	3918	;# 
  4992     0F4F                     WPUC            equ	3919	;# 
  4993     0F50                     ODCONC          equ	3920	;# 
  4994     0F51                     SLRCONC         equ	3921	;# 
  4995     0F52                     INLVLC          equ	3922	;# 
  4996     0F53                     IOCCP           equ	3923	;# 
  4997     0F54                     IOCCN           equ	3924	;# 
  4998     0F55                     IOCCF           equ	3925	;# 
  4999     0F56                     CCDNC           equ	3926	;# 
  5000     0F57                     CCDPC           equ	3927	;# 
  5001     0F59                     ANSELD          equ	3929	;# 
  5002     0F5A                     WPUD            equ	3930	;# 
  5003     0F5B                     ODCOND          equ	3931	;# 
  5004     0F5C                     SLRCOND         equ	3932	;# 
  5005     0F5D                     INLVLD          equ	3933	;# 
  5006     0F61                     CCDND           equ	3937	;# 
  5007     0F62                     CCDPD           equ	3938	;# 
  5008     0F64                     ANSELE          equ	3940	;# 
  5009     0F65                     WPUE            equ	3941	;# 
  5010     0F66                     ODCONE          equ	3942	;# 
  5011     0F67                     SLRCONE         equ	3943	;# 
  5012     0F68                     INLVLE          equ	3944	;# 
  5013     0F69                     IOCEP           equ	3945	;# 
  5014     0F6A                     IOCEN           equ	3946	;# 
  5015     0F6B                     IOCEF           equ	3947	;# 
  5016     0F6C                     CCDNE           equ	3948	;# 
  5017     0F6D                     CCDPE           equ	3949	;# 
  5018     0FE4                     STATUS_SHAD     equ	4068	;# 
  5019     0FE5                     WREG_SHAD       equ	4069	;# 
  5020     0FE6                     BSR_SHAD        equ	4070	;# 
  5021     0FE7                     PCLATH_SHAD     equ	4071	;# 
  5022     0FE8                     FSR0L_SHAD      equ	4072	;# 
  5023     0FE9                     FSR0H_SHAD      equ	4073	;# 
  5024     0FEA                     FSR1L_SHAD      equ	4074	;# 
  5025     0FEB                     FSR1H_SHAD      equ	4075	;# 
  5026     0FED                     STKPTR          equ	4077	;# 
  5027     0FEE                     TOSL            equ	4078	;# 
  5028     0FEF                     TOSH            equ	4079	;# 
  5029     0000                     INDF0           equ	0	;# 
  5030     0001                     INDF1           equ	1	;# 
  5031     0002                     PCL             equ	2	;# 
  5032     0003                     STATUS          equ	3	;# 
  5033     0004                     FSR0L           equ	4	;# 
  5034     0005                     FSR0H           equ	5	;# 
  5035     0006                     FSR1L           equ	6	;# 
  5036     0007                     FSR1H           equ	7	;# 
  5037     0008                     BSR             equ	8	;# 
  5038     0009                     WREG            equ	9	;# 
  5039     000A                     PCLATH          equ	10	;# 
  5040     000B                     INTCON          equ	11	;# 
  5041     000C                     PORTA           equ	12	;# 
  5042     000D                     PORTB           equ	13	;# 
  5043     000E                     PORTC           equ	14	;# 
  5044     000F                     PORTD           equ	15	;# 
  5045     0010                     PORTE           equ	16	;# 
  5046     0011                     TRISA           equ	17	;# 
  5047     0012                     TRISB           equ	18	;# 
  5048     0013                     TRISC           equ	19	;# 
  5049     0014                     TRISD           equ	20	;# 
  5050     0015                     TRISE           equ	21	;# 
  5051     0016                     LATA            equ	22	;# 
  5052     0017                     LATB            equ	23	;# 
  5053     0018                     LATC            equ	24	;# 
  5054     0019                     LATD            equ	25	;# 
  5055     001A                     LATE            equ	26	;# 
  5056     001C                     TMR0L           equ	28	;# 
  5057     001C                     TMR0            equ	28	;# 
  5058     001D                     TMR0H           equ	29	;# 
  5059     001D                     PR0             equ	29	;# 
  5060     001E                     T0CON0          equ	30	;# 
  5061     001F                     T0CON1          equ	31	;# 
  5062     008C                     ADRES           equ	140	;# 
  5063     008C                     ADRESL          equ	140	;# 
  5064     008D                     ADRESH          equ	141	;# 
  5065     008E                     ADPREV          equ	142	;# 
  5066     008E                     ADPREVL         equ	142	;# 
  5067     008F                     ADPREVH         equ	143	;# 
  5068     0090                     ADACC           equ	144	;# 
  5069     0090                     ADACCL          equ	144	;# 
  5070     0091                     ADACCH          equ	145	;# 
  5071     0093                     ADCON0          equ	147	;# 
  5072     0094                     ADCON1          equ	148	;# 
  5073     0095                     ADCON2          equ	149	;# 
  5074     0096                     ADCON3          equ	150	;# 
  5075     0097                     ADSTAT          equ	151	;# 
  5076     0098                     ADCLK           equ	152	;# 
  5077     0099                     ADACT           equ	153	;# 
  5078     009A                     ADREF           equ	154	;# 
  5079     009B                     ADCAP           equ	155	;# 
  5080     009C                     ADPRE           equ	156	;# 
  5081     009D                     ADACQ           equ	157	;# 
  5082     009E                     ADPCH           equ	158	;# 
  5083     010C                     ADCNT           equ	268	;# 
  5084     010D                     ADRPT           equ	269	;# 
  5085     010E                     ADLTH           equ	270	;# 
  5086     010E                     ADLTHL          equ	270	;# 
  5087     010F                     ADLTHH          equ	271	;# 
  5088     0110                     ADUTH           equ	272	;# 
  5089     0110                     ADUTHL          equ	272	;# 
  5090     0111                     ADUTHH          equ	273	;# 
  5091     0112                     ADSTPT          equ	274	;# 
  5092     0112                     ADSTPTL         equ	274	;# 
  5093     0113                     ADSTPTH         equ	275	;# 
  5094     0114                     ADFLTR          equ	276	;# 
  5095     0114                     ADFLTRL         equ	276	;# 
  5096     0115                     ADFLTRH         equ	277	;# 
  5097     0116                     ADERR           equ	278	;# 
  5098     0116                     ADERRL          equ	278	;# 
  5099     0117                     ADERRH          equ	279	;# 
  5100     0119                     RC1REG          equ	281	;# 
  5101     0119                     RCREG           equ	281	;# 
  5102     0119                     RCREG1          equ	281	;# 
  5103     011A                     TX1REG          equ	282	;# 
  5104     011A                     TXREG1          equ	282	;# 
  5105     011A                     TXREG           equ	282	;# 
  5106     011B                     SP1BRG          equ	283	;# 
  5107     011B                     SPBRG           equ	283	;# 
  5108     011B                     SP1BRGL         equ	283	;# 
  5109     011B                     SPBRG1          equ	283	;# 
  5110     011B                     SPBRGL          equ	283	;# 
  5111     011C                     SP1BRGH         equ	284	;# 
  5112     011C                     SPBRGH          equ	284	;# 
  5113     011C                     SPBRGH1         equ	284	;# 
  5114     011D                     RC1STA          equ	285	;# 
  5115     011D                     RCSTA1          equ	285	;# 
  5116     011D                     RCSTA           equ	285	;# 
  5117     011E                     TX1STA          equ	286	;# 
  5118     011E                     TXSTA1          equ	286	;# 
  5119     011E                     TXSTA           equ	286	;# 
  5120     011F                     BAUD1CON        equ	287	;# 
  5121     011F                     BAUDCON1        equ	287	;# 
  5122     011F                     BAUDCTL1        equ	287	;# 
  5123     011F                     BAUDCON         equ	287	;# 
  5124     011F                     BAUDCTL         equ	287	;# 
  5125     018C                     SSP1BUF         equ	396	;# 
  5126     018D                     SSP1ADD         equ	397	;# 
  5127     018E                     SSP1MSK         equ	398	;# 
  5128     018F                     SSP1STAT        equ	399	;# 
  5129     0190                     SSP1CON1        equ	400	;# 
  5130     0191                     SSP1CON2        equ	401	;# 
  5131     0192                     SSP1CON3        equ	402	;# 
  5132     0196                     SSP2BUF         equ	406	;# 
  5133     0197                     SSP2ADD         equ	407	;# 
  5134     0198                     SSP2MSK         equ	408	;# 
  5135     0199                     SSP2STAT        equ	409	;# 
  5136     019A                     SSP2CON1        equ	410	;# 
  5137     019B                     SSP2CON2        equ	411	;# 
  5138     019C                     SSP2CON3        equ	412	;# 
  5139     020C                     TMR1            equ	524	;# 
  5140     020C                     TMR1L           equ	524	;# 
  5141     020D                     TMR1H           equ	525	;# 
  5142     020E                     T1CON           equ	526	;# 
  5143     020F                     T1GCON          equ	527	;# 
  5144     020F                     PR1             equ	527	;# 
  5145     0210                     T1GATE          equ	528	;# 
  5146     0210                     TMR1GATE        equ	528	;# 
  5147     0211                     T1CLK           equ	529	;# 
  5148     0211                     TMR1CLK         equ	529	;# 
  5149     0212                     TMR3            equ	530	;# 
  5150     0212                     TMR3L           equ	530	;# 
  5151     0213                     TMR3H           equ	531	;# 
  5152     0214                     T3CON           equ	532	;# 
  5153     0215                     T3GCON          equ	533	;# 
  5154     0215                     PR3             equ	533	;# 
  5155     0216                     T3GATE          equ	534	;# 
  5156     0216                     TMR3GATE        equ	534	;# 
  5157     0217                     T3CLK           equ	535	;# 
  5158     0217                     TMR3CLK         equ	535	;# 
  5159     0218                     TMR5            equ	536	;# 
  5160     0218                     TMR5L           equ	536	;# 
  5161     0219                     TMR5H           equ	537	;# 
  5162     021A                     T5CON           equ	538	;# 
  5163     021B                     T5GCON          equ	539	;# 
  5164     021B                     PR5             equ	539	;# 
  5165     021C                     T5GATE          equ	540	;# 
  5166     021C                     TMR5GATE        equ	540	;# 
  5167     021D                     T5CLK           equ	541	;# 
  5168     021D                     TMR5CLK         equ	541	;# 
  5169     021E                     CCPTMRS0        equ	542	;# 
  5170     021F                     CCPTMRS1        equ	543	;# 
  5171     028C                     T2TMR           equ	652	;# 
  5172     028C                     TMR2            equ	652	;# 
  5173     028D                     T2PR            equ	653	;# 
  5174     028D                     PR2             equ	653	;# 
  5175     028E                     T2CON           equ	654	;# 
  5176     028F                     T2HLT           equ	655	;# 
  5177     0290                     T2CLKCON        equ	656	;# 
  5178     0290                     T2CLK           equ	656	;# 
  5179     0291                     T2RST           equ	657	;# 
  5180     0292                     T4TMR           equ	658	;# 
  5181     0292                     TMR4            equ	658	;# 
  5182     0293                     T4PR            equ	659	;# 
  5183     0293                     PR4             equ	659	;# 
  5184     0294                     T4CON           equ	660	;# 
  5185     0295                     T4HLT           equ	661	;# 
  5186     0296                     T4CLKCON        equ	662	;# 
  5187     0296                     T4CLK           equ	662	;# 
  5188     0297                     T4RST           equ	663	;# 
  5189     0298                     T6TMR           equ	664	;# 
  5190     0298                     TMR6            equ	664	;# 
  5191     0299                     T6PR            equ	665	;# 
  5192     0299                     PR6             equ	665	;# 
  5193     029A                     T6CON           equ	666	;# 
  5194     029B                     T6HLT           equ	667	;# 
  5195     029C                     T6CLKCON        equ	668	;# 
  5196     029C                     T6CLK           equ	668	;# 
  5197     029D                     T6RST           equ	669	;# 
  5198     030C                     CCPR1           equ	780	;# 
  5199     030C                     CCPR1L          equ	780	;# 
  5200     030D                     CCPR1H          equ	781	;# 
  5201     030E                     CCP1CON         equ	782	;# 
  5202     030F                     CCP1CAP         equ	783	;# 
  5203     0310                     CCPR2           equ	784	;# 
  5204     0310                     CCPR2L          equ	784	;# 
  5205     0311                     CCPR2H          equ	785	;# 
  5206     0312                     CCP2CON         equ	786	;# 
  5207     0313                     CCP2CAP         equ	787	;# 
  5208     0314                     CCPR3           equ	788	;# 
  5209     0314                     CCPR3L          equ	788	;# 
  5210     0315                     CCPR3H          equ	789	;# 
  5211     0316                     CCP3CON         equ	790	;# 
  5212     0317                     CCP3CAP         equ	791	;# 
  5213     0318                     CCPR4           equ	792	;# 
  5214     0318                     CCPR4L          equ	792	;# 
  5215     0319                     CCPR4H          equ	793	;# 
  5216     031A                     CCP4CON         equ	794	;# 
  5217     031B                     CCP4CAP         equ	795	;# 
  5218     031C                     CCPR5           equ	796	;# 
  5219     031C                     CCPR5L          equ	796	;# 
  5220     031D                     CCPR5H          equ	797	;# 
  5221     031E                     CCP5CON         equ	798	;# 
  5222     031F                     CCP5CAP         equ	799	;# 
  5223     038C                     PWM6DC          equ	908	;# 
  5224     038C                     PWM6DCL         equ	908	;# 
  5225     038D                     PWM6DCH         equ	909	;# 
  5226     038E                     PWM6CON         equ	910	;# 
  5227     0390                     PWM7DC          equ	912	;# 
  5228     0390                     PWM7DCL         equ	912	;# 
  5229     0391                     PWM7DCH         equ	913	;# 
  5230     0392                     PWM7CON         equ	914	;# 
  5231     040C                     SCANLADRL       equ	1036	;# 
  5232     040D                     SCANLADRH       equ	1037	;# 
  5233     040E                     SCANHADRL       equ	1038	;# 
  5234     040F                     SCANHADRH       equ	1039	;# 
  5235     0410                     SCANCON0        equ	1040	;# 
  5236     0411                     SCANTRIG        equ	1041	;# 
  5237     0416                     CRCDATA         equ	1046	;# 
  5238     0416                     CRCDATL         equ	1046	;# 
  5239     0417                     CRCDATH         equ	1047	;# 
  5240     0418                     CRCACC          equ	1048	;# 
  5241     0418                     CRCACCL         equ	1048	;# 
  5242     0419                     CRCACCH         equ	1049	;# 
  5243     041A                     CRCSHFT         equ	1050	;# 
  5244     041A                     CRCSHIFTL       equ	1050	;# 
  5245     041B                     CRCSHIFTH       equ	1051	;# 
  5246     041C                     CRCXOR          equ	1052	;# 
  5247     041C                     CRCXORL         equ	1052	;# 
  5248     041D                     CRCXORH         equ	1053	;# 
  5249     041E                     CRCCON0         equ	1054	;# 
  5250     041F                     CRCCON1         equ	1055	;# 
  5251     048C                     SMT1TMR         equ	1164	;# 
  5252     048C                     SMT1TMRL        equ	1164	;# 
  5253     048D                     SMT1TMRH        equ	1165	;# 
  5254     048E                     SMT1TMRU        equ	1166	;# 
  5255     048F                     SMT1CPR         equ	1167	;# 
  5256     048F                     SMT1CPRL        equ	1167	;# 
  5257     0490                     SMT1CPRH        equ	1168	;# 
  5258     0491                     SMT1CPRU        equ	1169	;# 
  5259     0492                     SMT1CPW         equ	1170	;# 
  5260     0492                     SMT1CPWL        equ	1170	;# 
  5261     0493                     SMT1CPWH        equ	1171	;# 
  5262     0494                     SMT1CPWU        equ	1172	;# 
  5263     0495                     SMT1PR          equ	1173	;# 
  5264     0495                     SMT1PRL         equ	1173	;# 
  5265     0496                     SMT1PRH         equ	1174	;# 
  5266     0497                     SMT1PRU         equ	1175	;# 
  5267     0498                     SMT1CON0        equ	1176	;# 
  5268     0499                     SMT1CON1        equ	1177	;# 
  5269     049A                     SMT1STAT        equ	1178	;# 
  5270     049B                     SMT1CLK         equ	1179	;# 
  5271     049C                     SMT1SIG         equ	1180	;# 
  5272     049D                     SMT1WIN         equ	1181	;# 
  5273     050C                     SMT2TMR         equ	1292	;# 
  5274     050C                     SMT2TMRL        equ	1292	;# 
  5275     050D                     SMT2TMRH        equ	1293	;# 
  5276     050E                     SMT2TMRU        equ	1294	;# 
  5277     050F                     SMT2CPR         equ	1295	;# 
  5278     050F                     SMT2CPRL        equ	1295	;# 
  5279     0510                     SMT2CPRH        equ	1296	;# 
  5280     0511                     SMT2CPRU        equ	1297	;# 
  5281     0512                     SMT2CPW         equ	1298	;# 
  5282     0512                     SMT2CPWL        equ	1298	;# 
  5283     0513                     SMT2CPWH        equ	1299	;# 
  5284     0514                     SMT2CPWU        equ	1300	;# 
  5285     0515                     SMT2PR          equ	1301	;# 
  5286     0515                     SMT2PRL         equ	1301	;# 
  5287     0516                     SMT2PRH         equ	1302	;# 
  5288     0517                     SMT2PRU         equ	1303	;# 
  5289     0518                     SMT2CON0        equ	1304	;# 
  5290     0519                     SMT2CON1        equ	1305	;# 
  5291     051A                     SMT2STAT        equ	1306	;# 
  5292     051B                     SMT2CLK         equ	1307	;# 
  5293     051C                     SMT2SIG         equ	1308	;# 
  5294     051D                     SMT2WIN         equ	1309	;# 
  5295     058C                     NCO1ACC         equ	1420	;# 
  5296     058C                     NCO1ACCL        equ	1420	;# 
  5297     058D                     NCO1ACCH        equ	1421	;# 
  5298     058E                     NCO1ACCU        equ	1422	;# 
  5299     058F                     NCO1INC         equ	1423	;# 
  5300     058F                     NCO1INCL        equ	1423	;# 
  5301     0590                     NCO1INCH        equ	1424	;# 
  5302     0591                     NCO1INCU        equ	1425	;# 
  5303     0592                     NCO1CON         equ	1426	;# 
  5304     0593                     NCO1CLK         equ	1427	;# 
  5305     060C                     CWG1CLKCON      equ	1548	;# 
  5306     060D                     CWG1ISM         equ	1549	;# 
  5307     060E                     CWG1DBR         equ	1550	;# 
  5308     060F                     CWG1DBF         equ	1551	;# 
  5309     0610                     CWG1CON0        equ	1552	;# 
  5310     0611                     CWG1CON1        equ	1553	;# 
  5311     0612                     CWG1AS0         equ	1554	;# 
  5312     0613                     CWG1AS1         equ	1555	;# 
  5313     0614                     CWG1STR         equ	1556	;# 
  5314     0616                     CWG2CLKCON      equ	1558	;# 
  5315     0617                     CWG2ISM         equ	1559	;# 
  5316     0618                     CWG2DBR         equ	1560	;# 
  5317     0619                     CWG2DBF         equ	1561	;# 
  5318     061A                     CWG2CON0        equ	1562	;# 
  5319     061B                     CWG2CON1        equ	1563	;# 
  5320     061C                     CWG2AS0         equ	1564	;# 
  5321     061D                     CWG2AS1         equ	1565	;# 
  5322     061E                     CWG2STR         equ	1566	;# 
  5323     068C                     CWG3CLKCON      equ	1676	;# 
  5324     068D                     CWG3ISM         equ	1677	;# 
  5325     068E                     CWG3DBR         equ	1678	;# 
  5326     068F                     CWG3DBF         equ	1679	;# 
  5327     0690                     CWG3CON0        equ	1680	;# 
  5328     0691                     CWG3CON1        equ	1681	;# 
  5329     0692                     CWG3AS0         equ	1682	;# 
  5330     0693                     CWG3AS1         equ	1683	;# 
  5331     0694                     CWG3STR         equ	1684	;# 
  5332     070C                     PIR0            equ	1804	;# 
  5333     070D                     PIR1            equ	1805	;# 
  5334     070E                     PIR2            equ	1806	;# 
  5335     070F                     PIR3            equ	1807	;# 
  5336     0710                     PIR4            equ	1808	;# 
  5337     0711                     PIR5            equ	1809	;# 
  5338     0712                     PIR6            equ	1810	;# 
  5339     0713                     PIR7            equ	1811	;# 
  5340     0714                     PIR8            equ	1812	;# 
  5341     0716                     PIE0            equ	1814	;# 
  5342     0717                     PIE1            equ	1815	;# 
  5343     0718                     PIE2            equ	1816	;# 
  5344     0719                     PIE3            equ	1817	;# 
  5345     071A                     PIE4            equ	1818	;# 
  5346     071B                     PIE5            equ	1819	;# 
  5347     071C                     PIE6            equ	1820	;# 
  5348     071D                     PIE7            equ	1821	;# 
  5349     071E                     PIE8            equ	1822	;# 
  5350     0796                     PMD0            equ	1942	;# 
  5351     0797                     PMD1            equ	1943	;# 
  5352     0798                     PMD2            equ	1944	;# 
  5353     0799                     PMD3            equ	1945	;# 
  5354     079A                     PMD4            equ	1946	;# 
  5355     079B                     PMD5            equ	1947	;# 
  5356     080C                     WDTCON0         equ	2060	;# 
  5357     080D                     WDTCON1         equ	2061	;# 
  5358     080E                     WDTPSL          equ	2062	;# 
  5359     080F                     WDTPSH          equ	2063	;# 
  5360     0810                     WDTTMR          equ	2064	;# 
  5361     0811                     BORCON          equ	2065	;# 
  5362     0812                     VREGCON         equ	2066	;# 
  5363     0813                     PCON0           equ	2067	;# 
  5364     0814                     CCDCON          equ	2068	;# 
  5365     081A                     NVMADRL         equ	2074	;# 
  5366     081B                     NVMADRH         equ	2075	;# 
  5367     081C                     NVMDATL         equ	2076	;# 
  5368     081D                     NVMDATH         equ	2077	;# 
  5369     081E                     NVMCON1         equ	2078	;# 
  5370     081F                     NVMCON2         equ	2079	;# 
  5371     088C                     CPUDOZE         equ	2188	;# 
  5372     088D                     OSCCON1         equ	2189	;# 
  5373     088E                     OSCCON2         equ	2190	;# 
  5374     088F                     OSCCON3         equ	2191	;# 
  5375     0890                     OSCSTAT         equ	2192	;# 
  5376     0891                     OSCEN           equ	2193	;# 
  5377     0892                     OSCTUNE         equ	2194	;# 
  5378     0893                     OSCFRQ          equ	2195	;# 
  5379     0895                     CLKRCON         equ	2197	;# 
  5380     0896                     CLKRCLK         equ	2198	;# 
  5381     0897                     MDCON0          equ	2199	;# 
  5382     0898                     MDCON1          equ	2200	;# 
  5383     0899                     MDSRC           equ	2201	;# 
  5384     089A                     MDCARL          equ	2202	;# 
  5385     089B                     MDCARH          equ	2203	;# 
  5386     090C                     FVRCON          equ	2316	;# 
  5387     090E                     DAC1CON0        equ	2318	;# 
  5388     090F                     DAC1CON1        equ	2319	;# 
  5389     091F                     ZCD1CON         equ	2335	;# 
  5390     091F                     ZCDCON          equ	2335	;# 
  5391     098F                     CMOUT           equ	2447	;# 
  5392     098F                     CMSTAT          equ	2447	;# 
  5393     0990                     CM1CON0         equ	2448	;# 
  5394     0991                     CM1CON1         equ	2449	;# 
  5395     0992                     CM1NSEL         equ	2450	;# 
  5396     0993                     CM1PSEL         equ	2451	;# 
  5397     0994                     CM2CON0         equ	2452	;# 
  5398     0995                     CM2CON1         equ	2453	;# 
  5399     0996                     CM2NSEL         equ	2454	;# 
  5400     0997                     CM2PSEL         equ	2455	;# 
  5401     0E0F                     CLCDATA         equ	3599	;# 
  5402     0E10                     CLC1CON         equ	3600	;# 
  5403     0E11                     CLC1POL         equ	3601	;# 
  5404     0E12                     CLC1SEL0        equ	3602	;# 
  5405     0E13                     CLC1SEL1        equ	3603	;# 
  5406     0E14                     CLC1SEL2        equ	3604	;# 
  5407     0E15                     CLC1SEL3        equ	3605	;# 
  5408     0E16                     CLC1GLS0        equ	3606	;# 
  5409     0E17                     CLC1GLS1        equ	3607	;# 
  5410     0E18                     CLC1GLS2        equ	3608	;# 
  5411     0E19                     CLC1GLS3        equ	3609	;# 
  5412     0E1A                     CLC2CON         equ	3610	;# 
  5413     0E1B                     CLC2POL         equ	3611	;# 
  5414     0E1C                     CLC2SEL0        equ	3612	;# 
  5415     0E1D                     CLC2SEL1        equ	3613	;# 
  5416     0E1E                     CLC2SEL2        equ	3614	;# 
  5417     0E1F                     CLC2SEL3        equ	3615	;# 
  5418     0E20                     CLC2GLS0        equ	3616	;# 
  5419     0E21                     CLC2GLS1        equ	3617	;# 
  5420     0E22                     CLC2GLS2        equ	3618	;# 
  5421     0E23                     CLC2GLS3        equ	3619	;# 
  5422     0E24                     CLC3CON         equ	3620	;# 
  5423     0E25                     CLC3POL         equ	3621	;# 
  5424     0E26                     CLC3SEL0        equ	3622	;# 
  5425     0E27                     CLC3SEL1        equ	3623	;# 
  5426     0E28                     CLC3SEL2        equ	3624	;# 
  5427     0E29                     CLC3SEL3        equ	3625	;# 
  5428     0E2A                     CLC3GLS0        equ	3626	;# 
  5429     0E2B                     CLC3GLS1        equ	3627	;# 
  5430     0E2C                     CLC3GLS2        equ	3628	;# 
  5431     0E2D                     CLC3GLS3        equ	3629	;# 
  5432     0E2E                     CLC4CON         equ	3630	;# 
  5433     0E2F                     CLC4POL         equ	3631	;# 
  5434     0E30                     CLC4SEL0        equ	3632	;# 
  5435     0E31                     CLC4SEL1        equ	3633	;# 
  5436     0E32                     CLC4SEL2        equ	3634	;# 
  5437     0E33                     CLC4SEL3        equ	3635	;# 
  5438     0E34                     CLC4GLS0        equ	3636	;# 
  5439     0E35                     CLC4GLS1        equ	3637	;# 
  5440     0E36                     CLC4GLS2        equ	3638	;# 
  5441     0E37                     CLC4GLS3        equ	3639	;# 
  5442     0E8F                     PPSLOCK         equ	3727	;# 
  5443     0E90                     INTPPS          equ	3728	;# 
  5444     0E91                     T0CKIPPS        equ	3729	;# 
  5445     0E92                     T1CKIPPS        equ	3730	;# 
  5446     0E93                     T1GPPS          equ	3731	;# 
  5447     0E94                     T3CKIPPS        equ	3732	;# 
  5448     0E95                     T3GPPS          equ	3733	;# 
  5449     0E96                     T5CKIPPS        equ	3734	;# 
  5450     0E97                     T5GPPS          equ	3735	;# 
  5451     0E9C                     T2AINPPS        equ	3740	;# 
  5452     0E9D                     T4AINPPS        equ	3741	;# 
  5453     0E9E                     T6AINPPS        equ	3742	;# 
  5454     0EA1                     CCP1PPS         equ	3745	;# 
  5455     0EA2                     CCP2PPS         equ	3746	;# 
  5456     0EA3                     CCP3PPS         equ	3747	;# 
  5457     0EA4                     CCP4PPS         equ	3748	;# 
  5458     0EA5                     CCP5PPS         equ	3749	;# 
  5459     0EA9                     SMT1WINPPS      equ	3753	;# 
  5460     0EAA                     SMT1SIGPPS      equ	3754	;# 
  5461     0EAB                     SMT2WINPPS      equ	3755	;# 
  5462     0EAC                     SMT2SIGPPS      equ	3756	;# 
  5463     0EB1                     CWG1PPS         equ	3761	;# 
  5464     0EB2                     CWG2PPS         equ	3762	;# 
  5465     0EB3                     CWG3PPS         equ	3763	;# 
  5466     0EB8                     MDCARLPPS       equ	3768	;# 
  5467     0EB9                     MDCARHPPS       equ	3769	;# 
  5468     0EBA                     MDSRCPPS        equ	3770	;# 
  5469     0EBB                     CLCIN0PPS       equ	3771	;# 
  5470     0EBC                     CLCIN1PPS       equ	3772	;# 
  5471     0EBD                     CLCIN2PPS       equ	3773	;# 
  5472     0EBE                     CLCIN3PPS       equ	3774	;# 
  5473     0EC3                     ADCACTPPS       equ	3779	;# 
  5474     0EC5                     SSP1CLKPPS      equ	3781	;# 
  5475     0EC6                     SSP1DATPPS      equ	3782	;# 
  5476     0EC7                     SSP1SSPPS       equ	3783	;# 
  5477     0EC8                     SSP2CLKPPS      equ	3784	;# 
  5478     0EC9                     SSP2DATPPS      equ	3785	;# 
  5479     0ECA                     SSP2SSPPS       equ	3786	;# 
  5480     0ECB                     RXPPS           equ	3787	;# 
  5481     0ECC                     TXPPS           equ	3788	;# 
  5482     0F10                     RA0PPS          equ	3856	;# 
  5483     0F11                     RA1PPS          equ	3857	;# 
  5484     0F12                     RA2PPS          equ	3858	;# 
  5485     0F13                     RA3PPS          equ	3859	;# 
  5486     0F14                     RA4PPS          equ	3860	;# 
  5487     0F15                     RA5PPS          equ	3861	;# 
  5488     0F16                     RA6PPS          equ	3862	;# 
  5489     0F17                     RA7PPS          equ	3863	;# 
  5490     0F18                     RB0PPS          equ	3864	;# 
  5491     0F19                     RB1PPS          equ	3865	;# 
  5492     0F1A                     RB2PPS          equ	3866	;# 
  5493     0F1B                     RB3PPS          equ	3867	;# 
  5494     0F1C                     RB4PPS          equ	3868	;# 
  5495     0F1D                     RB5PPS          equ	3869	;# 
  5496     0F1E                     RB6PPS          equ	3870	;# 
  5497     0F1F                     RB7PPS          equ	3871	;# 
  5498     0F20                     RC0PPS          equ	3872	;# 
  5499     0F21                     RC1PPS          equ	3873	;# 
  5500     0F22                     RC2PPS          equ	3874	;# 
  5501     0F23                     RC3PPS          equ	3875	;# 
  5502     0F24                     RC4PPS          equ	3876	;# 
  5503     0F25                     RC5PPS          equ	3877	;# 
  5504     0F26                     RC6PPS          equ	3878	;# 
  5505     0F27                     RC7PPS          equ	3879	;# 
  5506     0F28                     RD0PPS          equ	3880	;# 
  5507     0F29                     RD1PPS          equ	3881	;# 
  5508     0F2A                     RD2PPS          equ	3882	;# 
  5509     0F2B                     RD3PPS          equ	3883	;# 
  5510     0F2C                     RD4PPS          equ	3884	;# 
  5511     0F2D                     RD5PPS          equ	3885	;# 
  5512     0F2E                     RD6PPS          equ	3886	;# 
  5513     0F2F                     RD7PPS          equ	3887	;# 
  5514     0F30                     RE0PPS          equ	3888	;# 
  5515     0F31                     RE1PPS          equ	3889	;# 
  5516     0F32                     RE2PPS          equ	3890	;# 
  5517     0F38                     ANSELA          equ	3896	;# 
  5518     0F39                     WPUA            equ	3897	;# 
  5519     0F3A                     ODCONA          equ	3898	;# 
  5520     0F3B                     SLRCONA         equ	3899	;# 
  5521     0F3C                     INLVLA          equ	3900	;# 
  5522     0F3D                     IOCAP           equ	3901	;# 
  5523     0F3E                     IOCAN           equ	3902	;# 
  5524     0F3F                     IOCAF           equ	3903	;# 
  5525     0F40                     CCDNA           equ	3904	;# 
  5526     0F41                     CCDPA           equ	3905	;# 
  5527     0F43                     ANSELB          equ	3907	;# 
  5528     0F44                     WPUB            equ	3908	;# 
  5529     0F45                     ODCONB          equ	3909	;# 
  5530     0F46                     SLRCONB         equ	3910	;# 
  5531     0F47                     INLVLB          equ	3911	;# 
  5532     0F48                     IOCBP           equ	3912	;# 
  5533     0F49                     IOCBN           equ	3913	;# 
  5534     0F4A                     IOCBF           equ	3914	;# 
  5535     0F4B                     CCDNB           equ	3915	;# 
  5536     0F4C                     CCDPB           equ	3916	;# 
  5537     0F4E                     ANSELC          equ	3918	;# 
  5538     0F4F                     WPUC            equ	3919	;# 
  5539     0F50                     ODCONC          equ	3920	;# 
  5540     0F51                     SLRCONC         equ	3921	;# 
  5541     0F52                     INLVLC          equ	3922	;# 
  5542     0F53                     IOCCP           equ	3923	;# 
  5543     0F54                     IOCCN           equ	3924	;# 
  5544     0F55                     IOCCF           equ	3925	;# 
  5545     0F56                     CCDNC           equ	3926	;# 
  5546     0F57                     CCDPC           equ	3927	;# 
  5547     0F59                     ANSELD          equ	3929	;# 
  5548     0F5A                     WPUD            equ	3930	;# 
  5549     0F5B                     ODCOND          equ	3931	;# 
  5550     0F5C                     SLRCOND         equ	3932	;# 
  5551     0F5D                     INLVLD          equ	3933	;# 
  5552     0F61                     CCDND           equ	3937	;# 
  5553     0F62                     CCDPD           equ	3938	;# 
  5554     0F64                     ANSELE          equ	3940	;# 
  5555     0F65                     WPUE            equ	3941	;# 
  5556     0F66                     ODCONE          equ	3942	;# 
  5557     0F67                     SLRCONE         equ	3943	;# 
  5558     0F68                     INLVLE          equ	3944	;# 
  5559     0F69                     IOCEP           equ	3945	;# 
  5560     0F6A                     IOCEN           equ	3946	;# 
  5561     0F6B                     IOCEF           equ	3947	;# 
  5562     0F6C                     CCDNE           equ	3948	;# 
  5563     0F6D                     CCDPE           equ	3949	;# 
  5564     0FE4                     STATUS_SHAD     equ	4068	;# 
  5565     0FE5                     WREG_SHAD       equ	4069	;# 
  5566     0FE6                     BSR_SHAD        equ	4070	;# 
  5567     0FE7                     PCLATH_SHAD     equ	4071	;# 
  5568     0FE8                     FSR0L_SHAD      equ	4072	;# 
  5569     0FE9                     FSR0H_SHAD      equ	4073	;# 
  5570     0FEA                     FSR1L_SHAD      equ	4074	;# 
  5571     0FEB                     FSR1H_SHAD      equ	4075	;# 
  5572     0FED                     STKPTR          equ	4077	;# 
  5573     0FEE                     TOSL            equ	4078	;# 
  5574     0FEF                     TOSH            equ	4079	;# 
  5575     0000                     INDF0           equ	0	;# 
  5576     0001                     INDF1           equ	1	;# 
  5577     0002                     PCL             equ	2	;# 
  5578     0003                     STATUS          equ	3	;# 
  5579     0004                     FSR0L           equ	4	;# 
  5580     0005                     FSR0H           equ	5	;# 
  5581     0006                     FSR1L           equ	6	;# 
  5582     0007                     FSR1H           equ	7	;# 
  5583     0008                     BSR             equ	8	;# 
  5584     0009                     WREG            equ	9	;# 
  5585     000A                     PCLATH          equ	10	;# 
  5586     000B                     INTCON          equ	11	;# 
  5587     000C                     PORTA           equ	12	;# 
  5588     000D                     PORTB           equ	13	;# 
  5589     000E                     PORTC           equ	14	;# 
  5590     000F                     PORTD           equ	15	;# 
  5591     0010                     PORTE           equ	16	;# 
  5592     0011                     TRISA           equ	17	;# 
  5593     0012                     TRISB           equ	18	;# 
  5594     0013                     TRISC           equ	19	;# 
  5595     0014                     TRISD           equ	20	;# 
  5596     0015                     TRISE           equ	21	;# 
  5597     0016                     LATA            equ	22	;# 
  5598     0017                     LATB            equ	23	;# 
  5599     0018                     LATC            equ	24	;# 
  5600     0019                     LATD            equ	25	;# 
  5601     001A                     LATE            equ	26	;# 
  5602     001C                     TMR0L           equ	28	;# 
  5603     001C                     TMR0            equ	28	;# 
  5604     001D                     TMR0H           equ	29	;# 
  5605     001D                     PR0             equ	29	;# 
  5606     001E                     T0CON0          equ	30	;# 
  5607     001F                     T0CON1          equ	31	;# 
  5608     008C                     ADRES           equ	140	;# 
  5609     008C                     ADRESL          equ	140	;# 
  5610     008D                     ADRESH          equ	141	;# 
  5611     008E                     ADPREV          equ	142	;# 
  5612     008E                     ADPREVL         equ	142	;# 
  5613     008F                     ADPREVH         equ	143	;# 
  5614     0090                     ADACC           equ	144	;# 
  5615     0090                     ADACCL          equ	144	;# 
  5616     0091                     ADACCH          equ	145	;# 
  5617     0093                     ADCON0          equ	147	;# 
  5618     0094                     ADCON1          equ	148	;# 
  5619     0095                     ADCON2          equ	149	;# 
  5620     0096                     ADCON3          equ	150	;# 
  5621     0097                     ADSTAT          equ	151	;# 
  5622     0098                     ADCLK           equ	152	;# 
  5623     0099                     ADACT           equ	153	;# 
  5624     009A                     ADREF           equ	154	;# 
  5625     009B                     ADCAP           equ	155	;# 
  5626     009C                     ADPRE           equ	156	;# 
  5627     009D                     ADACQ           equ	157	;# 
  5628     009E                     ADPCH           equ	158	;# 
  5629     010C                     ADCNT           equ	268	;# 
  5630     010D                     ADRPT           equ	269	;# 
  5631     010E                     ADLTH           equ	270	;# 
  5632     010E                     ADLTHL          equ	270	;# 
  5633     010F                     ADLTHH          equ	271	;# 
  5634     0110                     ADUTH           equ	272	;# 
  5635     0110                     ADUTHL          equ	272	;# 
  5636     0111                     ADUTHH          equ	273	;# 
  5637     0112                     ADSTPT          equ	274	;# 
  5638     0112                     ADSTPTL         equ	274	;# 
  5639     0113                     ADSTPTH         equ	275	;# 
  5640     0114                     ADFLTR          equ	276	;# 
  5641     0114                     ADFLTRL         equ	276	;# 
  5642     0115                     ADFLTRH         equ	277	;# 
  5643     0116                     ADERR           equ	278	;# 
  5644     0116                     ADERRL          equ	278	;# 
  5645     0117                     ADERRH          equ	279	;# 
  5646     0119                     RC1REG          equ	281	;# 
  5647     0119                     RCREG           equ	281	;# 
  5648     0119                     RCREG1          equ	281	;# 
  5649     011A                     TX1REG          equ	282	;# 
  5650     011A                     TXREG1          equ	282	;# 
  5651     011A                     TXREG           equ	282	;# 
  5652     011B                     SP1BRG          equ	283	;# 
  5653     011B                     SPBRG           equ	283	;# 
  5654     011B                     SP1BRGL         equ	283	;# 
  5655     011B                     SPBRG1          equ	283	;# 
  5656     011B                     SPBRGL          equ	283	;# 
  5657     011C                     SP1BRGH         equ	284	;# 
  5658     011C                     SPBRGH          equ	284	;# 
  5659     011C                     SPBRGH1         equ	284	;# 
  5660     011D                     RC1STA          equ	285	;# 
  5661     011D                     RCSTA1          equ	285	;# 
  5662     011D                     RCSTA           equ	285	;# 
  5663     011E                     TX1STA          equ	286	;# 
  5664     011E                     TXSTA1          equ	286	;# 
  5665     011E                     TXSTA           equ	286	;# 
  5666     011F                     BAUD1CON        equ	287	;# 
  5667     011F                     BAUDCON1        equ	287	;# 
  5668     011F                     BAUDCTL1        equ	287	;# 
  5669     011F                     BAUDCON         equ	287	;# 
  5670     011F                     BAUDCTL         equ	287	;# 
  5671     018C                     SSP1BUF         equ	396	;# 
  5672     018D                     SSP1ADD         equ	397	;# 
  5673     018E                     SSP1MSK         equ	398	;# 
  5674     018F                     SSP1STAT        equ	399	;# 
  5675     0190                     SSP1CON1        equ	400	;# 
  5676     0191                     SSP1CON2        equ	401	;# 
  5677     0192                     SSP1CON3        equ	402	;# 
  5678     0196                     SSP2BUF         equ	406	;# 
  5679     0197                     SSP2ADD         equ	407	;# 
  5680     0198                     SSP2MSK         equ	408	;# 
  5681     0199                     SSP2STAT        equ	409	;# 
  5682     019A                     SSP2CON1        equ	410	;# 
  5683     019B                     SSP2CON2        equ	411	;# 
  5684     019C                     SSP2CON3        equ	412	;# 
  5685     020C                     TMR1            equ	524	;# 
  5686     020C                     TMR1L           equ	524	;# 
  5687     020D                     TMR1H           equ	525	;# 
  5688     020E                     T1CON           equ	526	;# 
  5689     020F                     T1GCON          equ	527	;# 
  5690     020F                     PR1             equ	527	;# 
  5691     0210                     T1GATE          equ	528	;# 
  5692     0210                     TMR1GATE        equ	528	;# 
  5693     0211                     T1CLK           equ	529	;# 
  5694     0211                     TMR1CLK         equ	529	;# 
  5695     0212                     TMR3            equ	530	;# 
  5696     0212                     TMR3L           equ	530	;# 
  5697     0213                     TMR3H           equ	531	;# 
  5698     0214                     T3CON           equ	532	;# 
  5699     0215                     T3GCON          equ	533	;# 
  5700     0215                     PR3             equ	533	;# 
  5701     0216                     T3GATE          equ	534	;# 
  5702     0216                     TMR3GATE        equ	534	;# 
  5703     0217                     T3CLK           equ	535	;# 
  5704     0217                     TMR3CLK         equ	535	;# 
  5705     0218                     TMR5            equ	536	;# 
  5706     0218                     TMR5L           equ	536	;# 
  5707     0219                     TMR5H           equ	537	;# 
  5708     021A                     T5CON           equ	538	;# 
  5709     021B                     T5GCON          equ	539	;# 
  5710     021B                     PR5             equ	539	;# 
  5711     021C                     T5GATE          equ	540	;# 
  5712     021C                     TMR5GATE        equ	540	;# 
  5713     021D                     T5CLK           equ	541	;# 
  5714     021D                     TMR5CLK         equ	541	;# 
  5715     021E                     CCPTMRS0        equ	542	;# 
  5716     021F                     CCPTMRS1        equ	543	;# 
  5717     028C                     T2TMR           equ	652	;# 
  5718     028C                     TMR2            equ	652	;# 
  5719     028D                     T2PR            equ	653	;# 
  5720     028D                     PR2             equ	653	;# 
  5721     028E                     T2CON           equ	654	;# 
  5722     028F                     T2HLT           equ	655	;# 
  5723     0290                     T2CLKCON        equ	656	;# 
  5724     0290                     T2CLK           equ	656	;# 
  5725     0291                     T2RST           equ	657	;# 
  5726     0292                     T4TMR           equ	658	;# 
  5727     0292                     TMR4            equ	658	;# 
  5728     0293                     T4PR            equ	659	;# 
  5729     0293                     PR4             equ	659	;# 
  5730     0294                     T4CON           equ	660	;# 
  5731     0295                     T4HLT           equ	661	;# 
  5732     0296                     T4CLKCON        equ	662	;# 
  5733     0296                     T4CLK           equ	662	;# 
  5734     0297                     T4RST           equ	663	;# 
  5735     0298                     T6TMR           equ	664	;# 
  5736     0298                     TMR6            equ	664	;# 
  5737     0299                     T6PR            equ	665	;# 
  5738     0299                     PR6             equ	665	;# 
  5739     029A                     T6CON           equ	666	;# 
  5740     029B                     T6HLT           equ	667	;# 
  5741     029C                     T6CLKCON        equ	668	;# 
  5742     029C                     T6CLK           equ	668	;# 
  5743     029D                     T6RST           equ	669	;# 
  5744     030C                     CCPR1           equ	780	;# 
  5745     030C                     CCPR1L          equ	780	;# 
  5746     030D                     CCPR1H          equ	781	;# 
  5747     030E                     CCP1CON         equ	782	;# 
  5748     030F                     CCP1CAP         equ	783	;# 
  5749     0310                     CCPR2           equ	784	;# 
  5750     0310                     CCPR2L          equ	784	;# 
  5751     0311                     CCPR2H          equ	785	;# 
  5752     0312                     CCP2CON         equ	786	;# 
  5753     0313                     CCP2CAP         equ	787	;# 
  5754     0314                     CCPR3           equ	788	;# 
  5755     0314                     CCPR3L          equ	788	;# 
  5756     0315                     CCPR3H          equ	789	;# 
  5757     0316                     CCP3CON         equ	790	;# 
  5758     0317                     CCP3CAP         equ	791	;# 
  5759     0318                     CCPR4           equ	792	;# 
  5760     0318                     CCPR4L          equ	792	;# 
  5761     0319                     CCPR4H          equ	793	;# 
  5762     031A                     CCP4CON         equ	794	;# 
  5763     031B                     CCP4CAP         equ	795	;# 
  5764     031C                     CCPR5           equ	796	;# 
  5765     031C                     CCPR5L          equ	796	;# 
  5766     031D                     CCPR5H          equ	797	;# 
  5767     031E                     CCP5CON         equ	798	;# 
  5768     031F                     CCP5CAP         equ	799	;# 
  5769     038C                     PWM6DC          equ	908	;# 
  5770     038C                     PWM6DCL         equ	908	;# 
  5771     038D                     PWM6DCH         equ	909	;# 
  5772     038E                     PWM6CON         equ	910	;# 
  5773     0390                     PWM7DC          equ	912	;# 
  5774     0390                     PWM7DCL         equ	912	;# 
  5775     0391                     PWM7DCH         equ	913	;# 
  5776     0392                     PWM7CON         equ	914	;# 
  5777     040C                     SCANLADRL       equ	1036	;# 
  5778     040D                     SCANLADRH       equ	1037	;# 
  5779     040E                     SCANHADRL       equ	1038	;# 
  5780     040F                     SCANHADRH       equ	1039	;# 
  5781     0410                     SCANCON0        equ	1040	;# 
  5782     0411                     SCANTRIG        equ	1041	;# 
  5783     0416                     CRCDATA         equ	1046	;# 
  5784     0416                     CRCDATL         equ	1046	;# 
  5785     0417                     CRCDATH         equ	1047	;# 
  5786     0418                     CRCACC          equ	1048	;# 
  5787     0418                     CRCACCL         equ	1048	;# 
  5788     0419                     CRCACCH         equ	1049	;# 
  5789     041A                     CRCSHFT         equ	1050	;# 
  5790     041A                     CRCSHIFTL       equ	1050	;# 
  5791     041B                     CRCSHIFTH       equ	1051	;# 
  5792     041C                     CRCXOR          equ	1052	;# 
  5793     041C                     CRCXORL         equ	1052	;# 
  5794     041D                     CRCXORH         equ	1053	;# 
  5795     041E                     CRCCON0         equ	1054	;# 
  5796     041F                     CRCCON1         equ	1055	;# 
  5797     048C                     SMT1TMR         equ	1164	;# 
  5798     048C                     SMT1TMRL        equ	1164	;# 
  5799     048D                     SMT1TMRH        equ	1165	;# 
  5800     048E                     SMT1TMRU        equ	1166	;# 
  5801     048F                     SMT1CPR         equ	1167	;# 
  5802     048F                     SMT1CPRL        equ	1167	;# 
  5803     0490                     SMT1CPRH        equ	1168	;# 
  5804     0491                     SMT1CPRU        equ	1169	;# 
  5805     0492                     SMT1CPW         equ	1170	;# 
  5806     0492                     SMT1CPWL        equ	1170	;# 
  5807     0493                     SMT1CPWH        equ	1171	;# 
  5808     0494                     SMT1CPWU        equ	1172	;# 
  5809     0495                     SMT1PR          equ	1173	;# 
  5810     0495                     SMT1PRL         equ	1173	;# 
  5811     0496                     SMT1PRH         equ	1174	;# 
  5812     0497                     SMT1PRU         equ	1175	;# 
  5813     0498                     SMT1CON0        equ	1176	;# 
  5814     0499                     SMT1CON1        equ	1177	;# 
  5815     049A                     SMT1STAT        equ	1178	;# 
  5816     049B                     SMT1CLK         equ	1179	;# 
  5817     049C                     SMT1SIG         equ	1180	;# 
  5818     049D                     SMT1WIN         equ	1181	;# 
  5819     050C                     SMT2TMR         equ	1292	;# 
  5820     050C                     SMT2TMRL        equ	1292	;# 
  5821     050D                     SMT2TMRH        equ	1293	;# 
  5822     050E                     SMT2TMRU        equ	1294	;# 
  5823     050F                     SMT2CPR         equ	1295	;# 
  5824     050F                     SMT2CPRL        equ	1295	;# 
  5825     0510                     SMT2CPRH        equ	1296	;# 
  5826     0511                     SMT2CPRU        equ	1297	;# 
  5827     0512                     SMT2CPW         equ	1298	;# 
  5828     0512                     SMT2CPWL        equ	1298	;# 
  5829     0513                     SMT2CPWH        equ	1299	;# 
  5830     0514                     SMT2CPWU        equ	1300	;# 
  5831     0515                     SMT2PR          equ	1301	;# 
  5832     0515                     SMT2PRL         equ	1301	;# 
  5833     0516                     SMT2PRH         equ	1302	;# 
  5834     0517                     SMT2PRU         equ	1303	;# 
  5835     0518                     SMT2CON0        equ	1304	;# 
  5836     0519                     SMT2CON1        equ	1305	;# 
  5837     051A                     SMT2STAT        equ	1306	;# 
  5838     051B                     SMT2CLK         equ	1307	;# 
  5839     051C                     SMT2SIG         equ	1308	;# 
  5840     051D                     SMT2WIN         equ	1309	;# 
  5841     058C                     NCO1ACC         equ	1420	;# 
  5842     058C                     NCO1ACCL        equ	1420	;# 
  5843     058D                     NCO1ACCH        equ	1421	;# 
  5844     058E                     NCO1ACCU        equ	1422	;# 
  5845     058F                     NCO1INC         equ	1423	;# 
  5846     058F                     NCO1INCL        equ	1423	;# 
  5847     0590                     NCO1INCH        equ	1424	;# 
  5848     0591                     NCO1INCU        equ	1425	;# 
  5849     0592                     NCO1CON         equ	1426	;# 
  5850     0593                     NCO1CLK         equ	1427	;# 
  5851     060C                     CWG1CLKCON      equ	1548	;# 
  5852     060D                     CWG1ISM         equ	1549	;# 
  5853     060E                     CWG1DBR         equ	1550	;# 
  5854     060F                     CWG1DBF         equ	1551	;# 
  5855     0610                     CWG1CON0        equ	1552	;# 
  5856     0611                     CWG1CON1        equ	1553	;# 
  5857     0612                     CWG1AS0         equ	1554	;# 
  5858     0613                     CWG1AS1         equ	1555	;# 
  5859     0614                     CWG1STR         equ	1556	;# 
  5860     0616                     CWG2CLKCON      equ	1558	;# 
  5861     0617                     CWG2ISM         equ	1559	;# 
  5862     0618                     CWG2DBR         equ	1560	;# 
  5863     0619                     CWG2DBF         equ	1561	;# 
  5864     061A                     CWG2CON0        equ	1562	;# 
  5865     061B                     CWG2CON1        equ	1563	;# 
  5866     061C                     CWG2AS0         equ	1564	;# 
  5867     061D                     CWG2AS1         equ	1565	;# 
  5868     061E                     CWG2STR         equ	1566	;# 
  5869     068C                     CWG3CLKCON      equ	1676	;# 
  5870     068D                     CWG3ISM         equ	1677	;# 
  5871     068E                     CWG3DBR         equ	1678	;# 
  5872     068F                     CWG3DBF         equ	1679	;# 
  5873     0690                     CWG3CON0        equ	1680	;# 
  5874     0691                     CWG3CON1        equ	1681	;# 
  5875     0692                     CWG3AS0         equ	1682	;# 
  5876     0693                     CWG3AS1         equ	1683	;# 
  5877     0694                     CWG3STR         equ	1684	;# 
  5878     070C                     PIR0            equ	1804	;# 
  5879     070D                     PIR1            equ	1805	;# 
  5880     070E                     PIR2            equ	1806	;# 
  5881     070F                     PIR3            equ	1807	;# 
  5882     0710                     PIR4            equ	1808	;# 
  5883     0711                     PIR5            equ	1809	;# 
  5884     0712                     PIR6            equ	1810	;# 
  5885     0713                     PIR7            equ	1811	;# 
  5886     0714                     PIR8            equ	1812	;# 
  5887     0716                     PIE0            equ	1814	;# 
  5888     0717                     PIE1            equ	1815	;# 
  5889     0718                     PIE2            equ	1816	;# 
  5890     0719                     PIE3            equ	1817	;# 
  5891     071A                     PIE4            equ	1818	;# 
  5892     071B                     PIE5            equ	1819	;# 
  5893     071C                     PIE6            equ	1820	;# 
  5894     071D                     PIE7            equ	1821	;# 
  5895     071E                     PIE8            equ	1822	;# 
  5896     0796                     PMD0            equ	1942	;# 
  5897     0797                     PMD1            equ	1943	;# 
  5898     0798                     PMD2            equ	1944	;# 
  5899     0799                     PMD3            equ	1945	;# 
  5900     079A                     PMD4            equ	1946	;# 
  5901     079B                     PMD5            equ	1947	;# 
  5902     080C                     WDTCON0         equ	2060	;# 
  5903     080D                     WDTCON1         equ	2061	;# 
  5904     080E                     WDTPSL          equ	2062	;# 
  5905     080F                     WDTPSH          equ	2063	;# 
  5906     0810                     WDTTMR          equ	2064	;# 
  5907     0811                     BORCON          equ	2065	;# 
  5908     0812                     VREGCON         equ	2066	;# 
  5909     0813                     PCON0           equ	2067	;# 
  5910     0814                     CCDCON          equ	2068	;# 
  5911     081A                     NVMADRL         equ	2074	;# 
  5912     081B                     NVMADRH         equ	2075	;# 
  5913     081C                     NVMDATL         equ	2076	;# 
  5914     081D                     NVMDATH         equ	2077	;# 
  5915     081E                     NVMCON1         equ	2078	;# 
  5916     081F                     NVMCON2         equ	2079	;# 
  5917     088C                     CPUDOZE         equ	2188	;# 
  5918     088D                     OSCCON1         equ	2189	;# 
  5919     088E                     OSCCON2         equ	2190	;# 
  5920     088F                     OSCCON3         equ	2191	;# 
  5921     0890                     OSCSTAT         equ	2192	;# 
  5922     0891                     OSCEN           equ	2193	;# 
  5923     0892                     OSCTUNE         equ	2194	;# 
  5924     0893                     OSCFRQ          equ	2195	;# 
  5925     0895                     CLKRCON         equ	2197	;# 
  5926     0896                     CLKRCLK         equ	2198	;# 
  5927     0897                     MDCON0          equ	2199	;# 
  5928     0898                     MDCON1          equ	2200	;# 
  5929     0899                     MDSRC           equ	2201	;# 
  5930     089A                     MDCARL          equ	2202	;# 
  5931     089B                     MDCARH          equ	2203	;# 
  5932     090C                     FVRCON          equ	2316	;# 
  5933     090E                     DAC1CON0        equ	2318	;# 
  5934     090F                     DAC1CON1        equ	2319	;# 
  5935     091F                     ZCD1CON         equ	2335	;# 
  5936     091F                     ZCDCON          equ	2335	;# 
  5937     098F                     CMOUT           equ	2447	;# 
  5938     098F                     CMSTAT          equ	2447	;# 
  5939     0990                     CM1CON0         equ	2448	;# 
  5940     0991                     CM1CON1         equ	2449	;# 
  5941     0992                     CM1NSEL         equ	2450	;# 
  5942     0993                     CM1PSEL         equ	2451	;# 
  5943     0994                     CM2CON0         equ	2452	;# 
  5944     0995                     CM2CON1         equ	2453	;# 
  5945     0996                     CM2NSEL         equ	2454	;# 
  5946     0997                     CM2PSEL         equ	2455	;# 
  5947     0E0F                     CLCDATA         equ	3599	;# 
  5948     0E10                     CLC1CON         equ	3600	;# 
  5949     0E11                     CLC1POL         equ	3601	;# 
  5950     0E12                     CLC1SEL0        equ	3602	;# 
  5951     0E13                     CLC1SEL1        equ	3603	;# 
  5952     0E14                     CLC1SEL2        equ	3604	;# 
  5953     0E15                     CLC1SEL3        equ	3605	;# 
  5954     0E16                     CLC1GLS0        equ	3606	;# 
  5955     0E17                     CLC1GLS1        equ	3607	;# 
  5956     0E18                     CLC1GLS2        equ	3608	;# 
  5957     0E19                     CLC1GLS3        equ	3609	;# 
  5958     0E1A                     CLC2CON         equ	3610	;# 
  5959     0E1B                     CLC2POL         equ	3611	;# 
  5960     0E1C                     CLC2SEL0        equ	3612	;# 
  5961     0E1D                     CLC2SEL1        equ	3613	;# 
  5962     0E1E                     CLC2SEL2        equ	3614	;# 
  5963     0E1F                     CLC2SEL3        equ	3615	;# 
  5964     0E20                     CLC2GLS0        equ	3616	;# 
  5965     0E21                     CLC2GLS1        equ	3617	;# 
  5966     0E22                     CLC2GLS2        equ	3618	;# 
  5967     0E23                     CLC2GLS3        equ	3619	;# 
  5968     0E24                     CLC3CON         equ	3620	;# 
  5969     0E25                     CLC3POL         equ	3621	;# 
  5970     0E26                     CLC3SEL0        equ	3622	;# 
  5971     0E27                     CLC3SEL1        equ	3623	;# 
  5972     0E28                     CLC3SEL2        equ	3624	;# 
  5973     0E29                     CLC3SEL3        equ	3625	;# 
  5974     0E2A                     CLC3GLS0        equ	3626	;# 
  5975     0E2B                     CLC3GLS1        equ	3627	;# 
  5976     0E2C                     CLC3GLS2        equ	3628	;# 
  5977     0E2D                     CLC3GLS3        equ	3629	;# 
  5978     0E2E                     CLC4CON         equ	3630	;# 
  5979     0E2F                     CLC4POL         equ	3631	;# 
  5980     0E30                     CLC4SEL0        equ	3632	;# 
  5981     0E31                     CLC4SEL1        equ	3633	;# 
  5982     0E32                     CLC4SEL2        equ	3634	;# 
  5983     0E33                     CLC4SEL3        equ	3635	;# 
  5984     0E34                     CLC4GLS0        equ	3636	;# 
  5985     0E35                     CLC4GLS1        equ	3637	;# 
  5986     0E36                     CLC4GLS2        equ	3638	;# 
  5987     0E37                     CLC4GLS3        equ	3639	;# 
  5988     0E8F                     PPSLOCK         equ	3727	;# 
  5989     0E90                     INTPPS          equ	3728	;# 
  5990     0E91                     T0CKIPPS        equ	3729	;# 
  5991     0E92                     T1CKIPPS        equ	3730	;# 
  5992     0E93                     T1GPPS          equ	3731	;# 
  5993     0E94                     T3CKIPPS        equ	3732	;# 
  5994     0E95                     T3GPPS          equ	3733	;# 
  5995     0E96                     T5CKIPPS        equ	3734	;# 
  5996     0E97                     T5GPPS          equ	3735	;# 
  5997     0E9C                     T2AINPPS        equ	3740	;# 
  5998     0E9D                     T4AINPPS        equ	3741	;# 
  5999     0E9E                     T6AINPPS        equ	3742	;# 
  6000     0EA1                     CCP1PPS         equ	3745	;# 
  6001     0EA2                     CCP2PPS         equ	3746	;# 
  6002     0EA3                     CCP3PPS         equ	3747	;# 
  6003     0EA4                     CCP4PPS         equ	3748	;# 
  6004     0EA5                     CCP5PPS         equ	3749	;# 
  6005     0EA9                     SMT1WINPPS      equ	3753	;# 
  6006     0EAA                     SMT1SIGPPS      equ	3754	;# 
  6007     0EAB                     SMT2WINPPS      equ	3755	;# 
  6008     0EAC                     SMT2SIGPPS      equ	3756	;# 
  6009     0EB1                     CWG1PPS         equ	3761	;# 
  6010     0EB2                     CWG2PPS         equ	3762	;# 
  6011     0EB3                     CWG3PPS         equ	3763	;# 
  6012     0EB8                     MDCARLPPS       equ	3768	;# 
  6013     0EB9                     MDCARHPPS       equ	3769	;# 
  6014     0EBA                     MDSRCPPS        equ	3770	;# 
  6015     0EBB                     CLCIN0PPS       equ	3771	;# 
  6016     0EBC                     CLCIN1PPS       equ	3772	;# 
  6017     0EBD                     CLCIN2PPS       equ	3773	;# 
  6018     0EBE                     CLCIN3PPS       equ	3774	;# 
  6019     0EC3                     ADCACTPPS       equ	3779	;# 
  6020     0EC5                     SSP1CLKPPS      equ	3781	;# 
  6021     0EC6                     SSP1DATPPS      equ	3782	;# 
  6022     0EC7                     SSP1SSPPS       equ	3783	;# 
  6023     0EC8                     SSP2CLKPPS      equ	3784	;# 
  6024     0EC9                     SSP2DATPPS      equ	3785	;# 
  6025     0ECA                     SSP2SSPPS       equ	3786	;# 
  6026     0ECB                     RXPPS           equ	3787	;# 
  6027     0ECC                     TXPPS           equ	3788	;# 
  6028     0F10                     RA0PPS          equ	3856	;# 
  6029     0F11                     RA1PPS          equ	3857	;# 
  6030     0F12                     RA2PPS          equ	3858	;# 
  6031     0F13                     RA3PPS          equ	3859	;# 
  6032     0F14                     RA4PPS          equ	3860	;# 
  6033     0F15                     RA5PPS          equ	3861	;# 
  6034     0F16                     RA6PPS          equ	3862	;# 
  6035     0F17                     RA7PPS          equ	3863	;# 
  6036     0F18                     RB0PPS          equ	3864	;# 
  6037     0F19                     RB1PPS          equ	3865	;# 
  6038     0F1A                     RB2PPS          equ	3866	;# 
  6039     0F1B                     RB3PPS          equ	3867	;# 
  6040     0F1C                     RB4PPS          equ	3868	;# 
  6041     0F1D                     RB5PPS          equ	3869	;# 
  6042     0F1E                     RB6PPS          equ	3870	;# 
  6043     0F1F                     RB7PPS          equ	3871	;# 
  6044     0F20                     RC0PPS          equ	3872	;# 
  6045     0F21                     RC1PPS          equ	3873	;# 
  6046     0F22                     RC2PPS          equ	3874	;# 
  6047     0F23                     RC3PPS          equ	3875	;# 
  6048     0F24                     RC4PPS          equ	3876	;# 
  6049     0F25                     RC5PPS          equ	3877	;# 
  6050     0F26                     RC6PPS          equ	3878	;# 
  6051     0F27                     RC7PPS          equ	3879	;# 
  6052     0F28                     RD0PPS          equ	3880	;# 
  6053     0F29                     RD1PPS          equ	3881	;# 
  6054     0F2A                     RD2PPS          equ	3882	;# 
  6055     0F2B                     RD3PPS          equ	3883	;# 
  6056     0F2C                     RD4PPS          equ	3884	;# 
  6057     0F2D                     RD5PPS          equ	3885	;# 
  6058     0F2E                     RD6PPS          equ	3886	;# 
  6059     0F2F                     RD7PPS          equ	3887	;# 
  6060     0F30                     RE0PPS          equ	3888	;# 
  6061     0F31                     RE1PPS          equ	3889	;# 
  6062     0F32                     RE2PPS          equ	3890	;# 
  6063     0F38                     ANSELA          equ	3896	;# 
  6064     0F39                     WPUA            equ	3897	;# 
  6065     0F3A                     ODCONA          equ	3898	;# 
  6066     0F3B                     SLRCONA         equ	3899	;# 
  6067     0F3C                     INLVLA          equ	3900	;# 
  6068     0F3D                     IOCAP           equ	3901	;# 
  6069     0F3E                     IOCAN           equ	3902	;# 
  6070     0F3F                     IOCAF           equ	3903	;# 
  6071     0F40                     CCDNA           equ	3904	;# 
  6072     0F41                     CCDPA           equ	3905	;# 
  6073     0F43                     ANSELB          equ	3907	;# 
  6074     0F44                     WPUB            equ	3908	;# 
  6075     0F45                     ODCONB          equ	3909	;# 
  6076     0F46                     SLRCONB         equ	3910	;# 
  6077     0F47                     INLVLB          equ	3911	;# 
  6078     0F48                     IOCBP           equ	3912	;# 
  6079     0F49                     IOCBN           equ	3913	;# 
  6080     0F4A                     IOCBF           equ	3914	;# 
  6081     0F4B                     CCDNB           equ	3915	;# 
  6082     0F4C                     CCDPB           equ	3916	;# 
  6083     0F4E                     ANSELC          equ	3918	;# 
  6084     0F4F                     WPUC            equ	3919	;# 
  6085     0F50                     ODCONC          equ	3920	;# 
  6086     0F51                     SLRCONC         equ	3921	;# 
  6087     0F52                     INLVLC          equ	3922	;# 
  6088     0F53                     IOCCP           equ	3923	;# 
  6089     0F54                     IOCCN           equ	3924	;# 
  6090     0F55                     IOCCF           equ	3925	;# 
  6091     0F56                     CCDNC           equ	3926	;# 
  6092     0F57                     CCDPC           equ	3927	;# 
  6093     0F59                     ANSELD          equ	3929	;# 
  6094     0F5A                     WPUD            equ	3930	;# 
  6095     0F5B                     ODCOND          equ	3931	;# 
  6096     0F5C                     SLRCOND         equ	3932	;# 
  6097     0F5D                     INLVLD          equ	3933	;# 
  6098     0F61                     CCDND           equ	3937	;# 
  6099     0F62                     CCDPD           equ	3938	;# 
  6100     0F64                     ANSELE          equ	3940	;# 
  6101     0F65                     WPUE            equ	3941	;# 
  6102     0F66                     ODCONE          equ	3942	;# 
  6103     0F67                     SLRCONE         equ	3943	;# 
  6104     0F68                     INLVLE          equ	3944	;# 
  6105     0F69                     IOCEP           equ	3945	;# 
  6106     0F6A                     IOCEN           equ	3946	;# 
  6107     0F6B                     IOCEF           equ	3947	;# 
  6108     0F6C                     CCDNE           equ	3948	;# 
  6109     0F6D                     CCDPE           equ	3949	;# 
  6110     0FE4                     STATUS_SHAD     equ	4068	;# 
  6111     0FE5                     WREG_SHAD       equ	4069	;# 
  6112     0FE6                     BSR_SHAD        equ	4070	;# 
  6113     0FE7                     PCLATH_SHAD     equ	4071	;# 
  6114     0FE8                     FSR0L_SHAD      equ	4072	;# 
  6115     0FE9                     FSR0H_SHAD      equ	4073	;# 
  6116     0FEA                     FSR1L_SHAD      equ	4074	;# 
  6117     0FEB                     FSR1H_SHAD      equ	4075	;# 
  6118     0FED                     STKPTR          equ	4077	;# 
  6119     0FEE                     TOSL            equ	4078	;# 
  6120     0FEF                     TOSH            equ	4079	;# 
  6121     0000                     INDF0           equ	0	;# 
  6122     0001                     INDF1           equ	1	;# 
  6123     0002                     PCL             equ	2	;# 
  6124     0003                     STATUS          equ	3	;# 
  6125     0004                     FSR0L           equ	4	;# 
  6126     0005                     FSR0H           equ	5	;# 
  6127     0006                     FSR1L           equ	6	;# 
  6128     0007                     FSR1H           equ	7	;# 
  6129     0008                     BSR             equ	8	;# 
  6130     0009                     WREG            equ	9	;# 
  6131     000A                     PCLATH          equ	10	;# 
  6132     000B                     INTCON          equ	11	;# 
  6133     000C                     PORTA           equ	12	;# 
  6134     000D                     PORTB           equ	13	;# 
  6135     000E                     PORTC           equ	14	;# 
  6136     000F                     PORTD           equ	15	;# 
  6137     0010                     PORTE           equ	16	;# 
  6138     0011                     TRISA           equ	17	;# 
  6139     0012                     TRISB           equ	18	;# 
  6140     0013                     TRISC           equ	19	;# 
  6141     0014                     TRISD           equ	20	;# 
  6142     0015                     TRISE           equ	21	;# 
  6143     0016                     LATA            equ	22	;# 
  6144     0017                     LATB            equ	23	;# 
  6145     0018                     LATC            equ	24	;# 
  6146     0019                     LATD            equ	25	;# 
  6147     001A                     LATE            equ	26	;# 
  6148     001C                     TMR0L           equ	28	;# 
  6149     001C                     TMR0            equ	28	;# 
  6150     001D                     TMR0H           equ	29	;# 
  6151     001D                     PR0             equ	29	;# 
  6152     001E                     T0CON0          equ	30	;# 
  6153     001F                     T0CON1          equ	31	;# 
  6154     008C                     ADRES           equ	140	;# 
  6155     008C                     ADRESL          equ	140	;# 
  6156     008D                     ADRESH          equ	141	;# 
  6157     008E                     ADPREV          equ	142	;# 
  6158     008E                     ADPREVL         equ	142	;# 
  6159     008F                     ADPREVH         equ	143	;# 
  6160     0090                     ADACC           equ	144	;# 
  6161     0090                     ADACCL          equ	144	;# 
  6162     0091                     ADACCH          equ	145	;# 
  6163     0093                     ADCON0          equ	147	;# 
  6164     0094                     ADCON1          equ	148	;# 
  6165     0095                     ADCON2          equ	149	;# 
  6166     0096                     ADCON3          equ	150	;# 
  6167     0097                     ADSTAT          equ	151	;# 
  6168     0098                     ADCLK           equ	152	;# 
  6169     0099                     ADACT           equ	153	;# 
  6170     009A                     ADREF           equ	154	;# 
  6171     009B                     ADCAP           equ	155	;# 
  6172     009C                     ADPRE           equ	156	;# 
  6173     009D                     ADACQ           equ	157	;# 
  6174     009E                     ADPCH           equ	158	;# 
  6175     010C                     ADCNT           equ	268	;# 
  6176     010D                     ADRPT           equ	269	;# 
  6177     010E                     ADLTH           equ	270	;# 
  6178     010E                     ADLTHL          equ	270	;# 
  6179     010F                     ADLTHH          equ	271	;# 
  6180     0110                     ADUTH           equ	272	;# 
  6181     0110                     ADUTHL          equ	272	;# 
  6182     0111                     ADUTHH          equ	273	;# 
  6183     0112                     ADSTPT          equ	274	;# 
  6184     0112                     ADSTPTL         equ	274	;# 
  6185     0113                     ADSTPTH         equ	275	;# 
  6186     0114                     ADFLTR          equ	276	;# 
  6187     0114                     ADFLTRL         equ	276	;# 
  6188     0115                     ADFLTRH         equ	277	;# 
  6189     0116                     ADERR           equ	278	;# 
  6190     0116                     ADERRL          equ	278	;# 
  6191     0117                     ADERRH          equ	279	;# 
  6192     0119                     RC1REG          equ	281	;# 
  6193     0119                     RCREG           equ	281	;# 
  6194     0119                     RCREG1          equ	281	;# 
  6195     011A                     TX1REG          equ	282	;# 
  6196     011A                     TXREG1          equ	282	;# 
  6197     011A                     TXREG           equ	282	;# 
  6198     011B                     SP1BRG          equ	283	;# 
  6199     011B                     SPBRG           equ	283	;# 
  6200     011B                     SP1BRGL         equ	283	;# 
  6201     011B                     SPBRG1          equ	283	;# 
  6202     011B                     SPBRGL          equ	283	;# 
  6203     011C                     SP1BRGH         equ	284	;# 
  6204     011C                     SPBRGH          equ	284	;# 
  6205     011C                     SPBRGH1         equ	284	;# 
  6206     011D                     RC1STA          equ	285	;# 
  6207     011D                     RCSTA1          equ	285	;# 
  6208     011D                     RCSTA           equ	285	;# 
  6209     011E                     TX1STA          equ	286	;# 
  6210     011E                     TXSTA1          equ	286	;# 
  6211     011E                     TXSTA           equ	286	;# 
  6212     011F                     BAUD1CON        equ	287	;# 
  6213     011F                     BAUDCON1        equ	287	;# 
  6214     011F                     BAUDCTL1        equ	287	;# 
  6215     011F                     BAUDCON         equ	287	;# 
  6216     011F                     BAUDCTL         equ	287	;# 
  6217     018C                     SSP1BUF         equ	396	;# 
  6218     018D                     SSP1ADD         equ	397	;# 
  6219     018E                     SSP1MSK         equ	398	;# 
  6220     018F                     SSP1STAT        equ	399	;# 
  6221     0190                     SSP1CON1        equ	400	;# 
  6222     0191                     SSP1CON2        equ	401	;# 
  6223     0192                     SSP1CON3        equ	402	;# 
  6224     0196                     SSP2BUF         equ	406	;# 
  6225     0197                     SSP2ADD         equ	407	;# 
  6226     0198                     SSP2MSK         equ	408	;# 
  6227     0199                     SSP2STAT        equ	409	;# 
  6228     019A                     SSP2CON1        equ	410	;# 
  6229     019B                     SSP2CON2        equ	411	;# 
  6230     019C                     SSP2CON3        equ	412	;# 
  6231     020C                     TMR1            equ	524	;# 
  6232     020C                     TMR1L           equ	524	;# 
  6233     020D                     TMR1H           equ	525	;# 
  6234     020E                     T1CON           equ	526	;# 
  6235     020F                     T1GCON          equ	527	;# 
  6236     020F                     PR1             equ	527	;# 
  6237     0210                     T1GATE          equ	528	;# 
  6238     0210                     TMR1GATE        equ	528	;# 
  6239     0211                     T1CLK           equ	529	;# 
  6240     0211                     TMR1CLK         equ	529	;# 
  6241     0212                     TMR3            equ	530	;# 
  6242     0212                     TMR3L           equ	530	;# 
  6243     0213                     TMR3H           equ	531	;# 
  6244     0214                     T3CON           equ	532	;# 
  6245     0215                     T3GCON          equ	533	;# 
  6246     0215                     PR3             equ	533	;# 
  6247     0216                     T3GATE          equ	534	;# 
  6248     0216                     TMR3GATE        equ	534	;# 
  6249     0217                     T3CLK           equ	535	;# 
  6250     0217                     TMR3CLK         equ	535	;# 
  6251     0218                     TMR5            equ	536	;# 
  6252     0218                     TMR5L           equ	536	;# 
  6253     0219                     TMR5H           equ	537	;# 
  6254     021A                     T5CON           equ	538	;# 
  6255     021B                     T5GCON          equ	539	;# 
  6256     021B                     PR5             equ	539	;# 
  6257     021C                     T5GATE          equ	540	;# 
  6258     021C                     TMR5GATE        equ	540	;# 
  6259     021D                     T5CLK           equ	541	;# 
  6260     021D                     TMR5CLK         equ	541	;# 
  6261     021E                     CCPTMRS0        equ	542	;# 
  6262     021F                     CCPTMRS1        equ	543	;# 
  6263     028C                     T2TMR           equ	652	;# 
  6264     028C                     TMR2            equ	652	;# 
  6265     028D                     T2PR            equ	653	;# 
  6266     028D                     PR2             equ	653	;# 
  6267     028E                     T2CON           equ	654	;# 
  6268     028F                     T2HLT           equ	655	;# 
  6269     0290                     T2CLKCON        equ	656	;# 
  6270     0290                     T2CLK           equ	656	;# 
  6271     0291                     T2RST           equ	657	;# 
  6272     0292                     T4TMR           equ	658	;# 
  6273     0292                     TMR4            equ	658	;# 
  6274     0293                     T4PR            equ	659	;# 
  6275     0293                     PR4             equ	659	;# 
  6276     0294                     T4CON           equ	660	;# 
  6277     0295                     T4HLT           equ	661	;# 
  6278     0296                     T4CLKCON        equ	662	;# 
  6279     0296                     T4CLK           equ	662	;# 
  6280     0297                     T4RST           equ	663	;# 
  6281     0298                     T6TMR           equ	664	;# 
  6282     0298                     TMR6            equ	664	;# 
  6283     0299                     T6PR            equ	665	;# 
  6284     0299                     PR6             equ	665	;# 
  6285     029A                     T6CON           equ	666	;# 
  6286     029B                     T6HLT           equ	667	;# 
  6287     029C                     T6CLKCON        equ	668	;# 
  6288     029C                     T6CLK           equ	668	;# 
  6289     029D                     T6RST           equ	669	;# 
  6290     030C                     CCPR1           equ	780	;# 
  6291     030C                     CCPR1L          equ	780	;# 
  6292     030D                     CCPR1H          equ	781	;# 
  6293     030E                     CCP1CON         equ	782	;# 
  6294     030F                     CCP1CAP         equ	783	;# 
  6295     0310                     CCPR2           equ	784	;# 
  6296     0310                     CCPR2L          equ	784	;# 
  6297     0311                     CCPR2H          equ	785	;# 
  6298     0312                     CCP2CON         equ	786	;# 
  6299     0313                     CCP2CAP         equ	787	;# 
  6300     0314                     CCPR3           equ	788	;# 
  6301     0314                     CCPR3L          equ	788	;# 
  6302     0315                     CCPR3H          equ	789	;# 
  6303     0316                     CCP3CON         equ	790	;# 
  6304     0317                     CCP3CAP         equ	791	;# 
  6305     0318                     CCPR4           equ	792	;# 
  6306     0318                     CCPR4L          equ	792	;# 
  6307     0319                     CCPR4H          equ	793	;# 
  6308     031A                     CCP4CON         equ	794	;# 
  6309     031B                     CCP4CAP         equ	795	;# 
  6310     031C                     CCPR5           equ	796	;# 
  6311     031C                     CCPR5L          equ	796	;# 
  6312     031D                     CCPR5H          equ	797	;# 
  6313     031E                     CCP5CON         equ	798	;# 
  6314     031F                     CCP5CAP         equ	799	;# 
  6315     038C                     PWM6DC          equ	908	;# 
  6316     038C                     PWM6DCL         equ	908	;# 
  6317     038D                     PWM6DCH         equ	909	;# 
  6318     038E                     PWM6CON         equ	910	;# 
  6319     0390                     PWM7DC          equ	912	;# 
  6320     0390                     PWM7DCL         equ	912	;# 
  6321     0391                     PWM7DCH         equ	913	;# 
  6322     0392                     PWM7CON         equ	914	;# 
  6323     040C                     SCANLADRL       equ	1036	;# 
  6324     040D                     SCANLADRH       equ	1037	;# 
  6325     040E                     SCANHADRL       equ	1038	;# 
  6326     040F                     SCANHADRH       equ	1039	;# 
  6327     0410                     SCANCON0        equ	1040	;# 
  6328     0411                     SCANTRIG        equ	1041	;# 
  6329     0416                     CRCDATA         equ	1046	;# 
  6330     0416                     CRCDATL         equ	1046	;# 
  6331     0417                     CRCDATH         equ	1047	;# 
  6332     0418                     CRCACC          equ	1048	;# 
  6333     0418                     CRCACCL         equ	1048	;# 
  6334     0419                     CRCACCH         equ	1049	;# 
  6335     041A                     CRCSHFT         equ	1050	;# 
  6336     041A                     CRCSHIFTL       equ	1050	;# 
  6337     041B                     CRCSHIFTH       equ	1051	;# 
  6338     041C                     CRCXOR          equ	1052	;# 
  6339     041C                     CRCXORL         equ	1052	;# 
  6340     041D                     CRCXORH         equ	1053	;# 
  6341     041E                     CRCCON0         equ	1054	;# 
  6342     041F                     CRCCON1         equ	1055	;# 
  6343     048C                     SMT1TMR         equ	1164	;# 
  6344     048C                     SMT1TMRL        equ	1164	;# 
  6345     048D                     SMT1TMRH        equ	1165	;# 
  6346     048E                     SMT1TMRU        equ	1166	;# 
  6347     048F                     SMT1CPR         equ	1167	;# 
  6348     048F                     SMT1CPRL        equ	1167	;# 
  6349     0490                     SMT1CPRH        equ	1168	;# 
  6350     0491                     SMT1CPRU        equ	1169	;# 
  6351     0492                     SMT1CPW         equ	1170	;# 
  6352     0492                     SMT1CPWL        equ	1170	;# 
  6353     0493                     SMT1CPWH        equ	1171	;# 
  6354     0494                     SMT1CPWU        equ	1172	;# 
  6355     0495                     SMT1PR          equ	1173	;# 
  6356     0495                     SMT1PRL         equ	1173	;# 
  6357     0496                     SMT1PRH         equ	1174	;# 
  6358     0497                     SMT1PRU         equ	1175	;# 
  6359     0498                     SMT1CON0        equ	1176	;# 
  6360     0499                     SMT1CON1        equ	1177	;# 
  6361     049A                     SMT1STAT        equ	1178	;# 
  6362     049B                     SMT1CLK         equ	1179	;# 
  6363     049C                     SMT1SIG         equ	1180	;# 
  6364     049D                     SMT1WIN         equ	1181	;# 
  6365     050C                     SMT2TMR         equ	1292	;# 
  6366     050C                     SMT2TMRL        equ	1292	;# 
  6367     050D                     SMT2TMRH        equ	1293	;# 
  6368     050E                     SMT2TMRU        equ	1294	;# 
  6369     050F                     SMT2CPR         equ	1295	;# 
  6370     050F                     SMT2CPRL        equ	1295	;# 
  6371     0510                     SMT2CPRH        equ	1296	;# 
  6372     0511                     SMT2CPRU        equ	1297	;# 
  6373     0512                     SMT2CPW         equ	1298	;# 
  6374     0512                     SMT2CPWL        equ	1298	;# 
  6375     0513                     SMT2CPWH        equ	1299	;# 
  6376     0514                     SMT2CPWU        equ	1300	;# 
  6377     0515                     SMT2PR          equ	1301	;# 
  6378     0515                     SMT2PRL         equ	1301	;# 
  6379     0516                     SMT2PRH         equ	1302	;# 
  6380     0517                     SMT2PRU         equ	1303	;# 
  6381     0518                     SMT2CON0        equ	1304	;# 
  6382     0519                     SMT2CON1        equ	1305	;# 
  6383     051A                     SMT2STAT        equ	1306	;# 
  6384     051B                     SMT2CLK         equ	1307	;# 
  6385     051C                     SMT2SIG         equ	1308	;# 
  6386     051D                     SMT2WIN         equ	1309	;# 
  6387     058C                     NCO1ACC         equ	1420	;# 
  6388     058C                     NCO1ACCL        equ	1420	;# 
  6389     058D                     NCO1ACCH        equ	1421	;# 
  6390     058E                     NCO1ACCU        equ	1422	;# 
  6391     058F                     NCO1INC         equ	1423	;# 
  6392     058F                     NCO1INCL        equ	1423	;# 
  6393     0590                     NCO1INCH        equ	1424	;# 
  6394     0591                     NCO1INCU        equ	1425	;# 
  6395     0592                     NCO1CON         equ	1426	;# 
  6396     0593                     NCO1CLK         equ	1427	;# 
  6397     060C                     CWG1CLKCON      equ	1548	;# 
  6398     060D                     CWG1ISM         equ	1549	;# 
  6399     060E                     CWG1DBR         equ	1550	;# 
  6400     060F                     CWG1DBF         equ	1551	;# 
  6401     0610                     CWG1CON0        equ	1552	;# 
  6402     0611                     CWG1CON1        equ	1553	;# 
  6403     0612                     CWG1AS0         equ	1554	;# 
  6404     0613                     CWG1AS1         equ	1555	;# 
  6405     0614                     CWG1STR         equ	1556	;# 
  6406     0616                     CWG2CLKCON      equ	1558	;# 
  6407     0617                     CWG2ISM         equ	1559	;# 
  6408     0618                     CWG2DBR         equ	1560	;# 
  6409     0619                     CWG2DBF         equ	1561	;# 
  6410     061A                     CWG2CON0        equ	1562	;# 
  6411     061B                     CWG2CON1        equ	1563	;# 
  6412     061C                     CWG2AS0         equ	1564	;# 
  6413     061D                     CWG2AS1         equ	1565	;# 
  6414     061E                     CWG2STR         equ	1566	;# 
  6415     068C                     CWG3CLKCON      equ	1676	;# 
  6416     068D                     CWG3ISM         equ	1677	;# 
  6417     068E                     CWG3DBR         equ	1678	;# 
  6418     068F                     CWG3DBF         equ	1679	;# 
  6419     0690                     CWG3CON0        equ	1680	;# 
  6420     0691                     CWG3CON1        equ	1681	;# 
  6421     0692                     CWG3AS0         equ	1682	;# 
  6422     0693                     CWG3AS1         equ	1683	;# 
  6423     0694                     CWG3STR         equ	1684	;# 
  6424     070C                     PIR0            equ	1804	;# 
  6425     070D                     PIR1            equ	1805	;# 
  6426     070E                     PIR2            equ	1806	;# 
  6427     070F                     PIR3            equ	1807	;# 
  6428     0710                     PIR4            equ	1808	;# 
  6429     0711                     PIR5            equ	1809	;# 
  6430     0712                     PIR6            equ	1810	;# 
  6431     0713                     PIR7            equ	1811	;# 
  6432     0714                     PIR8            equ	1812	;# 
  6433     0716                     PIE0            equ	1814	;# 
  6434     0717                     PIE1            equ	1815	;# 
  6435     0718                     PIE2            equ	1816	;# 
  6436     0719                     PIE3            equ	1817	;# 
  6437     071A                     PIE4            equ	1818	;# 
  6438     071B                     PIE5            equ	1819	;# 
  6439     071C                     PIE6            equ	1820	;# 
  6440     071D                     PIE7            equ	1821	;# 
  6441     071E                     PIE8            equ	1822	;# 
  6442     0796                     PMD0            equ	1942	;# 
  6443     0797                     PMD1            equ	1943	;# 
  6444     0798                     PMD2            equ	1944	;# 
  6445     0799                     PMD3            equ	1945	;# 
  6446     079A                     PMD4            equ	1946	;# 
  6447     079B                     PMD5            equ	1947	;# 
  6448     080C                     WDTCON0         equ	2060	;# 
  6449     080D                     WDTCON1         equ	2061	;# 
  6450     080E                     WDTPSL          equ	2062	;# 
  6451     080F                     WDTPSH          equ	2063	;# 
  6452     0810                     WDTTMR          equ	2064	;# 
  6453     0811                     BORCON          equ	2065	;# 
  6454     0812                     VREGCON         equ	2066	;# 
  6455     0813                     PCON0           equ	2067	;# 
  6456     0814                     CCDCON          equ	2068	;# 
  6457     081A                     NVMADRL         equ	2074	;# 
  6458     081B                     NVMADRH         equ	2075	;# 
  6459     081C                     NVMDATL         equ	2076	;# 
  6460     081D                     NVMDATH         equ	2077	;# 
  6461     081E                     NVMCON1         equ	2078	;# 
  6462     081F                     NVMCON2         equ	2079	;# 
  6463     088C                     CPUDOZE         equ	2188	;# 
  6464     088D                     OSCCON1         equ	2189	;# 
  6465     088E                     OSCCON2         equ	2190	;# 
  6466     088F                     OSCCON3         equ	2191	;# 
  6467     0890                     OSCSTAT         equ	2192	;# 
  6468     0891                     OSCEN           equ	2193	;# 
  6469     0892                     OSCTUNE         equ	2194	;# 
  6470     0893                     OSCFRQ          equ	2195	;# 
  6471     0895                     CLKRCON         equ	2197	;# 
  6472     0896                     CLKRCLK         equ	2198	;# 
  6473     0897                     MDCON0          equ	2199	;# 
  6474     0898                     MDCON1          equ	2200	;# 
  6475     0899                     MDSRC           equ	2201	;# 
  6476     089A                     MDCARL          equ	2202	;# 
  6477     089B                     MDCARH          equ	2203	;# 
  6478     090C                     FVRCON          equ	2316	;# 
  6479     090E                     DAC1CON0        equ	2318	;# 
  6480     090F                     DAC1CON1        equ	2319	;# 
  6481     091F                     ZCD1CON         equ	2335	;# 
  6482     091F                     ZCDCON          equ	2335	;# 
  6483     098F                     CMOUT           equ	2447	;# 
  6484     098F                     CMSTAT          equ	2447	;# 
  6485     0990                     CM1CON0         equ	2448	;# 
  6486     0991                     CM1CON1         equ	2449	;# 
  6487     0992                     CM1NSEL         equ	2450	;# 
  6488     0993                     CM1PSEL         equ	2451	;# 
  6489     0994                     CM2CON0         equ	2452	;# 
  6490     0995                     CM2CON1         equ	2453	;# 
  6491     0996                     CM2NSEL         equ	2454	;# 
  6492     0997                     CM2PSEL         equ	2455	;# 
  6493     0E0F                     CLCDATA         equ	3599	;# 
  6494     0E10                     CLC1CON         equ	3600	;# 
  6495     0E11                     CLC1POL         equ	3601	;# 
  6496     0E12                     CLC1SEL0        equ	3602	;# 
  6497     0E13                     CLC1SEL1        equ	3603	;# 
  6498     0E14                     CLC1SEL2        equ	3604	;# 
  6499     0E15                     CLC1SEL3        equ	3605	;# 
  6500     0E16                     CLC1GLS0        equ	3606	;# 
  6501     0E17                     CLC1GLS1        equ	3607	;# 
  6502     0E18                     CLC1GLS2        equ	3608	;# 
  6503     0E19                     CLC1GLS3        equ	3609	;# 
  6504     0E1A                     CLC2CON         equ	3610	;# 
  6505     0E1B                     CLC2POL         equ	3611	;# 
  6506     0E1C                     CLC2SEL0        equ	3612	;# 
  6507     0E1D                     CLC2SEL1        equ	3613	;# 
  6508     0E1E                     CLC2SEL2        equ	3614	;# 
  6509     0E1F                     CLC2SEL3        equ	3615	;# 
  6510     0E20                     CLC2GLS0        equ	3616	;# 
  6511     0E21                     CLC2GLS1        equ	3617	;# 
  6512     0E22                     CLC2GLS2        equ	3618	;# 
  6513     0E23                     CLC2GLS3        equ	3619	;# 
  6514     0E24                     CLC3CON         equ	3620	;# 
  6515     0E25                     CLC3POL         equ	3621	;# 
  6516     0E26                     CLC3SEL0        equ	3622	;# 
  6517     0E27                     CLC3SEL1        equ	3623	;# 
  6518     0E28                     CLC3SEL2        equ	3624	;# 
  6519     0E29                     CLC3SEL3        equ	3625	;# 
  6520     0E2A                     CLC3GLS0        equ	3626	;# 
  6521     0E2B                     CLC3GLS1        equ	3627	;# 
  6522     0E2C                     CLC3GLS2        equ	3628	;# 
  6523     0E2D                     CLC3GLS3        equ	3629	;# 
  6524     0E2E                     CLC4CON         equ	3630	;# 
  6525     0E2F                     CLC4POL         equ	3631	;# 
  6526     0E30                     CLC4SEL0        equ	3632	;# 
  6527     0E31                     CLC4SEL1        equ	3633	;# 
  6528     0E32                     CLC4SEL2        equ	3634	;# 
  6529     0E33                     CLC4SEL3        equ	3635	;# 
  6530     0E34                     CLC4GLS0        equ	3636	;# 
  6531     0E35                     CLC4GLS1        equ	3637	;# 
  6532     0E36                     CLC4GLS2        equ	3638	;# 
  6533     0E37                     CLC4GLS3        equ	3639	;# 
  6534     0E8F                     PPSLOCK         equ	3727	;# 
  6535     0E90                     INTPPS          equ	3728	;# 
  6536     0E91                     T0CKIPPS        equ	3729	;# 
  6537     0E92                     T1CKIPPS        equ	3730	;# 
  6538     0E93                     T1GPPS          equ	3731	;# 
  6539     0E94                     T3CKIPPS        equ	3732	;# 
  6540     0E95                     T3GPPS          equ	3733	;# 
  6541     0E96                     T5CKIPPS        equ	3734	;# 
  6542     0E97                     T5GPPS          equ	3735	;# 
  6543     0E9C                     T2AINPPS        equ	3740	;# 
  6544     0E9D                     T4AINPPS        equ	3741	;# 
  6545     0E9E                     T6AINPPS        equ	3742	;# 
  6546     0EA1                     CCP1PPS         equ	3745	;# 
  6547     0EA2                     CCP2PPS         equ	3746	;# 
  6548     0EA3                     CCP3PPS         equ	3747	;# 
  6549     0EA4                     CCP4PPS         equ	3748	;# 
  6550     0EA5                     CCP5PPS         equ	3749	;# 
  6551     0EA9                     SMT1WINPPS      equ	3753	;# 
  6552     0EAA                     SMT1SIGPPS      equ	3754	;# 
  6553     0EAB                     SMT2WINPPS      equ	3755	;# 
  6554     0EAC                     SMT2SIGPPS      equ	3756	;# 
  6555     0EB1                     CWG1PPS         equ	3761	;# 
  6556     0EB2                     CWG2PPS         equ	3762	;# 
  6557     0EB3                     CWG3PPS         equ	3763	;# 
  6558     0EB8                     MDCARLPPS       equ	3768	;# 
  6559     0EB9                     MDCARHPPS       equ	3769	;# 
  6560     0EBA                     MDSRCPPS        equ	3770	;# 
  6561     0EBB                     CLCIN0PPS       equ	3771	;# 
  6562     0EBC                     CLCIN1PPS       equ	3772	;# 
  6563     0EBD                     CLCIN2PPS       equ	3773	;# 
  6564     0EBE                     CLCIN3PPS       equ	3774	;# 
  6565     0EC3                     ADCACTPPS       equ	3779	;# 
  6566     0EC5                     SSP1CLKPPS      equ	3781	;# 
  6567     0EC6                     SSP1DATPPS      equ	3782	;# 
  6568     0EC7                     SSP1SSPPS       equ	3783	;# 
  6569     0EC8                     SSP2CLKPPS      equ	3784	;# 
  6570     0EC9                     SSP2DATPPS      equ	3785	;# 
  6571     0ECA                     SSP2SSPPS       equ	3786	;# 
  6572     0ECB                     RXPPS           equ	3787	;# 
  6573     0ECC                     TXPPS           equ	3788	;# 
  6574     0F10                     RA0PPS          equ	3856	;# 
  6575     0F11                     RA1PPS          equ	3857	;# 
  6576     0F12                     RA2PPS          equ	3858	;# 
  6577     0F13                     RA3PPS          equ	3859	;# 
  6578     0F14                     RA4PPS          equ	3860	;# 
  6579     0F15                     RA5PPS          equ	3861	;# 
  6580     0F16                     RA6PPS          equ	3862	;# 
  6581     0F17                     RA7PPS          equ	3863	;# 
  6582     0F18                     RB0PPS          equ	3864	;# 
  6583     0F19                     RB1PPS          equ	3865	;# 
  6584     0F1A                     RB2PPS          equ	3866	;# 
  6585     0F1B                     RB3PPS          equ	3867	;# 
  6586     0F1C                     RB4PPS          equ	3868	;# 
  6587     0F1D                     RB5PPS          equ	3869	;# 
  6588     0F1E                     RB6PPS          equ	3870	;# 
  6589     0F1F                     RB7PPS          equ	3871	;# 
  6590     0F20                     RC0PPS          equ	3872	;# 
  6591     0F21                     RC1PPS          equ	3873	;# 
  6592     0F22                     RC2PPS          equ	3874	;# 
  6593     0F23                     RC3PPS          equ	3875	;# 
  6594     0F24                     RC4PPS          equ	3876	;# 
  6595     0F25                     RC5PPS          equ	3877	;# 
  6596     0F26                     RC6PPS          equ	3878	;# 
  6597     0F27                     RC7PPS          equ	3879	;# 
  6598     0F28                     RD0PPS          equ	3880	;# 
  6599     0F29                     RD1PPS          equ	3881	;# 
  6600     0F2A                     RD2PPS          equ	3882	;# 
  6601     0F2B                     RD3PPS          equ	3883	;# 
  6602     0F2C                     RD4PPS          equ	3884	;# 
  6603     0F2D                     RD5PPS          equ	3885	;# 
  6604     0F2E                     RD6PPS          equ	3886	;# 
  6605     0F2F                     RD7PPS          equ	3887	;# 
  6606     0F30                     RE0PPS          equ	3888	;# 
  6607     0F31                     RE1PPS          equ	3889	;# 
  6608     0F32                     RE2PPS          equ	3890	;# 
  6609     0F38                     ANSELA          equ	3896	;# 
  6610     0F39                     WPUA            equ	3897	;# 
  6611     0F3A                     ODCONA          equ	3898	;# 
  6612     0F3B                     SLRCONA         equ	3899	;# 
  6613     0F3C                     INLVLA          equ	3900	;# 
  6614     0F3D                     IOCAP           equ	3901	;# 
  6615     0F3E                     IOCAN           equ	3902	;# 
  6616     0F3F                     IOCAF           equ	3903	;# 
  6617     0F40                     CCDNA           equ	3904	;# 
  6618     0F41                     CCDPA           equ	3905	;# 
  6619     0F43                     ANSELB          equ	3907	;# 
  6620     0F44                     WPUB            equ	3908	;# 
  6621     0F45                     ODCONB          equ	3909	;# 
  6622     0F46                     SLRCONB         equ	3910	;# 
  6623     0F47                     INLVLB          equ	3911	;# 
  6624     0F48                     IOCBP           equ	3912	;# 
  6625     0F49                     IOCBN           equ	3913	;# 
  6626     0F4A                     IOCBF           equ	3914	;# 
  6627     0F4B                     CCDNB           equ	3915	;# 
  6628     0F4C                     CCDPB           equ	3916	;# 
  6629     0F4E                     ANSELC          equ	3918	;# 
  6630     0F4F                     WPUC            equ	3919	;# 
  6631     0F50                     ODCONC          equ	3920	;# 
  6632     0F51                     SLRCONC         equ	3921	;# 
  6633     0F52                     INLVLC          equ	3922	;# 
  6634     0F53                     IOCCP           equ	3923	;# 
  6635     0F54                     IOCCN           equ	3924	;# 
  6636     0F55                     IOCCF           equ	3925	;# 
  6637     0F56                     CCDNC           equ	3926	;# 
  6638     0F57                     CCDPC           equ	3927	;# 
  6639     0F59                     ANSELD          equ	3929	;# 
  6640     0F5A                     WPUD            equ	3930	;# 
  6641     0F5B                     ODCOND          equ	3931	;# 
  6642     0F5C                     SLRCOND         equ	3932	;# 
  6643     0F5D                     INLVLD          equ	3933	;# 
  6644     0F61                     CCDND           equ	3937	;# 
  6645     0F62                     CCDPD           equ	3938	;# 
  6646     0F64                     ANSELE          equ	3940	;# 
  6647     0F65                     WPUE            equ	3941	;# 
  6648     0F66                     ODCONE          equ	3942	;# 
  6649     0F67                     SLRCONE         equ	3943	;# 
  6650     0F68                     INLVLE          equ	3944	;# 
  6651     0F69                     IOCEP           equ	3945	;# 
  6652     0F6A                     IOCEN           equ	3946	;# 
  6653     0F6B                     IOCEF           equ	3947	;# 
  6654     0F6C                     CCDNE           equ	3948	;# 
  6655     0F6D                     CCDPE           equ	3949	;# 
  6656     0FE4                     STATUS_SHAD     equ	4068	;# 
  6657     0FE5                     WREG_SHAD       equ	4069	;# 
  6658     0FE6                     BSR_SHAD        equ	4070	;# 
  6659     0FE7                     PCLATH_SHAD     equ	4071	;# 
  6660     0FE8                     FSR0L_SHAD      equ	4072	;# 
  6661     0FE9                     FSR0H_SHAD      equ	4073	;# 
  6662     0FEA                     FSR1L_SHAD      equ	4074	;# 
  6663     0FEB                     FSR1H_SHAD      equ	4075	;# 
  6664     0FED                     STKPTR          equ	4077	;# 
  6665     0FEE                     TOSL            equ	4078	;# 
  6666     0FEF                     TOSH            equ	4079	;# 
  6667     0000                     INDF0           equ	0	;# 
  6668     0001                     INDF1           equ	1	;# 
  6669     0002                     PCL             equ	2	;# 
  6670     0003                     STATUS          equ	3	;# 
  6671     0004                     FSR0L           equ	4	;# 
  6672     0005                     FSR0H           equ	5	;# 
  6673     0006                     FSR1L           equ	6	;# 
  6674     0007                     FSR1H           equ	7	;# 
  6675     0008                     BSR             equ	8	;# 
  6676     0009                     WREG            equ	9	;# 
  6677     000A                     PCLATH          equ	10	;# 
  6678     000B                     INTCON          equ	11	;# 
  6679     000C                     PORTA           equ	12	;# 
  6680     000D                     PORTB           equ	13	;# 
  6681     000E                     PORTC           equ	14	;# 
  6682     000F                     PORTD           equ	15	;# 
  6683     0010                     PORTE           equ	16	;# 
  6684     0011                     TRISA           equ	17	;# 
  6685     0012                     TRISB           equ	18	;# 
  6686     0013                     TRISC           equ	19	;# 
  6687     0014                     TRISD           equ	20	;# 
  6688     0015                     TRISE           equ	21	;# 
  6689     0016                     LATA            equ	22	;# 
  6690     0017                     LATB            equ	23	;# 
  6691     0018                     LATC            equ	24	;# 
  6692     0019                     LATD            equ	25	;# 
  6693     001A                     LATE            equ	26	;# 
  6694     001C                     TMR0L           equ	28	;# 
  6695     001C                     TMR0            equ	28	;# 
  6696     001D                     TMR0H           equ	29	;# 
  6697     001D                     PR0             equ	29	;# 
  6698     001E                     T0CON0          equ	30	;# 
  6699     001F                     T0CON1          equ	31	;# 
  6700     008C                     ADRES           equ	140	;# 
  6701     008C                     ADRESL          equ	140	;# 
  6702     008D                     ADRESH          equ	141	;# 
  6703     008E                     ADPREV          equ	142	;# 
  6704     008E                     ADPREVL         equ	142	;# 
  6705     008F                     ADPREVH         equ	143	;# 
  6706     0090                     ADACC           equ	144	;# 
  6707     0090                     ADACCL          equ	144	;# 
  6708     0091                     ADACCH          equ	145	;# 
  6709     0093                     ADCON0          equ	147	;# 
  6710     0094                     ADCON1          equ	148	;# 
  6711     0095                     ADCON2          equ	149	;# 
  6712     0096                     ADCON3          equ	150	;# 
  6713     0097                     ADSTAT          equ	151	;# 
  6714     0098                     ADCLK           equ	152	;# 
  6715     0099                     ADACT           equ	153	;# 
  6716     009A                     ADREF           equ	154	;# 
  6717     009B                     ADCAP           equ	155	;# 
  6718     009C                     ADPRE           equ	156	;# 
  6719     009D                     ADACQ           equ	157	;# 
  6720     009E                     ADPCH           equ	158	;# 
  6721     010C                     ADCNT           equ	268	;# 
  6722     010D                     ADRPT           equ	269	;# 
  6723     010E                     ADLTH           equ	270	;# 
  6724     010E                     ADLTHL          equ	270	;# 
  6725     010F                     ADLTHH          equ	271	;# 
  6726     0110                     ADUTH           equ	272	;# 
  6727     0110                     ADUTHL          equ	272	;# 
  6728     0111                     ADUTHH          equ	273	;# 
  6729     0112                     ADSTPT          equ	274	;# 
  6730     0112                     ADSTPTL         equ	274	;# 
  6731     0113                     ADSTPTH         equ	275	;# 
  6732     0114                     ADFLTR          equ	276	;# 
  6733     0114                     ADFLTRL         equ	276	;# 
  6734     0115                     ADFLTRH         equ	277	;# 
  6735     0116                     ADERR           equ	278	;# 
  6736     0116                     ADERRL          equ	278	;# 
  6737     0117                     ADERRH          equ	279	;# 
  6738     0119                     RC1REG          equ	281	;# 
  6739     0119                     RCREG           equ	281	;# 
  6740     0119                     RCREG1          equ	281	;# 
  6741     011A                     TX1REG          equ	282	;# 
  6742     011A                     TXREG1          equ	282	;# 
  6743     011A                     TXREG           equ	282	;# 
  6744     011B                     SP1BRG          equ	283	;# 
  6745     011B                     SPBRG           equ	283	;# 
  6746     011B                     SP1BRGL         equ	283	;# 
  6747     011B                     SPBRG1          equ	283	;# 
  6748     011B                     SPBRGL          equ	283	;# 
  6749     011C                     SP1BRGH         equ	284	;# 
  6750     011C                     SPBRGH          equ	284	;# 
  6751     011C                     SPBRGH1         equ	284	;# 
  6752     011D                     RC1STA          equ	285	;# 
  6753     011D                     RCSTA1          equ	285	;# 
  6754     011D                     RCSTA           equ	285	;# 
  6755     011E                     TX1STA          equ	286	;# 
  6756     011E                     TXSTA1          equ	286	;# 
  6757     011E                     TXSTA           equ	286	;# 
  6758     011F                     BAUD1CON        equ	287	;# 
  6759     011F                     BAUDCON1        equ	287	;# 
  6760     011F                     BAUDCTL1        equ	287	;# 
  6761     011F                     BAUDCON         equ	287	;# 
  6762     011F                     BAUDCTL         equ	287	;# 
  6763     018C                     SSP1BUF         equ	396	;# 
  6764     018D                     SSP1ADD         equ	397	;# 
  6765     018E                     SSP1MSK         equ	398	;# 
  6766     018F                     SSP1STAT        equ	399	;# 
  6767     0190                     SSP1CON1        equ	400	;# 
  6768     0191                     SSP1CON2        equ	401	;# 
  6769     0192                     SSP1CON3        equ	402	;# 
  6770     0196                     SSP2BUF         equ	406	;# 
  6771     0197                     SSP2ADD         equ	407	;# 
  6772     0198                     SSP2MSK         equ	408	;# 
  6773     0199                     SSP2STAT        equ	409	;# 
  6774     019A                     SSP2CON1        equ	410	;# 
  6775     019B                     SSP2CON2        equ	411	;# 
  6776     019C                     SSP2CON3        equ	412	;# 
  6777     020C                     TMR1            equ	524	;# 
  6778     020C                     TMR1L           equ	524	;# 
  6779     020D                     TMR1H           equ	525	;# 
  6780     020E                     T1CON           equ	526	;# 
  6781     020F                     T1GCON          equ	527	;# 
  6782     020F                     PR1             equ	527	;# 
  6783     0210                     T1GATE          equ	528	;# 
  6784     0210                     TMR1GATE        equ	528	;# 
  6785     0211                     T1CLK           equ	529	;# 
  6786     0211                     TMR1CLK         equ	529	;# 
  6787     0212                     TMR3            equ	530	;# 
  6788     0212                     TMR3L           equ	530	;# 
  6789     0213                     TMR3H           equ	531	;# 
  6790     0214                     T3CON           equ	532	;# 
  6791     0215                     T3GCON          equ	533	;# 
  6792     0215                     PR3             equ	533	;# 
  6793     0216                     T3GATE          equ	534	;# 
  6794     0216                     TMR3GATE        equ	534	;# 
  6795     0217                     T3CLK           equ	535	;# 
  6796     0217                     TMR3CLK         equ	535	;# 
  6797     0218                     TMR5            equ	536	;# 
  6798     0218                     TMR5L           equ	536	;# 
  6799     0219                     TMR5H           equ	537	;# 
  6800     021A                     T5CON           equ	538	;# 
  6801     021B                     T5GCON          equ	539	;# 
  6802     021B                     PR5             equ	539	;# 
  6803     021C                     T5GATE          equ	540	;# 
  6804     021C                     TMR5GATE        equ	540	;# 
  6805     021D                     T5CLK           equ	541	;# 
  6806     021D                     TMR5CLK         equ	541	;# 
  6807     021E                     CCPTMRS0        equ	542	;# 
  6808     021F                     CCPTMRS1        equ	543	;# 
  6809     028C                     T2TMR           equ	652	;# 
  6810     028C                     TMR2            equ	652	;# 
  6811     028D                     T2PR            equ	653	;# 
  6812     028D                     PR2             equ	653	;# 
  6813     028E                     T2CON           equ	654	;# 
  6814     028F                     T2HLT           equ	655	;# 
  6815     0290                     T2CLKCON        equ	656	;# 
  6816     0290                     T2CLK           equ	656	;# 
  6817     0291                     T2RST           equ	657	;# 
  6818     0292                     T4TMR           equ	658	;# 
  6819     0292                     TMR4            equ	658	;# 
  6820     0293                     T4PR            equ	659	;# 
  6821     0293                     PR4             equ	659	;# 
  6822     0294                     T4CON           equ	660	;# 
  6823     0295                     T4HLT           equ	661	;# 
  6824     0296                     T4CLKCON        equ	662	;# 
  6825     0296                     T4CLK           equ	662	;# 
  6826     0297                     T4RST           equ	663	;# 
  6827     0298                     T6TMR           equ	664	;# 
  6828     0298                     TMR6            equ	664	;# 
  6829     0299                     T6PR            equ	665	;# 
  6830     0299                     PR6             equ	665	;# 
  6831     029A                     T6CON           equ	666	;# 
  6832     029B                     T6HLT           equ	667	;# 
  6833     029C                     T6CLKCON        equ	668	;# 
  6834     029C                     T6CLK           equ	668	;# 
  6835     029D                     T6RST           equ	669	;# 
  6836     030C                     CCPR1           equ	780	;# 
  6837     030C                     CCPR1L          equ	780	;# 
  6838     030D                     CCPR1H          equ	781	;# 
  6839     030E                     CCP1CON         equ	782	;# 
  6840     030F                     CCP1CAP         equ	783	;# 
  6841     0310                     CCPR2           equ	784	;# 
  6842     0310                     CCPR2L          equ	784	;# 
  6843     0311                     CCPR2H          equ	785	;# 
  6844     0312                     CCP2CON         equ	786	;# 
  6845     0313                     CCP2CAP         equ	787	;# 
  6846     0314                     CCPR3           equ	788	;# 
  6847     0314                     CCPR3L          equ	788	;# 
  6848     0315                     CCPR3H          equ	789	;# 
  6849     0316                     CCP3CON         equ	790	;# 
  6850     0317                     CCP3CAP         equ	791	;# 
  6851     0318                     CCPR4           equ	792	;# 
  6852     0318                     CCPR4L          equ	792	;# 
  6853     0319                     CCPR4H          equ	793	;# 
  6854     031A                     CCP4CON         equ	794	;# 
  6855     031B                     CCP4CAP         equ	795	;# 
  6856     031C                     CCPR5           equ	796	;# 
  6857     031C                     CCPR5L          equ	796	;# 
  6858     031D                     CCPR5H          equ	797	;# 
  6859     031E                     CCP5CON         equ	798	;# 
  6860     031F                     CCP5CAP         equ	799	;# 
  6861     038C                     PWM6DC          equ	908	;# 
  6862     038C                     PWM6DCL         equ	908	;# 
  6863     038D                     PWM6DCH         equ	909	;# 
  6864     038E                     PWM6CON         equ	910	;# 
  6865     0390                     PWM7DC          equ	912	;# 
  6866     0390                     PWM7DCL         equ	912	;# 
  6867     0391                     PWM7DCH         equ	913	;# 
  6868     0392                     PWM7CON         equ	914	;# 
  6869     040C                     SCANLADRL       equ	1036	;# 
  6870     040D                     SCANLADRH       equ	1037	;# 
  6871     040E                     SCANHADRL       equ	1038	;# 
  6872     040F                     SCANHADRH       equ	1039	;# 
  6873     0410                     SCANCON0        equ	1040	;# 
  6874     0411                     SCANTRIG        equ	1041	;# 
  6875     0416                     CRCDATA         equ	1046	;# 
  6876     0416                     CRCDATL         equ	1046	;# 
  6877     0417                     CRCDATH         equ	1047	;# 
  6878     0418                     CRCACC          equ	1048	;# 
  6879     0418                     CRCACCL         equ	1048	;# 
  6880     0419                     CRCACCH         equ	1049	;# 
  6881     041A                     CRCSHFT         equ	1050	;# 
  6882     041A                     CRCSHIFTL       equ	1050	;# 
  6883     041B                     CRCSHIFTH       equ	1051	;# 
  6884     041C                     CRCXOR          equ	1052	;# 
  6885     041C                     CRCXORL         equ	1052	;# 
  6886     041D                     CRCXORH         equ	1053	;# 
  6887     041E                     CRCCON0         equ	1054	;# 
  6888     041F                     CRCCON1         equ	1055	;# 
  6889     048C                     SMT1TMR         equ	1164	;# 
  6890     048C                     SMT1TMRL        equ	1164	;# 
  6891     048D                     SMT1TMRH        equ	1165	;# 
  6892     048E                     SMT1TMRU        equ	1166	;# 
  6893     048F                     SMT1CPR         equ	1167	;# 
  6894     048F                     SMT1CPRL        equ	1167	;# 
  6895     0490                     SMT1CPRH        equ	1168	;# 
  6896     0491                     SMT1CPRU        equ	1169	;# 
  6897     0492                     SMT1CPW         equ	1170	;# 
  6898     0492                     SMT1CPWL        equ	1170	;# 
  6899     0493                     SMT1CPWH        equ	1171	;# 
  6900     0494                     SMT1CPWU        equ	1172	;# 
  6901     0495                     SMT1PR          equ	1173	;# 
  6902     0495                     SMT1PRL         equ	1173	;# 
  6903     0496                     SMT1PRH         equ	1174	;# 
  6904     0497                     SMT1PRU         equ	1175	;# 
  6905     0498                     SMT1CON0        equ	1176	;# 
  6906     0499                     SMT1CON1        equ	1177	;# 
  6907     049A                     SMT1STAT        equ	1178	;# 
  6908     049B                     SMT1CLK         equ	1179	;# 
  6909     049C                     SMT1SIG         equ	1180	;# 
  6910     049D                     SMT1WIN         equ	1181	;# 
  6911     050C                     SMT2TMR         equ	1292	;# 
  6912     050C                     SMT2TMRL        equ	1292	;# 
  6913     050D                     SMT2TMRH        equ	1293	;# 
  6914     050E                     SMT2TMRU        equ	1294	;# 
  6915     050F                     SMT2CPR         equ	1295	;# 
  6916     050F                     SMT2CPRL        equ	1295	;# 
  6917     0510                     SMT2CPRH        equ	1296	;# 
  6918     0511                     SMT2CPRU        equ	1297	;# 
  6919     0512                     SMT2CPW         equ	1298	;# 
  6920     0512                     SMT2CPWL        equ	1298	;# 
  6921     0513                     SMT2CPWH        equ	1299	;# 
  6922     0514                     SMT2CPWU        equ	1300	;# 
  6923     0515                     SMT2PR          equ	1301	;# 
  6924     0515                     SMT2PRL         equ	1301	;# 
  6925     0516                     SMT2PRH         equ	1302	;# 
  6926     0517                     SMT2PRU         equ	1303	;# 
  6927     0518                     SMT2CON0        equ	1304	;# 
  6928     0519                     SMT2CON1        equ	1305	;# 
  6929     051A                     SMT2STAT        equ	1306	;# 
  6930     051B                     SMT2CLK         equ	1307	;# 
  6931     051C                     SMT2SIG         equ	1308	;# 
  6932     051D                     SMT2WIN         equ	1309	;# 
  6933     058C                     NCO1ACC         equ	1420	;# 
  6934     058C                     NCO1ACCL        equ	1420	;# 
  6935     058D                     NCO1ACCH        equ	1421	;# 
  6936     058E                     NCO1ACCU        equ	1422	;# 
  6937     058F                     NCO1INC         equ	1423	;# 
  6938     058F                     NCO1INCL        equ	1423	;# 
  6939     0590                     NCO1INCH        equ	1424	;# 
  6940     0591                     NCO1INCU        equ	1425	;# 
  6941     0592                     NCO1CON         equ	1426	;# 
  6942     0593                     NCO1CLK         equ	1427	;# 
  6943     060C                     CWG1CLKCON      equ	1548	;# 
  6944     060D                     CWG1ISM         equ	1549	;# 
  6945     060E                     CWG1DBR         equ	1550	;# 
  6946     060F                     CWG1DBF         equ	1551	;# 
  6947     0610                     CWG1CON0        equ	1552	;# 
  6948     0611                     CWG1CON1        equ	1553	;# 
  6949     0612                     CWG1AS0         equ	1554	;# 
  6950     0613                     CWG1AS1         equ	1555	;# 
  6951     0614                     CWG1STR         equ	1556	;# 
  6952     0616                     CWG2CLKCON      equ	1558	;# 
  6953     0617                     CWG2ISM         equ	1559	;# 
  6954     0618                     CWG2DBR         equ	1560	;# 
  6955     0619                     CWG2DBF         equ	1561	;# 
  6956     061A                     CWG2CON0        equ	1562	;# 
  6957     061B                     CWG2CON1        equ	1563	;# 
  6958     061C                     CWG2AS0         equ	1564	;# 
  6959     061D                     CWG2AS1         equ	1565	;# 
  6960     061E                     CWG2STR         equ	1566	;# 
  6961     068C                     CWG3CLKCON      equ	1676	;# 
  6962     068D                     CWG3ISM         equ	1677	;# 
  6963     068E                     CWG3DBR         equ	1678	;# 
  6964     068F                     CWG3DBF         equ	1679	;# 
  6965     0690                     CWG3CON0        equ	1680	;# 
  6966     0691                     CWG3CON1        equ	1681	;# 
  6967     0692                     CWG3AS0         equ	1682	;# 
  6968     0693                     CWG3AS1         equ	1683	;# 
  6969     0694                     CWG3STR         equ	1684	;# 
  6970     070C                     PIR0            equ	1804	;# 
  6971     070D                     PIR1            equ	1805	;# 
  6972     070E                     PIR2            equ	1806	;# 
  6973     070F                     PIR3            equ	1807	;# 
  6974     0710                     PIR4            equ	1808	;# 
  6975     0711                     PIR5            equ	1809	;# 
  6976     0712                     PIR6            equ	1810	;# 
  6977     0713                     PIR7            equ	1811	;# 
  6978     0714                     PIR8            equ	1812	;# 
  6979     0716                     PIE0            equ	1814	;# 
  6980     0717                     PIE1            equ	1815	;# 
  6981     0718                     PIE2            equ	1816	;# 
  6982     0719                     PIE3            equ	1817	;# 
  6983     071A                     PIE4            equ	1818	;# 
  6984     071B                     PIE5            equ	1819	;# 
  6985     071C                     PIE6            equ	1820	;# 
  6986     071D                     PIE7            equ	1821	;# 
  6987     071E                     PIE8            equ	1822	;# 
  6988     0796                     PMD0            equ	1942	;# 
  6989     0797                     PMD1            equ	1943	;# 
  6990     0798                     PMD2            equ	1944	;# 
  6991     0799                     PMD3            equ	1945	;# 
  6992     079A                     PMD4            equ	1946	;# 
  6993     079B                     PMD5            equ	1947	;# 
  6994     080C                     WDTCON0         equ	2060	;# 
  6995     080D                     WDTCON1         equ	2061	;# 
  6996     080E                     WDTPSL          equ	2062	;# 
  6997     080F                     WDTPSH          equ	2063	;# 
  6998     0810                     WDTTMR          equ	2064	;# 
  6999     0811                     BORCON          equ	2065	;# 
  7000     0812                     VREGCON         equ	2066	;# 
  7001     0813                     PCON0           equ	2067	;# 
  7002     0814                     CCDCON          equ	2068	;# 
  7003     081A                     NVMADRL         equ	2074	;# 
  7004     081B                     NVMADRH         equ	2075	;# 
  7005     081C                     NVMDATL         equ	2076	;# 
  7006     081D                     NVMDATH         equ	2077	;# 
  7007     081E                     NVMCON1         equ	2078	;# 
  7008     081F                     NVMCON2         equ	2079	;# 
  7009     088C                     CPUDOZE         equ	2188	;# 
  7010     088D                     OSCCON1         equ	2189	;# 
  7011     088E                     OSCCON2         equ	2190	;# 
  7012     088F                     OSCCON3         equ	2191	;# 
  7013     0890                     OSCSTAT         equ	2192	;# 
  7014     0891                     OSCEN           equ	2193	;# 
  7015     0892                     OSCTUNE         equ	2194	;# 
  7016     0893                     OSCFRQ          equ	2195	;# 
  7017     0895                     CLKRCON         equ	2197	;# 
  7018     0896                     CLKRCLK         equ	2198	;# 
  7019     0897                     MDCON0          equ	2199	;# 
  7020     0898                     MDCON1          equ	2200	;# 
  7021     0899                     MDSRC           equ	2201	;# 
  7022     089A                     MDCARL          equ	2202	;# 
  7023     089B                     MDCARH          equ	2203	;# 
  7024     090C                     FVRCON          equ	2316	;# 
  7025     090E                     DAC1CON0        equ	2318	;# 
  7026     090F                     DAC1CON1        equ	2319	;# 
  7027     091F                     ZCD1CON         equ	2335	;# 
  7028     091F                     ZCDCON          equ	2335	;# 
  7029     098F                     CMOUT           equ	2447	;# 
  7030     098F                     CMSTAT          equ	2447	;# 
  7031     0990                     CM1CON0         equ	2448	;# 
  7032     0991                     CM1CON1         equ	2449	;# 
  7033     0992                     CM1NSEL         equ	2450	;# 
  7034     0993                     CM1PSEL         equ	2451	;# 
  7035     0994                     CM2CON0         equ	2452	;# 
  7036     0995                     CM2CON1         equ	2453	;# 
  7037     0996                     CM2NSEL         equ	2454	;# 
  7038     0997                     CM2PSEL         equ	2455	;# 
  7039     0E0F                     CLCDATA         equ	3599	;# 
  7040     0E10                     CLC1CON         equ	3600	;# 
  7041     0E11                     CLC1POL         equ	3601	;# 
  7042     0E12                     CLC1SEL0        equ	3602	;# 
  7043     0E13                     CLC1SEL1        equ	3603	;# 
  7044     0E14                     CLC1SEL2        equ	3604	;# 
  7045     0E15                     CLC1SEL3        equ	3605	;# 
  7046     0E16                     CLC1GLS0        equ	3606	;# 
  7047     0E17                     CLC1GLS1        equ	3607	;# 
  7048     0E18                     CLC1GLS2        equ	3608	;# 
  7049     0E19                     CLC1GLS3        equ	3609	;# 
  7050     0E1A                     CLC2CON         equ	3610	;# 
  7051     0E1B                     CLC2POL         equ	3611	;# 
  7052     0E1C                     CLC2SEL0        equ	3612	;# 
  7053     0E1D                     CLC2SEL1        equ	3613	;# 
  7054     0E1E                     CLC2SEL2        equ	3614	;# 
  7055     0E1F                     CLC2SEL3        equ	3615	;# 
  7056     0E20                     CLC2GLS0        equ	3616	;# 
  7057     0E21                     CLC2GLS1        equ	3617	;# 
  7058     0E22                     CLC2GLS2        equ	3618	;# 
  7059     0E23                     CLC2GLS3        equ	3619	;# 
  7060     0E24                     CLC3CON         equ	3620	;# 
  7061     0E25                     CLC3POL         equ	3621	;# 
  7062     0E26                     CLC3SEL0        equ	3622	;# 
  7063     0E27                     CLC3SEL1        equ	3623	;# 
  7064     0E28                     CLC3SEL2        equ	3624	;# 
  7065     0E29                     CLC3SEL3        equ	3625	;# 
  7066     0E2A                     CLC3GLS0        equ	3626	;# 
  7067     0E2B                     CLC3GLS1        equ	3627	;# 
  7068     0E2C                     CLC3GLS2        equ	3628	;# 
  7069     0E2D                     CLC3GLS3        equ	3629	;# 
  7070     0E2E                     CLC4CON         equ	3630	;# 
  7071     0E2F                     CLC4POL         equ	3631	;# 
  7072     0E30                     CLC4SEL0        equ	3632	;# 
  7073     0E31                     CLC4SEL1        equ	3633	;# 
  7074     0E32                     CLC4SEL2        equ	3634	;# 
  7075     0E33                     CLC4SEL3        equ	3635	;# 
  7076     0E34                     CLC4GLS0        equ	3636	;# 
  7077     0E35                     CLC4GLS1        equ	3637	;# 
  7078     0E36                     CLC4GLS2        equ	3638	;# 
  7079     0E37                     CLC4GLS3        equ	3639	;# 
  7080     0E8F                     PPSLOCK         equ	3727	;# 
  7081     0E90                     INTPPS          equ	3728	;# 
  7082     0E91                     T0CKIPPS        equ	3729	;# 
  7083     0E92                     T1CKIPPS        equ	3730	;# 
  7084     0E93                     T1GPPS          equ	3731	;# 
  7085     0E94                     T3CKIPPS        equ	3732	;# 
  7086     0E95                     T3GPPS          equ	3733	;# 
  7087     0E96                     T5CKIPPS        equ	3734	;# 
  7088     0E97                     T5GPPS          equ	3735	;# 
  7089     0E9C                     T2AINPPS        equ	3740	;# 
  7090     0E9D                     T4AINPPS        equ	3741	;# 
  7091     0E9E                     T6AINPPS        equ	3742	;# 
  7092     0EA1                     CCP1PPS         equ	3745	;# 
  7093     0EA2                     CCP2PPS         equ	3746	;# 
  7094     0EA3                     CCP3PPS         equ	3747	;# 
  7095     0EA4                     CCP4PPS         equ	3748	;# 
  7096     0EA5                     CCP5PPS         equ	3749	;# 
  7097     0EA9                     SMT1WINPPS      equ	3753	;# 
  7098     0EAA                     SMT1SIGPPS      equ	3754	;# 
  7099     0EAB                     SMT2WINPPS      equ	3755	;# 
  7100     0EAC                     SMT2SIGPPS      equ	3756	;# 
  7101     0EB1                     CWG1PPS         equ	3761	;# 
  7102     0EB2                     CWG2PPS         equ	3762	;# 
  7103     0EB3                     CWG3PPS         equ	3763	;# 
  7104     0EB8                     MDCARLPPS       equ	3768	;# 
  7105     0EB9                     MDCARHPPS       equ	3769	;# 
  7106     0EBA                     MDSRCPPS        equ	3770	;# 
  7107     0EBB                     CLCIN0PPS       equ	3771	;# 
  7108     0EBC                     CLCIN1PPS       equ	3772	;# 
  7109     0EBD                     CLCIN2PPS       equ	3773	;# 
  7110     0EBE                     CLCIN3PPS       equ	3774	;# 
  7111     0EC3                     ADCACTPPS       equ	3779	;# 
  7112     0EC5                     SSP1CLKPPS      equ	3781	;# 
  7113     0EC6                     SSP1DATPPS      equ	3782	;# 
  7114     0EC7                     SSP1SSPPS       equ	3783	;# 
  7115     0EC8                     SSP2CLKPPS      equ	3784	;# 
  7116     0EC9                     SSP2DATPPS      equ	3785	;# 
  7117     0ECA                     SSP2SSPPS       equ	3786	;# 
  7118     0ECB                     RXPPS           equ	3787	;# 
  7119     0ECC                     TXPPS           equ	3788	;# 
  7120     0F10                     RA0PPS          equ	3856	;# 
  7121     0F11                     RA1PPS          equ	3857	;# 
  7122     0F12                     RA2PPS          equ	3858	;# 
  7123     0F13                     RA3PPS          equ	3859	;# 
  7124     0F14                     RA4PPS          equ	3860	;# 
  7125     0F15                     RA5PPS          equ	3861	;# 
  7126     0F16                     RA6PPS          equ	3862	;# 
  7127     0F17                     RA7PPS          equ	3863	;# 
  7128     0F18                     RB0PPS          equ	3864	;# 
  7129     0F19                     RB1PPS          equ	3865	;# 
  7130     0F1A                     RB2PPS          equ	3866	;# 
  7131     0F1B                     RB3PPS          equ	3867	;# 
  7132     0F1C                     RB4PPS          equ	3868	;# 
  7133     0F1D                     RB5PPS          equ	3869	;# 
  7134     0F1E                     RB6PPS          equ	3870	;# 
  7135     0F1F                     RB7PPS          equ	3871	;# 
  7136     0F20                     RC0PPS          equ	3872	;# 
  7137     0F21                     RC1PPS          equ	3873	;# 
  7138     0F22                     RC2PPS          equ	3874	;# 
  7139     0F23                     RC3PPS          equ	3875	;# 
  7140     0F24                     RC4PPS          equ	3876	;# 
  7141     0F25                     RC5PPS          equ	3877	;# 
  7142     0F26                     RC6PPS          equ	3878	;# 
  7143     0F27                     RC7PPS          equ	3879	;# 
  7144     0F28                     RD0PPS          equ	3880	;# 
  7145     0F29                     RD1PPS          equ	3881	;# 
  7146     0F2A                     RD2PPS          equ	3882	;# 
  7147     0F2B                     RD3PPS          equ	3883	;# 
  7148     0F2C                     RD4PPS          equ	3884	;# 
  7149     0F2D                     RD5PPS          equ	3885	;# 
  7150     0F2E                     RD6PPS          equ	3886	;# 
  7151     0F2F                     RD7PPS          equ	3887	;# 
  7152     0F30                     RE0PPS          equ	3888	;# 
  7153     0F31                     RE1PPS          equ	3889	;# 
  7154     0F32                     RE2PPS          equ	3890	;# 
  7155     0F38                     ANSELA          equ	3896	;# 
  7156     0F39                     WPUA            equ	3897	;# 
  7157     0F3A                     ODCONA          equ	3898	;# 
  7158     0F3B                     SLRCONA         equ	3899	;# 
  7159     0F3C                     INLVLA          equ	3900	;# 
  7160     0F3D                     IOCAP           equ	3901	;# 
  7161     0F3E                     IOCAN           equ	3902	;# 
  7162     0F3F                     IOCAF           equ	3903	;# 
  7163     0F40                     CCDNA           equ	3904	;# 
  7164     0F41                     CCDPA           equ	3905	;# 
  7165     0F43                     ANSELB          equ	3907	;# 
  7166     0F44                     WPUB            equ	3908	;# 
  7167     0F45                     ODCONB          equ	3909	;# 
  7168     0F46                     SLRCONB         equ	3910	;# 
  7169     0F47                     INLVLB          equ	3911	;# 
  7170     0F48                     IOCBP           equ	3912	;# 
  7171     0F49                     IOCBN           equ	3913	;# 
  7172     0F4A                     IOCBF           equ	3914	;# 
  7173     0F4B                     CCDNB           equ	3915	;# 
  7174     0F4C                     CCDPB           equ	3916	;# 
  7175     0F4E                     ANSELC          equ	3918	;# 
  7176     0F4F                     WPUC            equ	3919	;# 
  7177     0F50                     ODCONC          equ	3920	;# 
  7178     0F51                     SLRCONC         equ	3921	;# 
  7179     0F52                     INLVLC          equ	3922	;# 
  7180     0F53                     IOCCP           equ	3923	;# 
  7181     0F54                     IOCCN           equ	3924	;# 
  7182     0F55                     IOCCF           equ	3925	;# 
  7183     0F56                     CCDNC           equ	3926	;# 
  7184     0F57                     CCDPC           equ	3927	;# 
  7185     0F59                     ANSELD          equ	3929	;# 
  7186     0F5A                     WPUD            equ	3930	;# 
  7187     0F5B                     ODCOND          equ	3931	;# 
  7188     0F5C                     SLRCOND         equ	3932	;# 
  7189     0F5D                     INLVLD          equ	3933	;# 
  7190     0F61                     CCDND           equ	3937	;# 
  7191     0F62                     CCDPD           equ	3938	;# 
  7192     0F64                     ANSELE          equ	3940	;# 
  7193     0F65                     WPUE            equ	3941	;# 
  7194     0F66                     ODCONE          equ	3942	;# 
  7195     0F67                     SLRCONE         equ	3943	;# 
  7196     0F68                     INLVLE          equ	3944	;# 
  7197     0F69                     IOCEP           equ	3945	;# 
  7198     0F6A                     IOCEN           equ	3946	;# 
  7199     0F6B                     IOCEF           equ	3947	;# 
  7200     0F6C                     CCDNE           equ	3948	;# 
  7201     0F6D                     CCDPE           equ	3949	;# 
  7202     0FE4                     STATUS_SHAD     equ	4068	;# 
  7203     0FE5                     WREG_SHAD       equ	4069	;# 
  7204     0FE6                     BSR_SHAD        equ	4070	;# 
  7205     0FE7                     PCLATH_SHAD     equ	4071	;# 
  7206     0FE8                     FSR0L_SHAD      equ	4072	;# 
  7207     0FE9                     FSR0H_SHAD      equ	4073	;# 
  7208     0FEA                     FSR1L_SHAD      equ	4074	;# 
  7209     0FEB                     FSR1H_SHAD      equ	4075	;# 
  7210     0FED                     STKPTR          equ	4077	;# 
  7211     0FEE                     TOSL            equ	4078	;# 
  7212     0FEF                     TOSH            equ	4079	;# 
  7213                           
  7214 ;; Function _rd1RegCompleteHandler is unused but had its address taken
  7215     0000                     _rd1RegCompleteHandler equ	0
  7216                           
  7217 ;; Function _rd2RegCompleteHandler is unused but had its address taken
  7218     0000                     _rd2RegCompleteHandler equ	0
  7219                           
  7220 ;; Function _wr1RegCompleteHandler is unused but had its address taken
  7221     0000                     _wr1RegCompleteHandler equ	0
  7222                           
  7223 ;; Function _wr2RegCompleteHandler is unused but had its address taken
  7224     0000                     _wr2RegCompleteHandler equ	0
  7225                           
  7226 ;; Function _rdBlkRegCompleteHandler is unused but had its address taken
  7227     0000                     _rdBlkRegCompleteHandler equ	0
  7228                           
  7229 ;; Function _I2C1_DO_IDLE is unused but had its address taken
  7230     0000                     _I2C1_DO_IDLE   equ	0
  7231                           
  7232 ;; Function _I2C1_DO_SEND_ADR_READ is unused but had its address taken
  7233     0000                     _I2C1_DO_SEND_ADR_READ equ	0
  7234                           
  7235 ;; Function _I2C1_DO_SEND_ADR_WRITE is unused but had its address taken
  7236     0000                     _I2C1_DO_SEND_ADR_WRITE equ	0
  7237                           
  7238 ;; Function _I2C1_DO_TX is unused but had its address taken
  7239     0000                     _I2C1_DO_TX     equ	0
  7240                           
  7241 ;; Function _I2C1_DO_RX is unused but had its address taken
  7242     0000                     _I2C1_DO_RX     equ	0
  7243                           
  7244 ;; Function _I2C1_DO_RCEN is unused but had its address taken
  7245     0000                     _I2C1_DO_RCEN   equ	0
  7246                           
  7247 ;; Function _I2C1_DO_TX_EMPTY is unused but had its address taken
  7248     0000                     _I2C1_DO_TX_EMPTY equ	0
  7249                           
  7250 ;; Function _I2C1_DO_SEND_RESTART_READ is unused but had its address taken
  7251     0000                     _I2C1_DO_SEND_RESTART_READ equ	0
  7252                           
  7253 ;; Function _I2C1_DO_SEND_RESTART_WRITE is unused but had its address taken
  7254     0000                     _I2C1_DO_SEND_RESTART_WRITE equ	0
  7255                           
  7256 ;; Function _I2C1_DO_SEND_RESTART is unused but had its address taken
  7257     0000                     _I2C1_DO_SEND_RESTART equ	0
  7258                           
  7259 ;; Function _I2C1_DO_SEND_STOP is unused but had its address taken
  7260     0000                     _I2C1_DO_SEND_STOP equ	0
  7261                           
  7262 ;; Function _I2C1_DO_RX_ACK is unused but had its address taken
  7263     0000                     _I2C1_DO_RX_ACK equ	0
  7264                           
  7265 ;; Function _I2C1_DO_RX_NACK_STOP is unused but had its address taken
  7266     0000                     _I2C1_DO_RX_NACK_STOP equ	0
  7267                           
  7268 ;; Function _I2C1_DO_RX_NACK_RESTART is unused but had its address taken
  7269     0000                     _I2C1_DO_RX_NACK_RESTART equ	0
  7270                           
  7271 ;; Function _I2C1_DO_RESET is unused but had its address taken
  7272     0000                     _I2C1_DO_RESET  equ	0
  7273                           
  7274 ;; Function _I2C1_DO_ADDRESS_NACK is unused but had its address taken
  7275     0000                     _I2C1_DO_ADDRESS_NACK equ	0
  7276                           
  7277 ;; Function _I2C1_CallbackReturnStop is unused but had its address taken
  7278     0000                     _I2C1_CallbackReturnStop equ	0
  7279                           
  7280 ;; Function _I2C1_CallbackReturnReset is unused but had its address taken
  7281     0000                     _I2C1_CallbackReturnReset equ	0
  7282                           
  7283                           	psect	stringtext1
  7284     1000                     __pstringtext1:
  7285     1000                     _i2c1_fsmStateTable:
  7286     1000  3400               	retlw	0
  7287     1001  3400               	retlw	0
  7288     1002  3400               	retlw	0
  7289     1003  3400               	retlw	0
  7290     1004  3400               	retlw	0
  7291     1005  3400               	retlw	0
  7292     1006  3400               	retlw	0
  7293     1007  3400               	retlw	0
  7294     1008  3400               	retlw	0
  7295     1009  3400               	retlw	0
  7296     100A  3400               	retlw	0
  7297     100B  3400               	retlw	0
  7298     100C  3400               	retlw	0
  7299     100D  3400               	retlw	0
  7300     100E  3400               	retlw	0
  7301     100F  3400               	retlw	0
  7302     1010  3400               	retlw	0
  7303     1011  3400               	retlw	0
  7304     1012  3400               	retlw	0
  7305     1013  3400               	retlw	0
  7306     1014  3400               	retlw	0
  7307     1015  3400               	retlw	0
  7308     1016  3400               	retlw	0
  7309     1017  3400               	retlw	0
  7310     1018  3400               	retlw	0
  7311     1019  3400               	retlw	0
  7312     101A  3400               	retlw	0
  7313     101B  3400               	retlw	0
  7314     101C  3400               	retlw	0
  7315     101D  3400               	retlw	0
  7316     101E  3400               	retlw	0
  7317     101F  3400               	retlw	0
  7318     1020                     __end_of_i2c1_fsmStateTable:
  7319                           
  7320                           	psect	nvBANK1
  7321     00E1                     __pnvBANK1:
  7322     00E1                     _TMR1_InterruptHandler:
  7323     00E1                     	ds	2
  7324     000B                     _INTCONbits     set	11
  7325     0014                     _TRISD          set	20
  7326     0013                     _TRISC          set	19
  7327     0012                     _TRISB          set	18
  7328     0011                     _TRISA          set	17
  7329     0015                     _TRISE          set	21
  7330     0018                     _LATC           set	24
  7331     0017                     _LATB           set	23
  7332     0016                     _LATA           set	22
  7333     0019                     _LATD           set	25
  7334     001A                     _LATE           set	26
  7335     0013                     _TRISCbits      set	19
  7336     0094                     _ADCON1bits     set	148
  7337     008E                     _ADPREVL        set	142
  7338     008F                     _ADPREVH        set	143
  7339     0097                     _ADSTATbits     set	151
  7340     0090                     _ADACCL         set	144
  7341     0091                     _ADACCH         set	145
  7342     0095                     _ADCON2bits     set	149
  7343     0096                     _ADCON3bits     set	150
  7344     008C                     _ADRESL         set	140
  7345     008D                     _ADRESH         set	141
  7346     0093                     _ADCON0bits     set	147
  7347     009D                     _ADACQ          set	157
  7348     0093                     _ADCON0         set	147
  7349     0098                     _ADCLK          set	152
  7350     0099                     _ADACT          set	153
  7351     009A                     _ADREF          set	154
  7352     0097                     _ADSTAT         set	151
  7353     0096                     _ADCON3         set	150
  7354     0095                     _ADCON2         set	149
  7355     0094                     _ADCON1         set	148
  7356     009C                     _ADPRE          set	156
  7357     009B                     _ADCAP          set	155
  7358     009E                     _ADPCH          set	158
  7359     0116                     _ADERRL         set	278
  7360     0117                     _ADERRH         set	279
  7361     0114                     _ADFLTRL        set	276
  7362     0115                     _ADFLTRH        set	277
  7363     010C                     _ADCNT          set	268
  7364     010D                     _ADRPT          set	269
  7365     0113                     _ADSTPTH        set	275
  7366     0112                     _ADSTPTL        set	274
  7367     0111                     _ADUTHH         set	273
  7368     0110                     _ADUTHL         set	272
  7369     010F                     _ADLTHH         set	271
  7370     010E                     _ADLTHL         set	270
  7371     018C                     _SSP1BUF        set	396
  7372     018F                     _SSP1STATbits   set	399
  7373     0191                     _SSP1CON2bits   set	401
  7374     0190                     _SSP1CON1bits   set	400
  7375     018D                     _SSP1ADD        set	397
  7376     0191                     _SSP1CON2       set	401
  7377     0190                     _SSP1CON1       set	400
  7378     018F                     _SSP1STAT       set	399
  7379     021F                     _CCPTMRS1bits   set	543
  7380     020F                     _T1GCONbits     set	527
  7381     020E                     _T1CONbits      set	526
  7382     020E                     _T1CON          set	526
  7383     020C                     _TMR1L          set	524
  7384     020D                     _TMR1H          set	525
  7385     0211                     _T1CLK          set	529
  7386     0210                     _T1GATE         set	528
  7387     020F                     _T1GCON         set	527
  7388     028D                     _PR2            set	653
  7389     028C                     _TMR2           set	652
  7390     028E                     _T2CONbits      set	654
  7391     0291                     _T2RSTbits      set	657
  7392     028F                     _T2HLTbits      set	655
  7393     028E                     _T2CON          set	654
  7394     028C                     _T2TMR          set	652
  7395     028D                     _T2PR           set	653
  7396     0291                     _T2RST          set	657
  7397     028F                     _T2HLT          set	655
  7398     0290                     _T2CLKCON       set	656
  7399     038C                     _PWM6DCL        set	908
  7400     038D                     _PWM6DCH        set	909
  7401     038E                     _PWM6CON        set	910
  7402     0710                     _PIR4bits       set	1808
  7403     071A                     _PIE4bits       set	1818
  7404     0719                     _PIE3bits       set	1817
  7405     070F                     _PIR3bits       set	1807
  7406     079B                     _PMD5           set	1947
  7407     079A                     _PMD4           set	1946
  7408     0799                     _PMD3           set	1945
  7409     0798                     _PMD2           set	1944
  7410     0797                     _PMD1           set	1943
  7411     0796                     _PMD0           set	1942
  7412     0892                     _OSCTUNE        set	2194
  7413     0893                     _OSCFRQ         set	2195
  7414     0891                     _OSCEN          set	2193
  7415     088F                     _OSCCON3        set	2191
  7416     088D                     _OSCCON1        set	2189
  7417     0EC6                     _SSP1DATPPS     set	3782
  7418     0EC5                     _SSP1CLKPPS     set	3781
  7419     0F16                     _RA6PPS         set	3862
  7420     0F24                     _RC4PPS         set	3876
  7421     0F23                     _RC3PPS         set	3875
  7422     0F68                     _INLVLE         set	3944
  7423     0F5D                     _INLVLD         set	3933
  7424     0F52                     _INLVLC         set	3922
  7425     0F47                     _INLVLB         set	3911
  7426     0F3C                     _INLVLA         set	3900
  7427     0F67                     _SLRCONE        set	3943
  7428     0F5C                     _SLRCOND        set	3932
  7429     0F51                     _SLRCONC        set	3921
  7430     0F46                     _SLRCONB        set	3910
  7431     0F3B                     _SLRCONA        set	3899
  7432     0F5B                     _ODCOND         set	3931
  7433     0F50                     _ODCONC         set	3920
  7434     0F45                     _ODCONB         set	3909
  7435     0F3A                     _ODCONA         set	3898
  7436     0F66                     _ODCONE         set	3942
  7437     0F4F                     _WPUC           set	3919
  7438     0F39                     _WPUA           set	3897
  7439     0F44                     _WPUB           set	3908
  7440     0F65                     _WPUE           set	3941
  7441     0F5A                     _WPUD           set	3930
  7442     0F38                     _ANSELA         set	3896
  7443     0F64                     _ANSELE         set	3940
  7444     0F43                     _ANSELB         set	3907
  7445     0F4E                     _ANSELC         set	3918
  7446     0F59                     _ANSELD         set	3929
  7447                           
  7448                           	psect	stringtext2
  7449     1020                     __pstringtext2:
  7450     1020                     STR_1:
  7451     1020  3425               	retlw	37	;'%'
  7452     1021  3430               	retlw	48	;'0'
  7453     1022  3432               	retlw	50	;'2'
  7454     1023  3464               	retlw	100	;'d'
  7455     1024  343A               	retlw	58	;':'
  7456     1025  3425               	retlw	37	;'%'
  7457     1026  3430               	retlw	48	;'0'
  7458     1027  3432               	retlw	50	;'2'
  7459     1028  3464               	retlw	100	;'d'
  7460     1029  343A               	retlw	58	;':'
  7461     102A  3425               	retlw	37	;'%'
  7462     102B  3430               	retlw	48	;'0'
  7463     102C  3432               	retlw	50	;'2'
  7464     102D  3464               	retlw	100	;'d'
  7465     102E  3420               	retlw	32	;' '
  7466     102F  3420               	retlw	32	;' '
  7467     1030  3443               	retlw	67	;'C'
  7468     1031  3454               	retlw	84	;'T'
  7469     1032  344C               	retlw	76	;'L'
  7470     1033  3420               	retlw	32	;' '
  7471     1034  3441               	retlw	65	;'A'
  7472     1035  3452               	retlw	82	;'R'
  7473     1036  3400               	retlw	0
  7474                           
  7475                           	psect	stringtext3
  7476     1037                     __pstringtext3:
  7477     1037                     STR_2:
  7478     1037  3425               	retlw	37	;'%'
  7479     1038  3430               	retlw	48	;'0'
  7480     1039  3432               	retlw	50	;'2'
  7481     103A  3464               	retlw	100	;'d'
  7482     103B  3420               	retlw	32	;' '
  7483     103C  346F               	retlw	111	;'o'
  7484     103D  3443               	retlw	67	;'C'
  7485     103E  3420               	retlw	32	;' '
  7486     103F  3420               	retlw	32	;' '
  7487     1040  3420               	retlw	32	;' '
  7488     1041  3420               	retlw	32	;' '
  7489     1042  3420               	retlw	32	;' '
  7490     1043  3420               	retlw	32	;' '
  7491     1044  3420               	retlw	32	;' '
  7492     1045  344C               	retlw	76	;'L'
  7493     1046  3420               	retlw	32	;' '
  7494     1047  3425               	retlw	37	;'%'
  7495     1048  3431               	retlw	49	;'1'
  7496     1049  3464               	retlw	100	;'d'
  7497     104A  3400               	retlw	0
  7498                           
  7499                           	psect	stringtext4
  7500     0000                     __pstringtext4:
  7501                           
  7502                           	psect	cinit
  7503     001E                     start_initialization:	
  7504                           ; #config settings
  7505                           
  7506     001E                     __initialization:
  7507                           
  7508                           ; Clear objects allocated to COMMON
  7509     001E  01FA               	clrf	__pbssCOMMON& (0+127)
  7510     001F  01FB               	clrf	(__pbssCOMMON+1)& (0+127)
  7511                           
  7512                           ; Clear objects allocated to BANK0
  7513     0020  0020               	movlb	0	; select bank0
  7514     0021  01EB               	clrf	__pbssBANK0& (0+127)
  7515                           
  7516                           ; Clear objects allocated to BANK1
  7517     0022  30A0               	movlw	low __pbssBANK1
  7518     0023  0084               	movwf	4
  7519     0024  3000               	movlw	high __pbssBANK1
  7520     0025  0085               	movwf	5
  7521     0026  3023               	movlw	35
  7522     0027  318D  25BD  3180   	fcall	clear_ram0
  7523                           
  7524                           ; Clear objects allocated to BANK2
  7525     002A  3020               	movlw	low __pbssBANK2
  7526     002B  0084               	movwf	4
  7527     002C  3001               	movlw	high __pbssBANK2
  7528     002D  0085               	movwf	5
  7529     002E  3020               	movlw	32
  7530     002F  318D  25BD  3180   	fcall	clear_ram0
  7531     0032                     end_of_initialization:	
  7532                           ;End of C runtime variable initialization code
  7533                           
  7534     0032                     __end_of__initialization:
  7535     0032  107E               	bcf	int$flags,0	;clear compiler interrupt flag (level 1)
  7536     0033  0020               	movlb	0
  7537     0034  3182  2A83         	ljmp	_main	;jump to C main() function
  7538                           
  7539                           	psect	bssCOMMON
  7540     007A                     __pbssCOMMON:
  7541     007A                     _timer1ReloadVal:
  7542     007A                     	ds	2
  7543                           
  7544                           	psect	bssBANK0
  7545     006B                     __pbssBANK0:
  7546     006B                     _flags:
  7547     006B                     	ds	1
  7548                           
  7549                           	psect	bssBANK1
  7550     00A0                     __pbssBANK1:
  7551     00A0                     _I2C1_Status:
  7552     00A0                     	ds	29
  7553     00BD                     _width:
  7554     00BD                     	ds	2
  7555     00BF                     _prec:
  7556     00BF                     	ds	2
  7557     00C1                     _timer_5s_flag:
  7558     00C1                     	ds	1
  7559     00C2                     _timer_1s_flag:
  7560     00C2                     	ds	1
  7561                           
  7562                           	psect	bssBANK2
  7563     0120                     __pbssBANK2:
  7564     0120                     _dbuf:
  7565     0120                     	ds	32
  7566                           
  7567                           	psect	clrtext
  7568     0DBD                     clear_ram0:	
  7569                           ;	Called with FSR0 containing the base address, and
  7570                           ;	WREG with the size to clear
  7571                           
  7572     0DBD  0064               	clrwdt	;clear the watchdog before getting into this loop
  7573     0DBE                     clrloop0:
  7574     0DBE  0180               	clrf	0	;clear RAM location pointed to by FSR
  7575     0DBF  3101               	addfsr 0,1
  7576     0DC0  0B89               	decfsz	9,f	;Have we reached the end of clearing yet?
  7577     0DC1  2DBE               	goto	clrloop0	;have we reached the end yet?
  7578     0DC2  3400               	retlw	0	;all done for this memory range, return
  7579                           
  7580                           	psect	cstackBANK1
  7581     00C3                     __pcstackBANK1:
  7582     00C3                     ??_main:
  7583                           
  7584                           ; 1 bytes @ 0x0
  7585     00C3                     	ds	6
  7586     00C9                     main@buf:
  7587                           
  7588                           ; 17 bytes @ 0x6
  7589     00C9                     	ds	17
  7590     00DA                     main@potentiometer:
  7591                           
  7592                           ; 2 bytes @ 0x17
  7593     00DA                     	ds	2
  7594     00DC                     main@lumin:
  7595                           
  7596                           ; 1 bytes @ 0x19
  7597     00DC                     	ds	1
  7598     00DD                     main@temp:
  7599                           
  7600                           ; 1 bytes @ 0x1A
  7601     00DD                     	ds	1
  7602     00DE                     main@hour:
  7603                           
  7604                           ; 1 bytes @ 0x1B
  7605     00DE                     	ds	1
  7606     00DF                     main@sec:
  7607                           
  7608                           ; 1 bytes @ 0x1C
  7609     00DF                     	ds	1
  7610     00E0                     main@min:
  7611                           
  7612                           ; 1 bytes @ 0x1D
  7613     00E0                     	ds	1
  7614                           
  7615                           	psect	cstackCOMMON
  7616     0070                     __pcstackCOMMON:
  7617     0070                     ?_PMD_Initialize:
  7618     0070                     ?_I2C1_Initialize:	
  7619                           ; 1 bytes @ 0x0
  7620                           
  7621     0070                     ?_PIN_MANAGER_Initialize:	
  7622                           ; 1 bytes @ 0x0
  7623                           
  7624     0070                     ?_OSCILLATOR_Initialize:	
  7625                           ; 1 bytes @ 0x0
  7626                           
  7627     0070                     ?_PWM6_Initialize:	
  7628                           ; 1 bytes @ 0x0
  7629                           
  7630     0070                     ?_ADCC_Initialize:	
  7631                           ; 1 bytes @ 0x0
  7632                           
  7633     0070                     ?_TMR2_Initialize:	
  7634                           ; 1 bytes @ 0x0
  7635                           
  7636     0070                     ?_TMR1_Initialize:	
  7637                           ; 1 bytes @ 0x0
  7638                           
  7639     0070                     ?_TMR1_ISR:	
  7640                           ; 1 bytes @ 0x0
  7641                           
  7642     0070                     ?_TMR1_DefaultInterruptHandler:	
  7643                           ; 1 bytes @ 0x0
  7644                           
  7645     0070                     ?_putch:	
  7646                           ; 1 bytes @ 0x0
  7647                           
  7648     0070                     ?_OpenI2C:	
  7649                           ; 1 bytes @ 0x0
  7650                           
  7651     0070                     ?_ReadI2C:	
  7652                           ; 1 bytes @ 0x0
  7653                           
  7654     0070                     ?_WriteI2C:	
  7655                           ; 1 bytes @ 0x0
  7656                           
  7657     0070                     ?_LCDsend:	
  7658                           ; 1 bytes @ 0x0
  7659                           
  7660     0070                     ?_LCDrecv:	
  7661                           ; 1 bytes @ 0x0
  7662                           
  7663     0070                     ?_LCDinit:	
  7664                           ; 1 bytes @ 0x0
  7665                           
  7666     0070                     ?_LCDcmd:	
  7667                           ; 1 bytes @ 0x0
  7668                           
  7669     0070                     ?_LCDchar:	
  7670                           ; 1 bytes @ 0x0
  7671                           
  7672     0070                     ?_SYSTEM_Initialize:	
  7673                           ; 1 bytes @ 0x0
  7674                           
  7675     0070                     ?_INTERRUPT_InterruptManager:	
  7676                           ; 1 bytes @ 0x0
  7677                           
  7678     0070                     ?_TMR1_StartTimer:	
  7679                           ; 1 bytes @ 0x0
  7680                           
  7681     0070                     ?_TMR1_WriteTimer:	
  7682                           ; 1 bytes @ 0x0
  7683                           
  7684     0070                     ?_ADCC_DisableContinuousConversion:	
  7685                           ; 1 bytes @ 0x0
  7686                           
  7687     0070                     ?_readTC74:	
  7688                           ; 1 bytes @ 0x0
  7689                           
  7690     0070                     ?_timer_1s:	
  7691                           ; 1 bytes @ 0x0
  7692                           
  7693     0070                     ?_main:	
  7694                           ; 1 bytes @ 0x0
  7695                           
  7696     0070                     putch@c:	
  7697                           ; 1 bytes @ 0x0
  7698                           
  7699     0070                     TMR1_WriteTimer@timerVal:	
  7700                           ; 1 bytes @ 0x0
  7701                           
  7702     0070                     ??_TMR1_DefaultInterruptHandler:	
  7703                           ; 2 bytes @ 0x0
  7704                           
  7705     0070                     ??_timer_1s:	
  7706                           ; 1 bytes @ 0x0
  7707                           
  7708                           
  7709                           ; 1 bytes @ 0x0
  7710     0070                     	ds	2
  7711     0072                     ?_TMR1_SetInterruptHandler:
  7712     0072                     ?_fputc:	
  7713                           ; 1 bytes @ 0x2
  7714                           
  7715     0072                     ?_ADCC_GetSingleConversion:	
  7716                           ; 2 bytes @ 0x2
  7717                           
  7718     0072                     ?___wmul:	
  7719                           ; 2 bytes @ 0x2
  7720                           
  7721     0072                     ?___awdiv:	
  7722                           ; 2 bytes @ 0x2
  7723                           
  7724     0072                     ?___awmod:	
  7725                           ; 2 bytes @ 0x2
  7726                           
  7727     0072                     TMR1_SetInterruptHandler@InterruptHandler:	
  7728                           ; 2 bytes @ 0x2
  7729                           
  7730     0072                     ___wmul@multiplier:	
  7731                           ; 2 bytes @ 0x2
  7732                           
  7733     0072                     ___awdiv@divisor:	
  7734                           ; 2 bytes @ 0x2
  7735                           
  7736     0072                     ___awmod@divisor:	
  7737                           ; 2 bytes @ 0x2
  7738                           
  7739     0072                     fputc@c:	
  7740                           ; 2 bytes @ 0x2
  7741                           
  7742     0072                     ??_PMD_Initialize:	
  7743                           ; 2 bytes @ 0x2
  7744                           
  7745     0072                     ??_I2C1_Initialize:	
  7746                           ; 1 bytes @ 0x2
  7747                           
  7748     0072                     ??_PIN_MANAGER_Initialize:	
  7749                           ; 1 bytes @ 0x2
  7750                           
  7751     0072                     ??_OSCILLATOR_Initialize:	
  7752                           ; 1 bytes @ 0x2
  7753                           
  7754     0072                     ??_PWM6_Initialize:	
  7755                           ; 1 bytes @ 0x2
  7756                           
  7757     0072                     ??_ADCC_Initialize:	
  7758                           ; 1 bytes @ 0x2
  7759                           
  7760     0072                     ??_TMR2_Initialize:	
  7761                           ; 1 bytes @ 0x2
  7762                           
  7763     0072                     ??_TMR1_ISR:	
  7764                           ; 1 bytes @ 0x2
  7765                           
  7766     0072                     ??_putch:	
  7767                           ; 1 bytes @ 0x2
  7768                           
  7769     0072                     ??_OpenI2C:	
  7770                           ; 1 bytes @ 0x2
  7771                           
  7772     0072                     ??_ReadI2C:	
  7773                           ; 1 bytes @ 0x2
  7774                           
  7775     0072                     ??_WriteI2C:	
  7776                           ; 1 bytes @ 0x2
  7777                           
  7778     0072                     ??_INTERRUPT_InterruptManager:	
  7779                           ; 1 bytes @ 0x2
  7780                           
  7781     0072                     ??_TMR1_StartTimer:	
  7782                           ; 1 bytes @ 0x2
  7783                           
  7784     0072                     ??_TMR1_WriteTimer:	
  7785                           ; 1 bytes @ 0x2
  7786                           
  7787     0072                     ??_ADCC_DisableContinuousConversion:	
  7788                           ; 1 bytes @ 0x2
  7789                           
  7790                           
  7791                           ; 1 bytes @ 0x2
  7792     0072                     	ds	1
  7793     0073                     WriteI2C@data_out:
  7794                           
  7795                           ; 1 bytes @ 0x3
  7796     0073                     	ds	1
  7797     0074                     ?_LCDsend2x4:
  7798     0074                     LCDsend2x4@mode:	
  7799                           ; 1 bytes @ 0x4
  7800                           
  7801     0074                     ADCC_GetSingleConversion@channel:	
  7802                           ; 1 bytes @ 0x4
  7803                           
  7804     0074                     ___wmul@multiplicand:	
  7805                           ; 1 bytes @ 0x4
  7806                           
  7807     0074                     ___awdiv@dividend:	
  7808                           ; 2 bytes @ 0x4
  7809                           
  7810     0074                     ___awmod@dividend:	
  7811                           ; 2 bytes @ 0x4
  7812                           
  7813     0074                     fputc@fp:	
  7814                           ; 2 bytes @ 0x4
  7815                           
  7816     0074                     ??_TMR1_Initialize:	
  7817                           ; 2 bytes @ 0x4
  7818                           
  7819     0074                     ??_TMR1_SetInterruptHandler:	
  7820                           ; 1 bytes @ 0x4
  7821                           
  7822     0074                     ??_LCDsend:	
  7823                           ; 1 bytes @ 0x4
  7824                           
  7825     0074                     ??_LCDrecv:	
  7826                           ; 1 bytes @ 0x4
  7827                           
  7828     0074                     ??_SYSTEM_Initialize:	
  7829                           ; 1 bytes @ 0x4
  7830                           
  7831     0074                     ??_ADCC_GetSingleConversion:	
  7832                           ; 1 bytes @ 0x4
  7833                           
  7834     0074                     ??_readTC74:	
  7835                           ; 1 bytes @ 0x4
  7836                           
  7837                           
  7838                           ; 1 bytes @ 0x4
  7839     0074                     	ds	1
  7840     0075                     LCDsend@c:
  7841     0075                     readTC74@value:	
  7842                           ; 1 bytes @ 0x5
  7843                           
  7844     0075                     ??_LCDsend2x4:	
  7845                           ; 1 bytes @ 0x5
  7846                           
  7847                           
  7848                           ; 1 bytes @ 0x5
  7849     0075                     	ds	1
  7850     0076                     LCDrecv@hc:
  7851     0076                     LCDsend2x4@c:	
  7852                           ; 1 bytes @ 0x6
  7853                           
  7854     0076                     ___awdiv@counter:	
  7855                           ; 1 bytes @ 0x6
  7856                           
  7857     0076                     ___awmod@counter:	
  7858                           ; 1 bytes @ 0x6
  7859                           
  7860     0076                     ___wmul@product:	
  7861                           ; 1 bytes @ 0x6
  7862                           
  7863     0076                     ??_fputs:	
  7864                           ; 2 bytes @ 0x6
  7865                           
  7866     0076                     ??___wmul:	
  7867                           ; 1 bytes @ 0x6
  7868                           
  7869     0076                     ??___awdiv:	
  7870                           ; 1 bytes @ 0x6
  7871                           
  7872     0076                     ??___awmod:	
  7873                           ; 1 bytes @ 0x6
  7874                           
  7875                           
  7876                           ; 1 bytes @ 0x6
  7877     0076                     	ds	1
  7878     0077                     LCDrecv@lc:
  7879     0077                     LCDsend2x4@hc:	
  7880                           ; 1 bytes @ 0x7
  7881                           
  7882     0077                     ___awdiv@sign:	
  7883                           ; 1 bytes @ 0x7
  7884                           
  7885     0077                     ___awmod@sign:	
  7886                           ; 1 bytes @ 0x7
  7887                           
  7888                           
  7889                           ; 1 bytes @ 0x7
  7890     0077                     	ds	1
  7891     0078                     ?_abs:
  7892     0078                     ?_read_prec_or_width:	
  7893                           ; 2 bytes @ 0x8
  7894                           
  7895     0078                     LCDrecv@mode:	
  7896                           ; 2 bytes @ 0x8
  7897                           
  7898     0078                     LCDsend2x4@lc:	
  7899                           ; 1 bytes @ 0x8
  7900                           
  7901     0078                     read_prec_or_width@fmt:	
  7902                           ; 1 bytes @ 0x8
  7903                           
  7904     0078                     ___awdiv@quotient:	
  7905                           ; 1 bytes @ 0x8
  7906                           
  7907     0078                     abs@a:	
  7908                           ; 2 bytes @ 0x8
  7909                           
  7910     0078                     ??_pad:	
  7911                           ; 2 bytes @ 0x8
  7912                           
  7913                           
  7914                           ; 1 bytes @ 0x8
  7915     0078                     	ds	1
  7916     0079                     LCDcmd@c:
  7917     0079                     LCDchar@c:	
  7918                           ; 1 bytes @ 0x9
  7919                           
  7920     0079                     read_prec_or_width@ap:	
  7921                           ; 1 bytes @ 0x9
  7922                           
  7923     0079                     ??_LCDinit:	
  7924                           ; 1 bytes @ 0x9
  7925                           
  7926     0079                     ??_LCDcmd:	
  7927                           ; 1 bytes @ 0x9
  7928                           
  7929     0079                     ??_LCDchar:	
  7930                           ; 1 bytes @ 0x9
  7931                           
  7932     0079                     ??_LCDbusy:	
  7933                           ; 1 bytes @ 0x9
  7934                           
  7935                           
  7936                           ; 1 bytes @ 0x9
  7937     0079                     	ds	1
  7938     007A                     ??_sprintf:
  7939     007A                     ??_LCDstr:	
  7940                           ; 1 bytes @ 0xA
  7941                           
  7942     007A                     ??_LCDpos:	
  7943                           ; 1 bytes @ 0xA
  7944                           
  7945                           
  7946                           	psect	cstackBANK0
  7947     0020                     __pcstackBANK0:	
  7948                           ; 1 bytes @ 0xA
  7949                           
  7950     0020                     ?_LCDstr:
  7951     0020                     ?_LCDpos:	
  7952                           ; 1 bytes @ 0x0
  7953                           
  7954     0020                     ?_LCDbusy:	
  7955                           ; 1 bytes @ 0x0
  7956                           
  7957     0020                     LCDstr@p:	
  7958                           ; 2 bytes @ 0x0
  7959                           
  7960     0020                     LCDpos@c:	
  7961                           ; 1 bytes @ 0x0
  7962                           
  7963     0020                     ??_fputc:	
  7964                           ; 1 bytes @ 0x0
  7965                           
  7966     0020                     ??_abs:	
  7967                           ; 1 bytes @ 0x0
  7968                           
  7969     0020                     ??_read_prec_or_width:	
  7970                           ; 1 bytes @ 0x0
  7971                           
  7972                           
  7973                           ; 1 bytes @ 0x0
  7974     0020                     	ds	1
  7975     0021                     LCDstr@c:
  7976     0021                     LCDpos@l:	
  7977                           ; 1 bytes @ 0x1
  7978                           
  7979                           
  7980                           ; 1 bytes @ 0x1
  7981     0021                     	ds	1
  7982     0022                     LCDpos@p:
  7983                           
  7984                           ; 1 bytes @ 0x2
  7985     0022                     	ds	1
  7986     0023                     read_prec_or_width@c:
  7987                           
  7988                           ; 1 bytes @ 0x3
  7989     0023                     	ds	1
  7990     0024                     read_prec_or_width@n:
  7991                           
  7992                           ; 2 bytes @ 0x4
  7993     0024                     	ds	1
  7994     0025                     ?_fputs:
  7995     0025                     fputs@s:	
  7996                           ; 2 bytes @ 0x5
  7997                           
  7998                           
  7999                           ; 1 bytes @ 0x5
  8000     0025                     	ds	1
  8001     0026                     fputs@fp:
  8002                           
  8003                           ; 2 bytes @ 0x6
  8004     0026                     	ds	2
  8005     0028                     fputs@c:
  8006                           
  8007                           ; 1 bytes @ 0x8
  8008     0028                     	ds	1
  8009     0029                     fputs@i:
  8010                           
  8011                           ; 2 bytes @ 0x9
  8012     0029                     	ds	2
  8013     002B                     ?_pad:
  8014     002B                     pad@fp:	
  8015                           ; 1 bytes @ 0xB
  8016                           
  8017                           
  8018                           ; 2 bytes @ 0xB
  8019     002B                     	ds	2
  8020     002D                     pad@buf:
  8021                           
  8022                           ; 1 bytes @ 0xD
  8023     002D                     	ds	1
  8024     002E                     pad@p:
  8025                           
  8026                           ; 2 bytes @ 0xE
  8027     002E                     	ds	2
  8028     0030                     pad@i:
  8029                           
  8030                           ; 2 bytes @ 0x10
  8031     0030                     	ds	2
  8032     0032                     ?_dtoa:
  8033     0032                     dtoa@fp:	
  8034                           ; 1 bytes @ 0x12
  8035                           
  8036                           
  8037                           ; 2 bytes @ 0x12
  8038     0032                     	ds	2
  8039     0034                     dtoa@d:
  8040                           
  8041                           ; 2 bytes @ 0x14
  8042     0034                     	ds	2
  8043     0036                     ??_dtoa:
  8044                           
  8045                           ; 1 bytes @ 0x16
  8046     0036                     	ds	1
  8047     0037                     _dtoa$2905:
  8048                           
  8049                           ; 2 bytes @ 0x17
  8050     0037                     	ds	2
  8051     0039                     dtoa@p:
  8052                           
  8053                           ; 1 bytes @ 0x19
  8054     0039                     	ds	1
  8055     003A                     dtoa@w:
  8056                           
  8057                           ; 2 bytes @ 0x1A
  8058     003A                     	ds	2
  8059     003C                     dtoa@s:
  8060                           
  8061                           ; 1 bytes @ 0x1C
  8062     003C                     	ds	1
  8063     003D                     dtoa@i:
  8064                           
  8065                           ; 2 bytes @ 0x1D
  8066     003D                     	ds	2
  8067     003F                     ?_vfpfcnvrt:
  8068     003F                     vfpfcnvrt@fp:	
  8069                           ; 1 bytes @ 0x1F
  8070                           
  8071                           
  8072                           ; 2 bytes @ 0x1F
  8073     003F                     	ds	2
  8074     0041                     vfpfcnvrt@fmt:
  8075                           
  8076                           ; 1 bytes @ 0x21
  8077     0041                     	ds	1
  8078     0042                     vfpfcnvrt@ap:
  8079                           
  8080                           ; 1 bytes @ 0x22
  8081     0042                     	ds	1
  8082     0043                     ??_vfpfcnvrt:
  8083                           
  8084                           ; 1 bytes @ 0x23
  8085     0043                     	ds	4
  8086     0047                     vfpfcnvrt@convarg:
  8087                           
  8088                           ; 4 bytes @ 0x27
  8089     0047                     	ds	4
  8090     004B                     vfpfcnvrt@done:
  8091                           
  8092                           ; 1 bytes @ 0x2B
  8093     004B                     	ds	1
  8094     004C                     vfpfcnvrt@cp:
  8095                           
  8096                           ; 2 bytes @ 0x2C
  8097     004C                     	ds	2
  8098     004E                     ?_vfprintf:
  8099     004E                     vfprintf@fp:	
  8100                           ; 2 bytes @ 0x2E
  8101                           
  8102                           
  8103                           ; 2 bytes @ 0x2E
  8104     004E                     	ds	2
  8105     0050                     vfprintf@fmt:
  8106                           
  8107                           ; 2 bytes @ 0x30
  8108     0050                     	ds	2
  8109     0052                     vfprintf@ap:
  8110                           
  8111                           ; 1 bytes @ 0x32
  8112     0052                     	ds	1
  8113     0053                     ??_vfprintf:
  8114                           
  8115                           ; 1 bytes @ 0x33
  8116     0053                     	ds	1
  8117     0054                     vfprintf@cfmt:
  8118                           
  8119                           ; 2 bytes @ 0x34
  8120     0054                     	ds	2
  8121     0056                     ?_sprintf:
  8122     0056                     sprintf@s:	
  8123                           ; 2 bytes @ 0x36
  8124                           
  8125                           
  8126                           ; 1 bytes @ 0x36
  8127     0056                     	ds	1
  8128     0057                     sprintf@fmt:
  8129                           
  8130                           ; 2 bytes @ 0x37
  8131     0057                     	ds	8
  8132     005F                     sprintf@ap:
  8133                           
  8134                           ; 1 bytes @ 0x3F
  8135     005F                     	ds	1
  8136     0060                     sprintf@f:
  8137                           
  8138                           ; 11 bytes @ 0x40
  8139     0060                     	ds	11
  8140                           
  8141                           	psect	maintext
  8142     0283                     __pmaintext:	
  8143 ;;
  8144 ;;Main: autosize = 0, tempsize = 6, incstack = 0, save=0
  8145 ;;
  8146 ;; *************** function _main *****************
  8147 ;; Defined at:
  8148 ;;		line 62 in file "main.c"
  8149 ;; Parameters:    Size  Location     Type
  8150 ;;		None
  8151 ;; Auto vars:     Size  Location     Type
  8152 ;;  buf            17    6[BANK1 ] unsigned char [17]
  8153 ;;  potentiomete    2   23[BANK1 ] unsigned short 
  8154 ;;  min             1   29[BANK1 ] unsigned char 
  8155 ;;  sec             1   28[BANK1 ] unsigned char 
  8156 ;;  hour            1   27[BANK1 ] unsigned char 
  8157 ;;  temp            1   26[BANK1 ] unsigned char 
  8158 ;;  lumin           1   25[BANK1 ] unsigned char 
  8159 ;; Return value:  Size  Location     Type
  8160 ;;                  1    wreg      void 
  8161 ;; Registers used:
  8162 ;;		wreg, fsr0l, fsr0h, fsr1l, fsr1h, status,2, status,0, pclath, cstack
  8163 ;; Tracked objects:
  8164 ;;		On entry : B1F/0
  8165 ;;		On exit  : 0/0
  8166 ;;		Unchanged: 0/0
  8167 ;; Data sizes:     COMMON   BANK0   BANK1   BANK2   BANK3   BANK4   BANK5   BANK6   BANK7   BANK8   BANK9  BANK10  BANK1
      +1  BANK12
  8168 ;;      Params:         0       0       0       0       0       0       0       0       0       0       0       0       
      +0       0
  8169 ;;      Locals:         0       0      24       0       0       0       0       0       0       0       0       0       
      +0       0
  8170 ;;      Temps:          0       0       6       0       0       0       0       0       0       0       0       0       
      +0       0
  8171 ;;      Totals:         0       0      30       0       0       0       0       0       0       0       0       0       
      +0       0
  8172 ;;Total ram usage:       30 bytes
  8173 ;; Hardware stack levels required when called: 10
  8174 ;; This function calls:
  8175 ;;		_ADCC_DisableContinuousConversion
  8176 ;;		_ADCC_GetSingleConversion
  8177 ;;		_ADCC_Initialize
  8178 ;;		_LCDbusy
  8179 ;;		_LCDinit
  8180 ;;		_LCDpos
  8181 ;;		_LCDstr
  8182 ;;		_OpenI2C
  8183 ;;		_SYSTEM_Initialize
  8184 ;;		_TMR1_Initialize
  8185 ;;		_TMR1_SetInterruptHandler
  8186 ;;		_TMR1_StartTimer
  8187 ;;		___awmod
  8188 ;;		_readTC74
  8189 ;;		_sprintf
  8190 ;; This function is called by:
  8191 ;;		Startup code after reset
  8192 ;; This function uses a non-reentrant model
  8193 ;;
  8194                           
  8195     0283                     _main:	
  8196                           ;psect for function _main
  8197                           
  8198     0283                     l5168:	
  8199                           ;incstack = 0
  8200                           ; Regs used in _main: [wreg-fsr1h+status,2+status,0+pclath+cstack]
  8201                           
  8202                           
  8203                           ;main.c: 65:     adc_result_t potentiometer;;main.c: 66:     uint8_t lumin;;main.c: 68: 
      +                              uint8_t temp;;main.c: 70:     uint8_t sec;;main.c: 71:     uint8_t min;;main.c: 72: 
      +                              uint8_t hour;;main.c: 74:     char buf[17];;main.c: 77:     SYSTEM_Initialize();
  8204     0283  318E  26A8  3182   	fcall	_SYSTEM_Initialize
  8205     0286                     l5170:
  8206                           
  8207                           ;main.c: 83:     (INTCONbits.GIE = 1);
  8208     0286  178B               	bsf	11,7	;volatile
  8209     0287                     l5172:
  8210                           
  8211                           ;main.c: 86:     (INTCONbits.PEIE = 1);
  8212     0287  170B               	bsf	11,6	;volatile
  8213     0288                     l5174:
  8214                           
  8215                           ;main.c: 95:     OpenI2C();
  8216     0288  318D  25E3  3182   	fcall	_OpenI2C
  8217     028B                     l5176:
  8218                           
  8219                           ;main.c: 97:     LCDinit();
  8220     028B  3185  2586  3182   	fcall	_LCDinit
  8221     028E                     l5178:
  8222                           
  8223                           ;main.c: 99:     TMR1_Initialize();
  8224     028E  318E  26DB  3182   	fcall	_TMR1_Initialize
  8225     0291                     l5180:
  8226                           
  8227                           ;main.c: 100:     TMR1_SetInterruptHandler( timer_1s );
  8228     0291  30B1               	movlw	low _timer_1s
  8229     0292  00F2               	movwf	TMR1_SetInterruptHandler@InterruptHandler
  8230     0293  300D               	movlw	high _timer_1s
  8231     0294  00F3               	movwf	TMR1_SetInterruptHandler@InterruptHandler+1
  8232     0295  318D  25B7  3182   	fcall	_TMR1_SetInterruptHandler
  8233                           
  8234                           ;main.c: 101:     TMR1_StartTimer();
  8235     0298  318D  25AE  3182   	fcall	_TMR1_StartTimer
  8236                           
  8237                           ;main.c: 103:     ADCC_Initialize();
  8238     029B  318E  2690  3182   	fcall	_ADCC_Initialize
  8239                           
  8240                           ;main.c: 104:     ADCC_DisableContinuousConversion();
  8241     029E  318D  25AB  3182   	fcall	_ADCC_DisableContinuousConversion
  8242     02A1                     l5182:
  8243                           
  8244                           ;main.c: 107:     {;main.c: 110:         if (timer_1s_flag == 1) {
  8245     02A1  0021               	movlb	1	; select bank1
  8246     02A2  0342               	decf	_timer_1s_flag^(0+128),w
  8247     02A3  1D03               	btfss	3,2
  8248     02A4  2AA6               	goto	u4651
  8249     02A5  2AA7               	goto	u4650
  8250     02A6                     u4651:
  8251     02A6  2B40               	goto	l5216
  8252     02A7                     u4650:
  8253     02A7                     l5184:
  8254                           
  8255                           ;main.c: 111:             timer_1s_flag = 0;
  8256     02A7  01C2               	clrf	_timer_1s_flag^(0+128)
  8257     02A8                     l5186:
  8258                           
  8259                           ;main.c: 113:             sec += 1;
  8260     02A8  3001               	movlw	1
  8261     02A9  07DF               	addwf	main@sec^(0+128),f
  8262     02AA                     l5188:
  8263                           
  8264                           ;main.c: 114:             if (sec >= 60) {
  8265     02AA  303C               	movlw	60
  8266     02AB  025F               	subwf	main@sec^(0+128),w
  8267     02AC  1C03               	skipc
  8268     02AD  2AAF               	goto	u4661
  8269     02AE  2AB0               	goto	u4660
  8270     02AF                     u4661:
  8271     02AF  2ACB               	goto	l5200
  8272     02B0                     u4660:
  8273     02B0                     l5190:
  8274                           
  8275                           ;main.c: 115:                 sec = 0;
  8276     02B0  01DF               	clrf	main@sec^(0+128)
  8277     02B1                     l5192:
  8278                           
  8279                           ;main.c: 116:                 min += 1;
  8280     02B1  3001               	movlw	1
  8281     02B2  07E0               	addwf	main@min^(0+128),f
  8282     02B3                     l5194:
  8283                           
  8284                           ;main.c: 117:                 if (min >= 60) {
  8285     02B3  303C               	movlw	60
  8286     02B4  0260               	subwf	main@min^(0+128),w
  8287     02B5  1C03               	skipc
  8288     02B6  2AB8               	goto	u4671
  8289     02B7  2AB9               	goto	u4670
  8290     02B8                     u4671:
  8291     02B8  2ACB               	goto	l5200
  8292     02B9                     u4670:
  8293     02B9                     l5196:
  8294                           
  8295                           ;main.c: 118:                     min = 0;
  8296     02B9  01E0               	clrf	main@min^(0+128)
  8297     02BA                     l5198:
  8298                           
  8299                           ;main.c: 119:                     hour = (hour + 1) % 24;
  8300     02BA  3018               	movlw	24
  8301     02BB  00F2               	movwf	___awmod@divisor
  8302     02BC  3000               	movlw	0
  8303     02BD  00F3               	movwf	___awmod@divisor+1
  8304     02BE  085E               	movf	main@hour^(0+128),w
  8305     02BF  3E01               	addlw	1
  8306     02C0  00F4               	movwf	___awmod@dividend
  8307     02C1  3000               	movlw	0
  8308     02C2  1803               	skipnc
  8309     02C3  3001               	movlw	1
  8310     02C4  00F5               	movwf	___awmod@dividend+1
  8311     02C5  3187  2712  3182   	fcall	___awmod
  8312     02C8  0872               	movf	?___awmod,w
  8313     02C9  0021               	movlb	1	; select bank1
  8314     02CA  00DE               	movwf	main@hour^(0+128)
  8315     02CB                     l5200:
  8316                           
  8317                           ;main.c: 123:             LCDpos(0, 0);
  8318     02CB  0020               	movlb	0	; select bank0
  8319     02CC  01A0               	clrf	LCDpos@c
  8320     02CD  3000               	movlw	0
  8321     02CE  318E  2665  3182   	fcall	_LCDpos
  8322     02D1                     l5202:
  8323                           
  8324                           ;main.c: 124:             sprintf(buf, "%02d:%02d:%02d  CTL AR", hour, min, sec);
  8325     02D1  30C9               	movlw	(low (main@buf| 0))& (0+255)
  8326     02D2  0020               	movlb	0	; select bank0
  8327     02D3  00D6               	movwf	sprintf@s
  8328     02D4  3020               	movlw	low (STR_1| (0+32768))
  8329     02D5  00D7               	movwf	sprintf@fmt
  8330     02D6  3090               	movlw	high (STR_1| (0+32768))
  8331     02D7  00D8               	movwf	sprintf@fmt+1
  8332     02D8  0021               	movlb	1	; select bank1
  8333     02D9  085E               	movf	main@hour^(0+128),w
  8334     02DA  00C3               	movwf	??_main^(0+128)
  8335     02DB  01C4               	clrf	(??_main+1)^(0+128)
  8336     02DC  0843               	movf	??_main^(0+128),w
  8337     02DD  0020               	movlb	0	; select bank0
  8338     02DE  00D9               	movwf	?_sprintf+3
  8339     02DF  0021               	movlb	1	; select bank1
  8340     02E0  0844               	movf	(??_main+1)^(0+128),w
  8341     02E1  0020               	movlb	0	; select bank0
  8342     02E2  00DA               	movwf	?_sprintf+4
  8343     02E3  0021               	movlb	1	; select bank1
  8344     02E4  0860               	movf	main@min^(0+128),w
  8345     02E5  00C5               	movwf	(??_main+2)^(0+128)
  8346     02E6  01C6               	clrf	(??_main+3)^(0+128)
  8347     02E7  0845               	movf	(??_main+2)^(0+128),w
  8348     02E8  0020               	movlb	0	; select bank0
  8349     02E9  00DB               	movwf	?_sprintf+5
  8350     02EA  0021               	movlb	1	; select bank1
  8351     02EB  0846               	movf	(??_main+3)^(0+128),w
  8352     02EC  0020               	movlb	0	; select bank0
  8353     02ED  00DC               	movwf	?_sprintf+6
  8354     02EE  0021               	movlb	1	; select bank1
  8355     02EF  085F               	movf	main@sec^(0+128),w
  8356     02F0  00C7               	movwf	(??_main+4)^(0+128)
  8357     02F1  01C8               	clrf	(??_main+5)^(0+128)
  8358     02F2  0847               	movf	(??_main+4)^(0+128),w
  8359     02F3  0020               	movlb	0	; select bank0
  8360     02F4  00DD               	movwf	?_sprintf+7
  8361     02F5  0021               	movlb	1	; select bank1
  8362     02F6  0848               	movf	(??_main+5)^(0+128),w
  8363     02F7  0020               	movlb	0	; select bank0
  8364     02F8  00DE               	movwf	?_sprintf+8
  8365     02F9  318F  2716  3182   	fcall	_sprintf
  8366     02FC                     l5204:	
  8367                           ;main.c: 125:             while (LCDbusy());
  8368                           
  8369     02FC  318E  2652  3182   	fcall	_LCDbusy
  8370     02FF  0020               	movlb	0	; select bank0
  8371     0300  0820               	movf	?_LCDbusy,w
  8372     0301  0421               	iorwf	?_LCDbusy+1,w
  8373     0302  1D03               	btfss	3,2
  8374     0303  2B05               	goto	u4681
  8375     0304  2B06               	goto	u4680
  8376     0305                     u4681:
  8377     0305  2AFC               	goto	l5204
  8378     0306                     u4680:
  8379     0306                     l5206:
  8380                           
  8381                           ;main.c: 126:             LCDstr(buf);
  8382     0306  30C9               	movlw	(low (main@buf| 0))& (0+255)
  8383     0307  00A0               	movwf	LCDstr@p
  8384     0308  318E  262E  3182   	fcall	_LCDstr
  8385     030B                     l5208:
  8386                           
  8387                           ;main.c: 128:             LCDpos(1, 0);;
  8388     030B  0020               	movlb	0	; select bank0
  8389     030C  01A0               	clrf	LCDpos@c
  8390     030D  3001               	movlw	1
  8391     030E  318E  2665  3182   	fcall	_LCDpos
  8392     0311                     l5210:
  8393                           
  8394                           ;main.c: 129:             sprintf(buf, "%02d oC       L %1d", temp, lumin);
  8395     0311  30C9               	movlw	(low (main@buf| 0))& (0+255)
  8396     0312  0020               	movlb	0	; select bank0
  8397     0313  00D6               	movwf	sprintf@s
  8398     0314  3037               	movlw	low (STR_2| (0+32768))
  8399     0315  00D7               	movwf	sprintf@fmt
  8400     0316  3090               	movlw	high (STR_2| (0+32768))
  8401     0317  00D8               	movwf	sprintf@fmt+1
  8402     0318  0021               	movlb	1	; select bank1
  8403     0319  085D               	movf	main@temp^(0+128),w
  8404     031A  00C3               	movwf	??_main^(0+128)
  8405     031B  01C4               	clrf	(??_main+1)^(0+128)
  8406     031C  0843               	movf	??_main^(0+128),w
  8407     031D  0020               	movlb	0	; select bank0
  8408     031E  00D9               	movwf	?_sprintf+3
  8409     031F  0021               	movlb	1	; select bank1
  8410     0320  0844               	movf	(??_main+1)^(0+128),w
  8411     0321  0020               	movlb	0	; select bank0
  8412     0322  00DA               	movwf	?_sprintf+4
  8413     0323  0021               	movlb	1	; select bank1
  8414     0324  085C               	movf	main@lumin^(0+128),w
  8415     0325  00C5               	movwf	(??_main+2)^(0+128)
  8416     0326  01C6               	clrf	(??_main+3)^(0+128)
  8417     0327  0845               	movf	(??_main+2)^(0+128),w
  8418     0328  0020               	movlb	0	; select bank0
  8419     0329  00DB               	movwf	?_sprintf+5
  8420     032A  0021               	movlb	1	; select bank1
  8421     032B  0846               	movf	(??_main+3)^(0+128),w
  8422     032C  0020               	movlb	0	; select bank0
  8423     032D  00DC               	movwf	?_sprintf+6
  8424     032E  318F  2716  3182   	fcall	_sprintf
  8425     0331                     l5212:	
  8426                           ;main.c: 130:             while (LCDbusy());
  8427                           
  8428     0331  318E  2652  3182   	fcall	_LCDbusy
  8429     0334  0020               	movlb	0	; select bank0
  8430     0335  0820               	movf	?_LCDbusy,w
  8431     0336  0421               	iorwf	?_LCDbusy+1,w
  8432     0337  1D03               	btfss	3,2
  8433     0338  2B3A               	goto	u4691
  8434     0339  2B3B               	goto	u4690
  8435     033A                     u4691:
  8436     033A  2B31               	goto	l5212
  8437     033B                     u4690:
  8438     033B                     l5214:
  8439                           
  8440                           ;main.c: 131:             LCDstr(buf);
  8441     033B  30C9               	movlw	(low (main@buf| 0))& (0+255)
  8442     033C  00A0               	movwf	LCDstr@p
  8443     033D  318E  262E  3182   	fcall	_LCDstr
  8444     0340                     l5216:
  8445                           
  8446                           ;main.c: 135:         if (timer_5s_flag == 5) {
  8447     0340  3005               	movlw	5
  8448     0341  0021               	movlb	1	; select bank1
  8449     0342  0641               	xorwf	_timer_5s_flag^(0+128),w
  8450     0343  1D03               	btfss	3,2
  8451     0344  2B46               	goto	u4701
  8452     0345  2B47               	goto	u4700
  8453     0346                     u4701:
  8454     0346  2AA1               	goto	l5182
  8455     0347                     u4700:
  8456     0347                     l5218:
  8457                           
  8458                           ;main.c: 136:             timer_5s_flag = 0;
  8459     0347  01C1               	clrf	_timer_5s_flag^(0+128)
  8460     0348                     l5220:
  8461                           
  8462                           ;main.c: 138:             temp = readTC74();
  8463     0348  3181  217A  3182   	fcall	_readTC74
  8464     034B  0021               	movlb	1	; select bank1
  8465     034C  00DD               	movwf	main@temp^(0+128)
  8466     034D                     l5222:
  8467                           
  8468                           ;main.c: 139:             potentiometer = ADCC_GetSingleConversion(adc_potent);
  8469     034D  3000               	movlw	0
  8470     034E  318E  261C  3182   	fcall	_ADCC_GetSingleConversion
  8471     0351  0873               	movf	?_ADCC_GetSingleConversion+1,w
  8472     0352  0021               	movlb	1	; select bank1
  8473     0353  00DB               	movwf	(main@potentiometer+1)^(0+128)
  8474     0354  0872               	movf	?_ADCC_GetSingleConversion,w
  8475     0355  00DA               	movwf	main@potentiometer^(0+128)
  8476     0356                     l5224:
  8477                           
  8478                           ;main.c: 140:             lumin = (potentiometer >> 8);
  8479     0356  085B               	movf	(main@potentiometer+1)^(0+128),w
  8480     0357  00DC               	movwf	main@lumin^(0+128)
  8481     0358  2AA1               	goto	l5182
  8482     0359  3180  281C         	ljmp	start
  8483     035B                     __end_of_main:
  8484                           
  8485                           	psect	text1
  8486     0F16                     __ptext1:	
  8487 ;; *************** function _sprintf *****************
  8488 ;; Defined at:
  8489 ;;		line 9 in file "/Applications/microchip/xc8/v3.10/pic/sources/c99/common/nf_sprintf.c"
  8490 ;; Parameters:    Size  Location     Type
  8491 ;;  s               1   54[BANK0 ] PTR unsigned char 
  8492 ;;		 -> main@buf(17), 
  8493 ;;  fmt             2   55[BANK0 ] PTR const unsigned char 
  8494 ;;		 -> STR_2(20), STR_1(23), 
  8495 ;; Auto vars:     Size  Location     Type
  8496 ;;  f              11   64[BANK0 ] struct _IO_FILE
  8497 ;;  ret             2    0        int 
  8498 ;;  ap              1   63[BANK0 ] PTR void [1]
  8499 ;;		 -> ?_sprintf(2), 
  8500 ;; Return value:  Size  Location     Type
  8501 ;;                  2   54[BANK0 ] int 
  8502 ;; Registers used:
  8503 ;;		wreg, fsr0l, fsr0h, fsr1l, fsr1h, status,2, status,0, pclath, cstack
  8504 ;; Tracked objects:
  8505 ;;		On entry : 0/0
  8506 ;;		On exit  : 0/0
  8507 ;;		Unchanged: 0/0
  8508 ;; Data sizes:     COMMON   BANK0   BANK1   BANK2   BANK3   BANK4   BANK5   BANK6   BANK7   BANK8   BANK9  BANK10  BANK1
      +1  BANK12
  8509 ;;      Params:         0       9       0       0       0       0       0       0       0       0       0       0       
      +0       0
  8510 ;;      Locals:         0      12       0       0       0       0       0       0       0       0       0       0       
      +0       0
  8511 ;;      Temps:          0       0       0       0       0       0       0       0       0       0       0       0       
      +0       0
  8512 ;;      Totals:         0      21       0       0       0       0       0       0       0       0       0       0       
      +0       0
  8513 ;;Total ram usage:       21 bytes
  8514 ;; Hardware stack levels used: 1
  8515 ;; Hardware stack levels required when called: 9
  8516 ;; This function calls:
  8517 ;;		_vfprintf
  8518 ;; This function is called by:
  8519 ;;		_main
  8520 ;; This function uses a non-reentrant model
  8521 ;;
  8522                           
  8523     0F16                     _sprintf:	
  8524                           ;psect for function _sprintf
  8525                           
  8526     0F16                     l5156:	
  8527                           ;incstack = 0
  8528                           ; Regs used in _sprintf: [wreg-fsr1h+status,2+status,0+pclath+cstack]
  8529                           
  8530     0F16  3059               	movlw	(low ((?_sprintf| 0+3)))& (0+255)
  8531     0F17  0020               	movlb	0	; select bank0
  8532     0F18  00DF               	movwf	sprintf@ap
  8533     0F19  0856               	movf	sprintf@s,w
  8534     0F1A  00E0               	movwf	sprintf@f
  8535     0F1B  01E1               	clrf	sprintf@f+1
  8536     0F1C                     l5158:
  8537     0F1C  01E2               	clrf	sprintf@f+2
  8538     0F1D  01E3               	clrf	sprintf@f+3
  8539     0F1E                     l5160:
  8540     0F1E  01E9               	clrf	sprintf@f+9
  8541     0F1F  01EA               	clrf	sprintf@f+10
  8542     0F20                     l5162:
  8543     0F20  3060               	movlw	low sprintf@f
  8544     0F21  00CE               	movwf	vfprintf@fp
  8545     0F22  3000               	movlw	high sprintf@f
  8546     0F23  00CF               	movwf	vfprintf@fp+1
  8547     0F24  0858               	movf	sprintf@fmt+1,w
  8548     0F25  00D1               	movwf	vfprintf@fmt+1
  8549     0F26  0857               	movf	sprintf@fmt,w
  8550     0F27  00D0               	movwf	vfprintf@fmt
  8551     0F28  305F               	movlw	(low (sprintf@ap| 0))& (0+255)
  8552     0F29  00D2               	movwf	vfprintf@ap
  8553     0F2A  318E  26F8  318F   	fcall	_vfprintf
  8554     0F2D                     l5164:
  8555     0F2D  0020               	movlb	0	; select bank0
  8556     0F2E  0856               	movf	sprintf@s,w
  8557     0F2F  0762               	addwf	sprintf@f+2,w
  8558     0F30  0086               	movwf	6
  8559     0F31  0187               	clrf	7
  8560     0F32  0181               	clrf	1
  8561     0F33                     l1862:
  8562     0F33  0008               	return
  8563     0F34                     __end_of_sprintf:
  8564                           
  8565                           	psect	text2
  8566     0EF8                     __ptext2:	
  8567 ;; *************** function _vfprintf *****************
  8568 ;; Defined at:
  8569 ;;		line 1817 in file "/Applications/microchip/xc8/v3.10/pic/sources/c99/common/doprnt.c"
  8570 ;; Parameters:    Size  Location     Type
  8571 ;;  fp              2   46[BANK0 ] PTR struct _IO_FILE
  8572 ;;		 -> sprintf@f(11), 
  8573 ;;  fmt             2   48[BANK0 ] PTR const unsigned char 
  8574 ;;		 -> STR_2(20), STR_1(23), 
  8575 ;;  ap              1   50[BANK0 ] PTR PTR void 
  8576 ;;		 -> sprintf@ap(1), 
  8577 ;; Auto vars:     Size  Location     Type
  8578 ;;  cfmt            2   52[BANK0 ] PTR unsigned char 
  8579 ;;		 -> STR_2(20), STR_1(23), 
  8580 ;; Return value:  Size  Location     Type
  8581 ;;                  2   46[BANK0 ] int 
  8582 ;; Registers used:
  8583 ;;		wreg, fsr0l, fsr0h, fsr1l, fsr1h, status,2, status,0, pclath, cstack
  8584 ;; Tracked objects:
  8585 ;;		On entry : 0/0
  8586 ;;		On exit  : 0/0
  8587 ;;		Unchanged: 0/0
  8588 ;; Data sizes:     COMMON   BANK0   BANK1   BANK2   BANK3   BANK4   BANK5   BANK6   BANK7   BANK8   BANK9  BANK10  BANK1
      +1  BANK12
  8589 ;;      Params:         0       5       0       0       0       0       0       0       0       0       0       0       
      +0       0
  8590 ;;      Locals:         0       2       0       0       0       0       0       0       0       0       0       0       
      +0       0
  8591 ;;      Temps:          0       1       0       0       0       0       0       0       0       0       0       0       
      +0       0
  8592 ;;      Totals:         0       8       0       0       0       0       0       0       0       0       0       0       
      +0       0
  8593 ;;Total ram usage:        8 bytes
  8594 ;; Hardware stack levels used: 1
  8595 ;; Hardware stack levels required when called: 8
  8596 ;; This function calls:
  8597 ;;		_vfpfcnvrt
  8598 ;; This function is called by:
  8599 ;;		_sprintf
  8600 ;; This function uses a non-reentrant model
  8601 ;;
  8602                           
  8603     0EF8                     _vfprintf:	
  8604                           ;psect for function _vfprintf
  8605                           
  8606     0EF8                     l5036:	
  8607                           ;incstack = 0
  8608                           ; Regs used in _vfprintf: [wreg-fsr1h+status,2+status,0+pclath+cstack]
  8609                           
  8610                           
  8611                           ;/Applications/microchip/xc8/v3.10/pic/sources/c99/common/doprnt.c: 1817: int vfprintf(F
      +                          ILE *fp, const char *fmt, va_list ap);/Applications/microchip/xc8/v3.10/pic/sources/c99/
      +                          common/doprnt.c: 1818: {;/Applications/microchip/xc8/v3.10/pic/sources/c99/common/doprnt
      +                          .c: 1820:     char *cfmt;;/Applications/microchip/xc8/v3.10/pic/sources/c99/common/doprn
      +                          t.c: 1822:     cfmt = (char *)fmt;
  8612     0EF8  0020               	movlb	0	; select bank0
  8613     0EF9  0851               	movf	vfprintf@fmt+1,w
  8614     0EFA  00D5               	movwf	vfprintf@cfmt+1
  8615     0EFB  0850               	movf	vfprintf@fmt,w
  8616     0EFC  00D4               	movwf	vfprintf@cfmt
  8617                           
  8618                           ;/Applications/microchip/xc8/v3.10/pic/sources/c99/common/doprnt.c: 1826:     while (*cf
      +                          mt) {
  8619     0EFD  2F09               	goto	l5040
  8620     0EFE                     l5038:
  8621                           
  8622                           ;/Applications/microchip/xc8/v3.10/pic/sources/c99/common/doprnt.c: 1830:    vfpfcnvrt(f
      +                          p, &cfmt, ap);
  8623     0EFE  084F               	movf	vfprintf@fp+1,w
  8624     0EFF  00C0               	movwf	vfpfcnvrt@fp+1
  8625     0F00  084E               	movf	vfprintf@fp,w
  8626     0F01  00BF               	movwf	vfpfcnvrt@fp
  8627     0F02  3054               	movlw	(low (vfprintf@cfmt| 0))& (0+255)
  8628     0F03  00C1               	movwf	vfpfcnvrt@fmt
  8629     0F04  0852               	movf	vfprintf@ap,w
  8630     0F05  00C2               	movwf	vfpfcnvrt@ap
  8631     0F06  3183  235B  318E   	fcall	_vfpfcnvrt
  8632     0F09                     l5040:
  8633                           
  8634                           ;/Applications/microchip/xc8/v3.10/pic/sources/c99/common/doprnt.c: 1826:     while (*cf
      +                          mt) {
  8635     0F09  0020               	movlb	0	; select bank0
  8636     0F0A  0854               	movf	vfprintf@cfmt,w
  8637     0F0B  0084               	movwf	4
  8638     0F0C  0855               	movf	vfprintf@cfmt+1,w
  8639     0F0D  0085               	movwf	5
  8640     0F0E  0012               	moviw fsr0++
  8641     0F0F  1D03               	btfss	3,2
  8642     0F10  2F12               	goto	u4361
  8643     0F11  2F13               	goto	u4360
  8644     0F12                     u4361:
  8645     0F12  2EFE               	goto	l5038
  8646     0F13                     u4360:
  8647     0F13                     l5042:
  8648                           
  8649                           ;/Applications/microchip/xc8/v3.10/pic/sources/c99/common/doprnt.c: 1835:  return 0;
  8650     0F13  01CE               	clrf	?_vfprintf
  8651     0F14  01CF               	clrf	?_vfprintf+1
  8652     0F15                     l1932:
  8653     0F15  0008               	return
  8654     0F16                     __end_of_vfprintf:
  8655                           
  8656                           	psect	text3
  8657     035B                     __ptext3:	
  8658 ;; *************** function _vfpfcnvrt *****************
  8659 ;; Defined at:
  8660 ;;		line 1177 in file "/Applications/microchip/xc8/v3.10/pic/sources/c99/common/doprnt.c"
  8661 ;; Parameters:    Size  Location     Type
  8662 ;;  fp              2   31[BANK0 ] PTR struct _IO_FILE
  8663 ;;		 -> sprintf@f(11), 
  8664 ;;  fmt             1   33[BANK0 ] PTR PTR unsigned char 
  8665 ;;		 -> vfprintf@cfmt(2), 
  8666 ;;  ap              1   34[BANK0 ] PTR PTR void 
  8667 ;;		 -> sprintf@ap(1), 
  8668 ;; Auto vars:     Size  Location     Type
  8669 ;;  convarg         4   39[BANK0 ] struct .
  8670 ;;  cp              2   44[BANK0 ] PTR unsigned char 
  8671 ;;		 -> STR_2(20), STR_1(23), 
  8672 ;;  done            1   43[BANK0 ] _Bool 
  8673 ;;  c               1    0        unsigned char 
  8674 ;; Return value:  Size  Location     Type
  8675 ;;                  1    wreg      void 
  8676 ;; Registers used:
  8677 ;;		wreg, fsr0l, fsr0h, fsr1l, fsr1h, status,2, status,0, pclath, cstack
  8678 ;; Tracked objects:
  8679 ;;		On entry : 0/0
  8680 ;;		On exit  : 0/0
  8681 ;;		Unchanged: 0/0
  8682 ;; Data sizes:     COMMON   BANK0   BANK1   BANK2   BANK3   BANK4   BANK5   BANK6   BANK7   BANK8   BANK9  BANK10  BANK1
      +1  BANK12
  8683 ;;      Params:         0       4       0       0       0       0       0       0       0       0       0       0       
      +0       0
  8684 ;;      Locals:         0       7       0       0       0       0       0       0       0       0       0       0       
      +0       0
  8685 ;;      Temps:          0       4       0       0       0       0       0       0       0       0       0       0       
      +0       0
  8686 ;;      Totals:         0      15       0       0       0       0       0       0       0       0       0       0       
      +0       0
  8687 ;;Total ram usage:       15 bytes
  8688 ;; Hardware stack levels used: 1
  8689 ;; Hardware stack levels required when called: 7
  8690 ;; This function calls:
  8691 ;;		_dtoa
  8692 ;;		_fputc
  8693 ;;		_read_prec_or_width
  8694 ;; This function is called by:
  8695 ;;		_vfprintf
  8696 ;; This function uses a non-reentrant model
  8697 ;;
  8698                           
  8699     035B                     _vfpfcnvrt:	
  8700                           ;psect for function _vfpfcnvrt
  8701                           
  8702     035B                     l4902:	
  8703                           ;incstack = 0
  8704                           ; Regs used in _vfpfcnvrt: [wreg-fsr1h+status,2+status,0+pclath+cstack]
  8705                           
  8706                           
  8707                           ;/Applications/microchip/xc8/v3.10/pic/sources/c99/common/doprnt.c: 1177: vfpfcnvrt(FILE
      +                           *fp, char *fmt[], va_list ap);/Applications/microchip/xc8/v3.10/pic/sources/c99/common/
      +                          doprnt.c: 1178: {;/Applications/microchip/xc8/v3.10/pic/sources/c99/common/doprnt.c: 117
      +                          9:     char c, *cp;;/Applications/microchip/xc8/v3.10/pic/sources/c99/common/doprnt.c: 1
      +                          180:     _Bool done;;/Applications/microchip/xc8/v3.10/pic/sources/c99/common/doprnt.c: 
      +                          1188:  } convarg;;/Applications/microchip/xc8/v3.10/pic/sources/c99/common/doprnt.c: 120
      +                          1:     if ((*fmt)[0] == '%') {
  8708     035B  0020               	movlb	0	; select bank0
  8709     035C  0841               	movf	vfpfcnvrt@fmt,w
  8710     035D  0086               	movwf	6
  8711     035E  0187               	clrf	7
  8712     035F  3F40               	moviw [0]fsr1
  8713     0360  00C3               	movwf	??_vfpfcnvrt
  8714     0361  3F41               	moviw [1]fsr1
  8715     0362  00C4               	movwf	??_vfpfcnvrt+1
  8716     0363  0843               	movf	??_vfpfcnvrt,w
  8717     0364  0084               	movwf	4
  8718     0365  0844               	movf	??_vfpfcnvrt+1,w
  8719     0366  0085               	movwf	5
  8720     0367  0012               	moviw fsr0++
  8721     0368  3A25               	xorlw	37
  8722     0369  1D03               	btfss	3,2
  8723     036A  2B6C               	goto	u3981
  8724     036B  2B6D               	goto	u3980
  8725     036C                     u3981:
  8726     036C  2C08               	goto	l4946
  8727     036D                     u3980:
  8728     036D                     l4904:
  8729                           
  8730                           ;/Applications/microchip/xc8/v3.10/pic/sources/c99/common/doprnt.c: 1202:         ++*fmt
      +                          ;
  8731     036D  0841               	movf	vfpfcnvrt@fmt,w
  8732     036E  0086               	movwf	6
  8733     036F  0187               	clrf	7
  8734     0370  3001               	movlw	1
  8735     0371  0781               	addwf	1,f
  8736     0372  3141               	addfsr 1,1
  8737     0373  1803               	skipnc
  8738     0374  0A81               	incf	1,f
  8739     0375                     l4906:
  8740                           
  8741                           ;/Applications/microchip/xc8/v3.10/pic/sources/c99/common/doprnt.c: 1204:         flags 
      +                          = width = 0;
  8742     0375  0021               	movlb	1	; select bank1
  8743     0376  01BD               	clrf	_width^(0+128)
  8744     0377  01BE               	clrf	(_width+1)^(0+128)
  8745     0378  3000               	movlw	0
  8746     0379  0020               	movlb	0	; select bank0
  8747     037A  00EB               	movwf	_flags
  8748     037B                     l4908:
  8749                           
  8750                           ;/Applications/microchip/xc8/v3.10/pic/sources/c99/common/doprnt.c: 1205:         prec =
      +                           -1;
  8751     037B  30FF               	movlw	255
  8752     037C  0021               	movlb	1	; select bank1
  8753     037D  00BF               	movwf	_prec^(0+128)
  8754     037E  30FF               	movlw	255
  8755     037F  00C0               	movwf	(_prec^(0+128)+1)
  8756     0380                     l4910:
  8757                           
  8758                           ;/Applications/microchip/xc8/v3.10/pic/sources/c99/common/doprnt.c: 1209:         done =
      +                           0;
  8759     0380  0020               	movlb	0	; select bank0
  8760     0381  01CB               	clrf	vfpfcnvrt@done
  8761                           
  8762                           ;/Applications/microchip/xc8/v3.10/pic/sources/c99/common/doprnt.c: 1210:         while 
      +                          (!done) {
  8763     0382  2BA0               	goto	l4918
  8764     0383                     l1918:	
  8765                           ;/Applications/microchip/xc8/v3.10/pic/sources/c99/common/doprnt.c: 1219:               
      +                            case '0' :
  8766                           
  8767                           
  8768                           ;/Applications/microchip/xc8/v3.10/pic/sources/c99/common/doprnt.c: 1220:               
      +                                flags |= (1 << 1);
  8769     0383  14EB               	bsf	_flags,1
  8770     0384                     l4912:
  8771                           
  8772                           ;/Applications/microchip/xc8/v3.10/pic/sources/c99/common/doprnt.c: 1221:               
      +                                ++*fmt;
  8773     0384  0841               	movf	vfpfcnvrt@fmt,w
  8774     0385  0086               	movwf	6
  8775     0386  0187               	clrf	7
  8776     0387  3001               	movlw	1
  8777     0388  0781               	addwf	1,f
  8778     0389  3141               	addfsr 1,1
  8779     038A  1803               	skipnc
  8780     038B  0A81               	incf	1,f
  8781                           
  8782                           ;/Applications/microchip/xc8/v3.10/pic/sources/c99/common/doprnt.c: 1222:               
      +                                break;
  8783     038C  2BA0               	goto	l4918
  8784     038D                     l1920:	
  8785                           ;/Applications/microchip/xc8/v3.10/pic/sources/c99/common/doprnt.c: 1242:               
      +                            default:
  8786                           
  8787                           
  8788                           ;/Applications/microchip/xc8/v3.10/pic/sources/c99/common/doprnt.c: 1243:               
      +                                done = 1;
  8789     038D  3001               	movlw	1
  8790     038E  00CB               	movwf	vfpfcnvrt@done
  8791                           
  8792                           ;/Applications/microchip/xc8/v3.10/pic/sources/c99/common/doprnt.c: 1244:               
      +                                break;
  8793     038F  2BA0               	goto	l4918
  8794     0390                     l4916:
  8795     0390  0841               	movf	vfpfcnvrt@fmt,w
  8796     0391  0086               	movwf	6
  8797     0392  0187               	clrf	7
  8798     0393  3F40               	moviw [0]fsr1
  8799     0394  00C3               	movwf	??_vfpfcnvrt
  8800     0395  3F41               	moviw [1]fsr1
  8801     0396  00C4               	movwf	??_vfpfcnvrt+1
  8802     0397  0843               	movf	??_vfpfcnvrt,w
  8803     0398  0084               	movwf	4
  8804     0399  0844               	movf	??_vfpfcnvrt+1,w
  8805     039A  0085               	movwf	5
  8806     039B  0800               	movf	0,w	;code access
  8807                           
  8808                           ; Switch size 1, requested type "simple"
  8809                           ; Number of cases is 1, Range of values is 48 to 48
  8810                           ; switch strategies available:
  8811                           ; Name         Instructions Cycles
  8812                           ; simple_byte            4     3 (average)
  8813                           ; direct_byte           11     9 (fixed)
  8814                           ; jumptable            263     9 (fixed)
  8815                           ;	Chosen strategy is simple_byte
  8816     039C  3A30               	xorlw	48	; case 48
  8817     039D  1903               	skipnz
  8818     039E  2B83               	goto	l1918
  8819     039F  2B8D               	goto	l1920
  8820     03A0                     l4918:
  8821                           
  8822                           ;/Applications/microchip/xc8/v3.10/pic/sources/c99/common/doprnt.c: 1210:         while 
      +                          (!done) {
  8823     03A0  084B               	movf	vfpfcnvrt@done,w
  8824     03A1  1903               	btfsc	3,2
  8825     03A2  2BA4               	goto	u3991
  8826     03A3  2BA5               	goto	u3990
  8827     03A4                     u3991:
  8828     03A4  2B90               	goto	l4916
  8829     03A5                     u3990:
  8830     03A5                     l4920:
  8831                           
  8832                           ;/Applications/microchip/xc8/v3.10/pic/sources/c99/common/doprnt.c: 1256:   width = read
      +                          _prec_or_width(fmt, ap);
  8833     03A5  0841               	movf	vfpfcnvrt@fmt,w
  8834     03A6  00F8               	movwf	read_prec_or_width@fmt
  8835     03A7  0842               	movf	vfpfcnvrt@ap,w
  8836     03A8  00F9               	movwf	read_prec_or_width@ap
  8837     03A9  3186  2602  3183   	fcall	_read_prec_or_width
  8838     03AC  0879               	movf	?_read_prec_or_width+1,w
  8839     03AD  0021               	movlb	1	; select bank1
  8840     03AE  00BE               	movwf	(_width+1)^(0+128)
  8841     03AF  0878               	movf	?_read_prec_or_width,w
  8842     03B0  00BD               	movwf	_width^(0+128)
  8843     03B1                     l4922:
  8844                           
  8845                           ;/Applications/microchip/xc8/v3.10/pic/sources/c99/common/doprnt.c: 1257:   if (width < 
      +                          0) {
  8846     03B1  1FBE               	btfss	(_width+1)^(0+128),7
  8847     03B2  2BB4               	goto	u4001
  8848     03B3  2BB5               	goto	u4000
  8849     03B4                     u4001:
  8850     03B4  2BBD               	goto	l4928
  8851     03B5                     u4000:
  8852     03B5                     l4924:
  8853                           
  8854                           ;/Applications/microchip/xc8/v3.10/pic/sources/c99/common/doprnt.c: 1258:    flags |= (1
      +                           << 0);
  8855     03B5  0020               	movlb	0	; select bank0
  8856     03B6  146B               	bsf	_flags,0
  8857     03B7                     l4926:
  8858                           
  8859                           ;/Applications/microchip/xc8/v3.10/pic/sources/c99/common/doprnt.c: 1259:    width = -wi
      +                          dth;
  8860     03B7  0021               	movlb	1	; select bank1
  8861     03B8  09BD               	comf	_width^(0+128),f
  8862     03B9  09BE               	comf	(_width+1)^(0+128),f
  8863     03BA  0ABD               	incf	_width^(0+128),f
  8864     03BB  1903               	skipnz
  8865     03BC  0ABE               	incf	(_width+1)^(0+128),f
  8866     03BD                     l4928:
  8867                           
  8868                           ;/Applications/microchip/xc8/v3.10/pic/sources/c99/common/doprnt.c: 1291:   cp = *fmt;
  8869     03BD  0020               	movlb	0	; select bank0
  8870     03BE  0841               	movf	vfpfcnvrt@fmt,w
  8871     03BF  0086               	movwf	6
  8872     03C0  0187               	clrf	7
  8873     03C1  3F40               	moviw [0]fsr1
  8874     03C2  00CC               	movwf	vfpfcnvrt@cp
  8875     03C3  3F41               	moviw [1]fsr1
  8876     03C4  00CD               	movwf	vfpfcnvrt@cp+1
  8877     03C5                     l4930:
  8878                           
  8879                           ;/Applications/microchip/xc8/v3.10/pic/sources/c99/common/doprnt.c: 1361:   if (*cp == '
      +                          d' || *cp == 'i') {
  8880     03C5  084C               	movf	vfpfcnvrt@cp,w
  8881     03C6  0084               	movwf	4
  8882     03C7  084D               	movf	vfpfcnvrt@cp+1,w
  8883     03C8  0085               	movwf	5
  8884     03C9  0012               	moviw fsr0++
  8885     03CA  3A64               	xorlw	100
  8886     03CB  1903               	btfsc	3,2
  8887     03CC  2BCE               	goto	u4011
  8888     03CD  2BCF               	goto	u4010
  8889     03CE                     u4011:
  8890     03CE  2BD9               	goto	l4934
  8891     03CF                     u4010:
  8892     03CF                     l4932:
  8893     03CF  084C               	movf	vfpfcnvrt@cp,w
  8894     03D0  0084               	movwf	4
  8895     03D1  084D               	movf	vfpfcnvrt@cp+1,w
  8896     03D2  0085               	movwf	5
  8897     03D3  0012               	moviw fsr0++
  8898     03D4  3A69               	xorlw	105
  8899     03D5  1D03               	btfss	3,2
  8900     03D6  2BD8               	goto	u4021
  8901     03D7  2BD9               	goto	u4020
  8902     03D8                     u4021:
  8903     03D8  2BFE               	goto	l4942
  8904     03D9                     u4020:
  8905     03D9                     l4934:
  8906                           
  8907                           ;/Applications/microchip/xc8/v3.10/pic/sources/c99/common/doprnt.c: 1404:    convarg.sin
      +                          t = (vfpf_sint_t)(int)(*(int *)__va_arg(*(int **)ap, (int)0));
  8908     03D9  0842               	movf	vfpfcnvrt@ap,w
  8909     03DA  0086               	movwf	6
  8910     03DB  0187               	clrf	7
  8911     03DC  0801               	movf	1,w
  8912     03DD  0084               	movwf	4
  8913     03DE  0185               	clrf	5
  8914     03DF  3002               	movlw	2
  8915     03E0  0781               	addwf	1,f
  8916     03E1  3F00               	moviw [0]fsr0
  8917     03E2  00C7               	movwf	vfpfcnvrt@convarg
  8918     03E3  3F01               	moviw [1]fsr0
  8919     03E4  00C8               	movwf	vfpfcnvrt@convarg+1
  8920     03E5                     l4936:
  8921                           
  8922                           ;/Applications/microchip/xc8/v3.10/pic/sources/c99/common/doprnt.c: 1406:    *fmt = cp+1
      +                          ;
  8923     03E5  084C               	movf	vfpfcnvrt@cp,w
  8924     03E6  3E01               	addlw	1
  8925     03E7  00C3               	movwf	??_vfpfcnvrt
  8926     03E8  3000               	movlw	0
  8927     03E9  3D4D               	addwfc	vfpfcnvrt@cp+1,w
  8928     03EA  00C4               	movwf	??_vfpfcnvrt+1
  8929     03EB  0841               	movf	vfpfcnvrt@fmt,w
  8930     03EC  0086               	movwf	6
  8931     03ED  0187               	clrf	7
  8932     03EE  0843               	movf	??_vfpfcnvrt,w
  8933     03EF  3FC0               	movwi [0]fsr1
  8934     03F0  0844               	movf	??_vfpfcnvrt+1,w
  8935     03F1  3FC1               	movwi [1]fsr1
  8936     03F2                     l4938:
  8937                           
  8938                           ;/Applications/microchip/xc8/v3.10/pic/sources/c99/common/doprnt.c: 1432:    return (voi
      +                          d) dtoa(fp, convarg.sint);;	Return value of _vfpfcnvrt is never used
  8939     03F2  0840               	movf	vfpfcnvrt@fp+1,w
  8940     03F3  00B3               	movwf	dtoa@fp+1
  8941     03F4  083F               	movf	vfpfcnvrt@fp,w
  8942     03F5  00B2               	movwf	dtoa@fp
  8943     03F6  0848               	movf	vfpfcnvrt@convarg+1,w
  8944     03F7  00B5               	movwf	dtoa@d+1
  8945     03F8  0847               	movf	vfpfcnvrt@convarg,w
  8946     03F9  00B4               	movwf	dtoa@d
  8947     03FA  3184  2423  3183   	fcall	_dtoa
  8948     03FD  2C22               	goto	l1926
  8949     03FE                     l4942:
  8950                           
  8951                           ;/Applications/microchip/xc8/v3.10/pic/sources/c99/common/doprnt.c: 1806:         ++*fmt
      +                          ;
  8952     03FE  0020               	movlb	0	; select bank0
  8953     03FF  0841               	movf	vfpfcnvrt@fmt,w
  8954     0400  0086               	movwf	6
  8955     0401  0187               	clrf	7
  8956     0402  3001               	movlw	1
  8957     0403  0781               	addwf	1,f
  8958     0404  3141               	addfsr 1,1
  8959     0405  1803               	skipnc
  8960     0406  0A81               	incf	1,f
  8961     0407  2C22               	goto	l1926
  8962     0408                     l4946:
  8963                           
  8964                           ;/Applications/microchip/xc8/v3.10/pic/sources/c99/common/doprnt.c: 1811:     fputc((int
      +                          )(*fmt)[0], fp);
  8965     0408  0841               	movf	vfpfcnvrt@fmt,w
  8966     0409  0086               	movwf	6
  8967     040A  0187               	clrf	7
  8968     040B  3F40               	moviw [0]fsr1
  8969     040C  00C3               	movwf	??_vfpfcnvrt
  8970     040D  3F41               	moviw [1]fsr1
  8971     040E  00C4               	movwf	??_vfpfcnvrt+1
  8972     040F  0843               	movf	??_vfpfcnvrt,w
  8973     0410  0084               	movwf	4
  8974     0411  0844               	movf	??_vfpfcnvrt+1,w
  8975     0412  0085               	movwf	5
  8976     0413  0800               	movf	0,w	;code access
  8977     0414  00C5               	movwf	??_vfpfcnvrt+2
  8978     0415  01C6               	clrf	??_vfpfcnvrt+3
  8979     0416  0845               	movf	??_vfpfcnvrt+2,w
  8980     0417  00F2               	movwf	fputc@c
  8981     0418  0846               	movf	??_vfpfcnvrt+3,w
  8982     0419  00F3               	movwf	fputc@c+1
  8983     041A  0840               	movf	vfpfcnvrt@fp+1,w
  8984     041B  00F5               	movwf	fputc@fp+1
  8985     041C  083F               	movf	vfpfcnvrt@fp,w
  8986     041D  00F4               	movwf	fputc@fp
  8987     041E  3186  26B9  3183   	fcall	_fputc
  8988     0421  2BFE               	goto	l4942
  8989     0422                     l1926:
  8990     0422  0008               	return
  8991     0423                     __end_of_vfpfcnvrt:
  8992                           
  8993                           	psect	text4
  8994     0602                     __ptext4:	
  8995 ;; *************** function _read_prec_or_width *****************
  8996 ;; Defined at:
  8997 ;;		line 1158 in file "/Applications/microchip/xc8/v3.10/pic/sources/c99/common/doprnt.c"
  8998 ;; Parameters:    Size  Location     Type
  8999 ;;  fmt             1    8[COMMON] PTR PTR const unsigned c
  9000 ;;		 -> vfprintf@cfmt(2), 
  9001 ;;  ap              1    9[COMMON] PTR PTR void [1]
  9002 ;;		 -> sprintf@ap(1), 
  9003 ;; Auto vars:     Size  Location     Type
  9004 ;;  c               1    3[BANK0 ] unsigned char 
  9005 ;;  n               2    4[BANK0 ] int 
  9006 ;; Return value:  Size  Location     Type
  9007 ;;                  2    8[COMMON] int 
  9008 ;; Registers used:
  9009 ;;		wreg, fsr0l, fsr0h, fsr1l, fsr1h, status,2, status,0, pclath, cstack
  9010 ;; Tracked objects:
  9011 ;;		On entry : 0/0
  9012 ;;		On exit  : 0/0
  9013 ;;		Unchanged: 0/0
  9014 ;; Data sizes:     COMMON   BANK0   BANK1   BANK2   BANK3   BANK4   BANK5   BANK6   BANK7   BANK8   BANK9  BANK10  BANK1
      +1  BANK12
  9015 ;;      Params:         2       0       0       0       0       0       0       0       0       0       0       0       
      +0       0
  9016 ;;      Locals:         0       3       0       0       0       0       0       0       0       0       0       0       
      +0       0
  9017 ;;      Temps:          0       3       0       0       0       0       0       0       0       0       0       0       
      +0       0
  9018 ;;      Totals:         2       6       0       0       0       0       0       0       0       0       0       0       
      +0       0
  9019 ;;Total ram usage:        8 bytes
  9020 ;; Hardware stack levels used: 1
  9021 ;; Hardware stack levels required when called: 4
  9022 ;; This function calls:
  9023 ;;		___wmul
  9024 ;; This function is called by:
  9025 ;;		_vfpfcnvrt
  9026 ;; This function uses a non-reentrant model
  9027 ;;
  9028                           
  9029     0602                     _read_prec_or_width:	
  9030                           ;psect for function _read_prec_or_width
  9031                           
  9032     0602                     l3634:	
  9033                           ;incstack = 0
  9034                           ; Regs used in _read_prec_or_width: [wreg-fsr1h+status,2+status,0+pclath+cstack]
  9035                           
  9036                           
  9037                           ;/Applications/microchip/xc8/v3.10/pic/sources/c99/common/doprnt.c: 1159:     int n = 0;
  9038     0602  0020               	movlb	0	; select bank0
  9039     0603  01A4               	clrf	read_prec_or_width@n
  9040     0604  01A5               	clrf	read_prec_or_width@n+1
  9041     0605                     l3636:
  9042                           
  9043                           ;/Applications/microchip/xc8/v3.10/pic/sources/c99/common/doprnt.c: 1160:     if ((*fmt)
      +                          [0] == '*') {
  9044     0605  0878               	movf	read_prec_or_width@fmt,w
  9045     0606  0086               	movwf	6
  9046     0607  0187               	clrf	7
  9047     0608  3F40               	moviw [0]fsr1
  9048     0609  00A0               	movwf	??_read_prec_or_width
  9049     060A  3F41               	moviw [1]fsr1
  9050     060B  00A1               	movwf	??_read_prec_or_width+1
  9051     060C  0820               	movf	??_read_prec_or_width,w
  9052     060D  0084               	movwf	4
  9053     060E  0821               	movf	??_read_prec_or_width+1,w
  9054     060F  0085               	movwf	5
  9055     0610  0012               	moviw fsr0++
  9056     0611  3A2A               	xorlw	42
  9057     0612  1D03               	btfss	3,2
  9058     0613  2E15               	goto	u2321
  9059     0614  2E16               	goto	u2320
  9060     0615                     u2321:
  9061     0615  2E45               	goto	l3646
  9062     0616                     u2320:
  9063     0616                     l3638:
  9064                           
  9065                           ;/Applications/microchip/xc8/v3.10/pic/sources/c99/common/doprnt.c: 1161:         ++*fmt
      +                          ;
  9066     0616  0878               	movf	read_prec_or_width@fmt,w
  9067     0617  0086               	movwf	6
  9068     0618  0187               	clrf	7
  9069     0619  3001               	movlw	1
  9070     061A  0781               	addwf	1,f
  9071     061B  3141               	addfsr 1,1
  9072     061C  1803               	skipnc
  9073     061D  0A81               	incf	1,f
  9074     061E                     l3640:
  9075                           
  9076                           ;/Applications/microchip/xc8/v3.10/pic/sources/c99/common/doprnt.c: 1162:         n = (*
      +                          (int *)__va_arg(*(int **)*ap, (int)0));
  9077     061E  0879               	movf	read_prec_or_width@ap,w
  9078     061F  0086               	movwf	6
  9079     0620  0187               	clrf	7
  9080     0621  0801               	movf	1,w
  9081     0622  0084               	movwf	4
  9082     0623  0185               	clrf	5
  9083     0624  3002               	movlw	2
  9084     0625  0781               	addwf	1,f
  9085     0626  3F00               	moviw [0]fsr0
  9086     0627  00A4               	movwf	read_prec_or_width@n
  9087     0628  3F01               	moviw [1]fsr0
  9088     0629  00A5               	movwf	read_prec_or_width@n+1
  9089                           
  9090                           ;/Applications/microchip/xc8/v3.10/pic/sources/c99/common/doprnt.c: 1163:     } else {
  9091     062A  2E59               	goto	l3648
  9092     062B                     l3642:
  9093                           
  9094                           ;/Applications/microchip/xc8/v3.10/pic/sources/c99/common/doprnt.c: 1166:             n 
      +                          = n * 10 + c;
  9095     062B  0825               	movf	read_prec_or_width@n+1,w
  9096     062C  00F3               	movwf	___wmul@multiplier+1
  9097     062D  0824               	movf	read_prec_or_width@n,w
  9098     062E  00F2               	movwf	___wmul@multiplier
  9099     062F  300A               	movlw	10
  9100     0630  00F4               	movwf	___wmul@multiplicand
  9101     0631  3000               	movlw	0
  9102     0632  00F5               	movwf	___wmul@multiplicand+1
  9103     0633  318F  2734  3186   	fcall	___wmul
  9104     0636  0020               	movlb	0	; select bank0
  9105     0637  0823               	movf	read_prec_or_width@c,w
  9106     0638  0772               	addwf	?___wmul,w
  9107     0639  00A4               	movwf	read_prec_or_width@n
  9108     063A  3000               	movlw	0
  9109     063B  3D73               	addwfc	?___wmul+1,w
  9110     063C  00A5               	movwf	read_prec_or_width@n+1
  9111     063D                     l3644:
  9112                           
  9113                           ;/Applications/microchip/xc8/v3.10/pic/sources/c99/common/doprnt.c: 1167:             ++
      +                          *fmt;
  9114     063D  0878               	movf	read_prec_or_width@fmt,w
  9115     063E  0086               	movwf	6
  9116     063F  0187               	clrf	7
  9117     0640  3001               	movlw	1
  9118     0641  0781               	addwf	1,f
  9119     0642  3141               	addfsr 1,1
  9120     0643  1803               	skipnc
  9121     0644  0A81               	incf	1,f
  9122     0645                     l3646:
  9123                           
  9124                           ;/Applications/microchip/xc8/v3.10/pic/sources/c99/common/doprnt.c: 1165:         while 
      +                          ((c = ((unsigned)(*fmt)[0]) - '0') < 10) {
  9125     0645  0878               	movf	read_prec_or_width@fmt,w
  9126     0646  0086               	movwf	6
  9127     0647  0187               	clrf	7
  9128     0648  3F40               	moviw [0]fsr1
  9129     0649  00A0               	movwf	??_read_prec_or_width
  9130     064A  3F41               	moviw [1]fsr1
  9131     064B  00A1               	movwf	??_read_prec_or_width+1
  9132     064C  0820               	movf	??_read_prec_or_width,w
  9133     064D  0084               	movwf	4
  9134     064E  0821               	movf	??_read_prec_or_width+1,w
  9135     064F  0085               	movwf	5
  9136     0650  0800               	movf	0,w	;code access
  9137     0651  3ED0               	addlw	208
  9138     0652  00A3               	movwf	read_prec_or_width@c
  9139     0653  300A               	movlw	10
  9140     0654  0223               	subwf	read_prec_or_width@c,w
  9141     0655  1C03               	skipc
  9142     0656  2E58               	goto	u2331
  9143     0657  2E59               	goto	u2330
  9144     0658                     u2331:
  9145     0658  2E2B               	goto	l3642
  9146     0659                     u2330:
  9147     0659                     l3648:
  9148                           
  9149                           ;/Applications/microchip/xc8/v3.10/pic/sources/c99/common/doprnt.c: 1170:     return n;
  9150     0659  0825               	movf	read_prec_or_width@n+1,w
  9151     065A  00F9               	movwf	?_read_prec_or_width+1
  9152     065B  0824               	movf	read_prec_or_width@n,w
  9153     065C  00F8               	movwf	?_read_prec_or_width
  9154     065D                     l1911:
  9155     065D  0008               	return
  9156     065E                     __end_of_read_prec_or_width:
  9157                           
  9158                           	psect	text5
  9159     0F34                     __ptext5:	
  9160 ;; *************** function ___wmul *****************
  9161 ;; Defined at:
  9162 ;;		line 15 in file "/Applications/microchip/xc8/v3.10/pic/sources/c99/common/Umul16.c"
  9163 ;; Parameters:    Size  Location     Type
  9164 ;;  multiplier      2    2[COMMON] unsigned int 
  9165 ;;  multiplicand    2    4[COMMON] unsigned int 
  9166 ;; Auto vars:     Size  Location     Type
  9167 ;;  product         2    6[COMMON] unsigned int 
  9168 ;; Return value:  Size  Location     Type
  9169 ;;                  2    2[COMMON] unsigned int 
  9170 ;; Registers used:
  9171 ;;		wreg, status,2, status,0
  9172 ;; Tracked objects:
  9173 ;;		On entry : 0/0
  9174 ;;		On exit  : 0/0
  9175 ;;		Unchanged: 0/0
  9176 ;; Data sizes:     COMMON   BANK0   BANK1   BANK2   BANK3   BANK4   BANK5   BANK6   BANK7   BANK8   BANK9  BANK10  BANK1
      +1  BANK12
  9177 ;;      Params:         4       0       0       0       0       0       0       0       0       0       0       0       
      +0       0
  9178 ;;      Locals:         2       0       0       0       0       0       0       0       0       0       0       0       
      +0       0
  9179 ;;      Temps:          0       0       0       0       0       0       0       0       0       0       0       0       
      +0       0
  9180 ;;      Totals:         6       0       0       0       0       0       0       0       0       0       0       0       
      +0       0
  9181 ;;Total ram usage:        6 bytes
  9182 ;; Hardware stack levels used: 1
  9183 ;; Hardware stack levels required when called: 3
  9184 ;; This function calls:
  9185 ;;		Nothing
  9186 ;; This function is called by:
  9187 ;;		_read_prec_or_width
  9188 ;; This function uses a non-reentrant model
  9189 ;;
  9190                           
  9191     0F34                     ___wmul:	
  9192                           ;psect for function ___wmul
  9193                           
  9194     0F34                     l3438:	
  9195                           ;incstack = 0
  9196                           ; Regs used in ___wmul: [wreg+status,2+status,0]
  9197                           
  9198     0F34  01F6               	clrf	___wmul@product
  9199     0F35  01F7               	clrf	___wmul@product+1
  9200     0F36                     l3440:
  9201     0F36  1C72               	btfss	___wmul@multiplier,0
  9202     0F37  2F39               	goto	u1851
  9203     0F38  2F3A               	goto	u1850
  9204     0F39                     u1851:
  9205     0F39  2F3E               	goto	l1399
  9206     0F3A                     u1850:
  9207     0F3A                     l3442:
  9208     0F3A  0874               	movf	___wmul@multiplicand,w
  9209     0F3B  07F6               	addwf	___wmul@product,f
  9210     0F3C  0875               	movf	___wmul@multiplicand+1,w
  9211     0F3D  3DF7               	addwfc	___wmul@product+1,f
  9212     0F3E                     l1399:
  9213     0F3E  3001               	movlw	1
  9214     0F3F                     u1865:
  9215     0F3F  35F4               	lslf	___wmul@multiplicand,f
  9216     0F40  0DF5               	rlf	___wmul@multiplicand+1,f
  9217     0F41  0B89               	decfsz	9,f
  9218     0F42  2F3F               	goto	u1865
  9219     0F43                     l3444:
  9220     0F43  3001               	movlw	1
  9221     0F44                     u1875:
  9222     0F44  36F3               	lsrf	___wmul@multiplier+1,f
  9223     0F45  0CF2               	rrf	___wmul@multiplier,f
  9224     0F46  0B89               	decfsz	9,f
  9225     0F47  2F44               	goto	u1875
  9226     0F48                     l3446:
  9227     0F48  0872               	movf	___wmul@multiplier,w
  9228     0F49  0473               	iorwf	___wmul@multiplier+1,w
  9229     0F4A  1D03               	btfss	3,2
  9230     0F4B  2F4D               	goto	u1881
  9231     0F4C  2F4E               	goto	u1880
  9232     0F4D                     u1881:
  9233     0F4D  2F36               	goto	l3440
  9234     0F4E                     u1880:
  9235     0F4E                     l3448:
  9236     0F4E  0877               	movf	___wmul@product+1,w
  9237     0F4F  00F3               	movwf	?___wmul+1
  9238     0F50  0876               	movf	___wmul@product,w
  9239     0F51  00F2               	movwf	?___wmul
  9240     0F52                     l1401:
  9241     0F52  0008               	return
  9242     0F53                     __end_of___wmul:
  9243                           
  9244                           	psect	text6
  9245     0423                     __ptext6:	
  9246 ;; *************** function _dtoa *****************
  9247 ;; Defined at:
  9248 ;;		line 513 in file "/Applications/microchip/xc8/v3.10/pic/sources/c99/common/doprnt.c"
  9249 ;; Parameters:    Size  Location     Type
  9250 ;;  fp              2   18[BANK0 ] PTR struct _IO_FILE
  9251 ;;		 -> sprintf@f(11), 
  9252 ;;  d               2   20[BANK0 ] int 
  9253 ;; Auto vars:     Size  Location     Type
  9254 ;;  i               2   29[BANK0 ] int 
  9255 ;;  w               2   26[BANK0 ] int 
  9256 ;;  s               1   28[BANK0 ] unsigned char 
  9257 ;;  p               1   25[BANK0 ] _Bool 
  9258 ;; Return value:  Size  Location     Type
  9259 ;;                  1    wreg      void 
  9260 ;; Registers used:
  9261 ;;		wreg, fsr0l, fsr0h, fsr1l, fsr1h, status,2, status,0, pclath, cstack
  9262 ;; Tracked objects:
  9263 ;;		On entry : 0/0
  9264 ;;		On exit  : 0/0
  9265 ;;		Unchanged: 0/0
  9266 ;; Data sizes:     COMMON   BANK0   BANK1   BANK2   BANK3   BANK4   BANK5   BANK6   BANK7   BANK8   BANK9  BANK10  BANK1
      +1  BANK12
  9267 ;;      Params:         0       4       0       0       0       0       0       0       0       0       0       0       
      +0       0
  9268 ;;      Locals:         0       8       0       0       0       0       0       0       0       0       0       0       
      +0       0
  9269 ;;      Temps:          0       1       0       0       0       0       0       0       0       0       0       0       
      +0       0
  9270 ;;      Totals:         0      13       0       0       0       0       0       0       0       0       0       0       
      +0       0
  9271 ;;Total ram usage:       13 bytes
  9272 ;; Hardware stack levels used: 1
  9273 ;; Hardware stack levels required when called: 6
  9274 ;; This function calls:
  9275 ;;		___awdiv
  9276 ;;		___awmod
  9277 ;;		_abs
  9278 ;;		_pad
  9279 ;; This function is called by:
  9280 ;;		_vfpfcnvrt
  9281 ;; This function uses a non-reentrant model
  9282 ;;
  9283                           
  9284     0423                     _dtoa:	
  9285                           ;psect for function _dtoa
  9286                           
  9287     0423                     l4818:	
  9288                           ;incstack = 0
  9289                           ; Regs used in _dtoa: [wreg-fsr1h+status,2+status,0+pclath+cstack]
  9290                           
  9291                           
  9292                           ;/Applications/microchip/xc8/v3.10/pic/sources/c99/common/doprnt.c: 513: static void dto
      +                          a(FILE *fp, vfpf_sint_t d);/Applications/microchip/xc8/v3.10/pic/sources/c99/common/dopr
      +                          nt.c: 514: {;/Applications/microchip/xc8/v3.10/pic/sources/c99/common/doprnt.c: 515:  ch
      +                          ar s;;/Applications/microchip/xc8/v3.10/pic/sources/c99/common/doprnt.c: 516:     int i,
      +                           w;;/Applications/microchip/xc8/v3.10/pic/sources/c99/common/doprnt.c: 520:  _Bool p = 1
      +                          ;
  9293     0423  3001               	movlw	1
  9294     0424  0020               	movlb	0	; select bank0
  9295     0425  00B9               	movwf	dtoa@p
  9296     0426                     l4820:
  9297                           
  9298                           ;/Applications/microchip/xc8/v3.10/pic/sources/c99/common/doprnt.c: 524:     s = d < 0 ?
      +                           1 : 0;
  9299     0426  1BB5               	btfsc	dtoa@d+1,7
  9300     0427  2C29               	goto	u3761
  9301     0428  2C2B               	goto	u3760
  9302     0429                     u3761:
  9303     0429  3001               	movlw	1
  9304     042A  2C2C               	goto	u3770
  9305     042B                     u3760:
  9306     042B  3000               	movlw	0
  9307     042C                     u3770:
  9308     042C  00BC               	movwf	dtoa@s
  9309                           
  9310                           ;/Applications/microchip/xc8/v3.10/pic/sources/c99/common/doprnt.c: 535:     w = width;
  9311     042D  0021               	movlb	1	; select bank1
  9312     042E  083E               	movf	(_width+1)^(0+128),w
  9313     042F  0020               	movlb	0	; select bank0
  9314     0430  00BB               	movwf	dtoa@w+1
  9315     0431  0021               	movlb	1	; select bank1
  9316     0432  083D               	movf	_width^(0+128),w
  9317     0433  0020               	movlb	0	; select bank0
  9318     0434  00BA               	movwf	dtoa@w
  9319     0435                     l4822:
  9320                           
  9321                           ;/Applications/microchip/xc8/v3.10/pic/sources/c99/common/doprnt.c: 536:     if (s
  9322     0435  083C               	movf	dtoa@s,w
  9323     0436  1903               	btfsc	3,2
  9324     0437  2C39               	goto	u3781
  9325     0438  2C3A               	goto	u3780
  9326     0439                     u3781:
  9327     0439  2C4E               	goto	l1890
  9328     043A                     u3780:
  9329     043A                     l4824:
  9330                           
  9331                           ;/Applications/microchip/xc8/v3.10/pic/sources/c99/common/doprnt.c: 540:     ) {;/Applic
      +                          ations/microchip/xc8/v3.10/pic/sources/c99/common/doprnt.c: 541:         --w;
  9332     043A  30FF               	movlw	255
  9333     043B  07BA               	addwf	dtoa@w,f
  9334     043C  30FF               	movlw	255
  9335     043D  3DBB               	addwfc	dtoa@w+1,f
  9336     043E                     l4826:
  9337                           
  9338                           ;/Applications/microchip/xc8/v3.10/pic/sources/c99/common/doprnt.c: 542:   s = s ? '-' :
      +                           '+';
  9339     043E  083C               	movf	dtoa@s,w
  9340     043F  1D03               	btfss	3,2
  9341     0440  2C42               	goto	u3791
  9342     0441  2C43               	goto	u3790
  9343     0442                     u3791:
  9344     0442  2C48               	goto	l4830
  9345     0443                     u3790:
  9346     0443                     l4828:
  9347     0443  302B               	movlw	43
  9348     0444  00B7               	movwf	_dtoa$2905
  9349     0445  3000               	movlw	0
  9350     0446  00B8               	movwf	_dtoa$2905+1
  9351     0447  2C4C               	goto	l1894
  9352     0448                     l4830:
  9353     0448  302D               	movlw	45
  9354     0449  00B7               	movwf	_dtoa$2905
  9355     044A  3000               	movlw	0
  9356     044B  00B8               	movwf	_dtoa$2905+1
  9357     044C                     l1894:
  9358     044C  0837               	movf	_dtoa$2905,w
  9359     044D  00BC               	movwf	dtoa@s
  9360     044E                     l1890:	
  9361                           ;/Applications/microchip/xc8/v3.10/pic/sources/c99/common/doprnt.c: 543:     }
  9362                           
  9363                           
  9364                           ;/Applications/microchip/xc8/v3.10/pic/sources/c99/common/doprnt.c: 552:     i = sizeof(
      +                          dbuf) - 1;
  9365     044E  301F               	movlw	31
  9366     044F  00BD               	movwf	dtoa@i
  9367     0450  3000               	movlw	0
  9368     0451  00BE               	movwf	dtoa@i+1
  9369     0452                     l4832:
  9370                           
  9371                           ;/Applications/microchip/xc8/v3.10/pic/sources/c99/common/doprnt.c: 553:     dbuf[i] = '
      +                          \0';
  9372     0452  0022               	movlb	2	; select bank2
  9373     0453  01BF               	clrf	(_dbuf^(0+256)+31)
  9374                           
  9375                           ;/Applications/microchip/xc8/v3.10/pic/sources/c99/common/doprnt.c: 554:     while (!(i 
      +                          < 1) && (d != 0
  9376     0454  2C89               	goto	l4844
  9377     0455                     l4834:
  9378                           
  9379                           ;/Applications/microchip/xc8/v3.10/pic/sources/c99/common/doprnt.c: 563:     )) {;/Appli
      +                          cations/microchip/xc8/v3.10/pic/sources/c99/common/doprnt.c: 564:         --i;
  9380     0455  30FF               	movlw	255
  9381     0456  07BD               	addwf	dtoa@i,f
  9382     0457  30FF               	movlw	255
  9383     0458  3DBE               	addwfc	dtoa@i+1,f
  9384     0459                     l4836:
  9385                           
  9386                           ;/Applications/microchip/xc8/v3.10/pic/sources/c99/common/doprnt.c: 565:         dbuf[i]
      +                           = (char)((int)'0' + abs(d % 10));
  9387     0459  083D               	movf	dtoa@i,w
  9388     045A  3E20               	addlw	(low (_dbuf| (0+256)))& (0+255)
  9389     045B  0086               	movwf	6
  9390     045C  3001               	movlw	1	; select bank2/3
  9391     045D  0087               	movwf	7
  9392     045E  300A               	movlw	10
  9393     045F  00F2               	movwf	___awmod@divisor
  9394     0460  3000               	movlw	0
  9395     0461  00F3               	movwf	___awmod@divisor+1
  9396     0462  0835               	movf	dtoa@d+1,w
  9397     0463  00F5               	movwf	___awmod@dividend+1
  9398     0464  0834               	movf	dtoa@d,w
  9399     0465  00F4               	movwf	___awmod@dividend
  9400     0466  3187  2712  3184   	fcall	___awmod
  9401     0469  0873               	movf	?___awmod+1,w
  9402     046A  00F9               	movwf	abs@a+1
  9403     046B  0872               	movf	?___awmod,w
  9404     046C  00F8               	movwf	abs@a
  9405     046D  318E  2640  3184   	fcall	_abs
  9406     0470  0878               	movf	?_abs,w
  9407     0471  3E30               	addlw	48
  9408     0472  0081               	movwf	1
  9409     0473                     l4838:
  9410                           
  9411                           ;/Applications/microchip/xc8/v3.10/pic/sources/c99/common/doprnt.c: 569:   p = 0;
  9412     0473  0020               	movlb	0	; select bank0
  9413     0474  01B9               	clrf	dtoa@p
  9414     0475                     l4840:
  9415                           
  9416                           ;/Applications/microchip/xc8/v3.10/pic/sources/c99/common/doprnt.c: 571:         --w;
  9417     0475  30FF               	movlw	255
  9418     0476  07BA               	addwf	dtoa@w,f
  9419     0477  30FF               	movlw	255
  9420     0478  3DBB               	addwfc	dtoa@w+1,f
  9421     0479                     l4842:
  9422                           
  9423                           ;/Applications/microchip/xc8/v3.10/pic/sources/c99/common/doprnt.c: 572:         d = d /
      +                           10;
  9424     0479  300A               	movlw	10
  9425     047A  00F2               	movwf	___awdiv@divisor
  9426     047B  3000               	movlw	0
  9427     047C  00F3               	movwf	___awdiv@divisor+1
  9428     047D  0835               	movf	dtoa@d+1,w
  9429     047E  00F5               	movwf	___awdiv@dividend+1
  9430     047F  0834               	movf	dtoa@d,w
  9431     0480  00F4               	movwf	___awdiv@dividend
  9432     0481  3186  265E  3184   	fcall	___awdiv
  9433     0484  0873               	movf	?___awdiv+1,w
  9434     0485  0020               	movlb	0	; select bank0
  9435     0486  00B5               	movwf	dtoa@d+1
  9436     0487  0872               	movf	?___awdiv,w
  9437     0488  00B4               	movwf	dtoa@d
  9438     0489                     l4844:
  9439                           
  9440                           ;/Applications/microchip/xc8/v3.10/pic/sources/c99/common/doprnt.c: 554:     while (!(i 
      +                          < 1) && (d != 0
  9441     0489  0020               	movlb	0	; select bank0
  9442     048A  083E               	movf	dtoa@i+1,w
  9443     048B  3A80               	xorlw	128
  9444     048C  00B6               	movwf	??_dtoa
  9445     048D  3080               	movlw	128
  9446     048E  0236               	subwf	??_dtoa,w
  9447     048F  1D03               	skipz
  9448     0490  2C93               	goto	u3805
  9449     0491  3001               	movlw	1
  9450     0492  023D               	subwf	dtoa@i,w
  9451     0493                     u3805:
  9452     0493  1C03               	skipc
  9453     0494  2C96               	goto	u3801
  9454     0495  2C97               	goto	u3800
  9455     0496                     u3801:
  9456     0496  2CB5               	goto	l4854
  9457     0497                     u3800:
  9458     0497                     l4846:
  9459     0497  0020               	movlb	0	; select bank0
  9460     0498  0834               	movf	dtoa@d,w
  9461     0499  0435               	iorwf	dtoa@d+1,w
  9462     049A  1D03               	btfss	3,2
  9463     049B  2C9D               	goto	u3811
  9464     049C  2C9E               	goto	u3810
  9465     049D                     u3811:
  9466     049D  2C55               	goto	l4834
  9467     049E                     u3810:
  9468     049E                     l4848:
  9469     049E  0839               	movf	dtoa@p,w
  9470     049F  1D03               	btfss	3,2
  9471     04A0  2CA2               	goto	u3821
  9472     04A1  2CA3               	goto	u3820
  9473     04A2                     u3821:
  9474     04A2  2C55               	goto	l4834
  9475     04A3                     u3820:
  9476     04A3                     l4850:
  9477     04A3  083B               	movf	dtoa@w+1,w
  9478     04A4  3A80               	xorlw	128
  9479     04A5  00B6               	movwf	??_dtoa
  9480     04A6  3080               	movlw	128
  9481     04A7  0236               	subwf	??_dtoa,w
  9482     04A8  1D03               	skipz
  9483     04A9  2CAC               	goto	u3835
  9484     04AA  3001               	movlw	1
  9485     04AB  023A               	subwf	dtoa@w,w
  9486     04AC                     u3835:
  9487     04AC  1C03               	skipc
  9488     04AD  2CAF               	goto	u3831
  9489     04AE  2CB0               	goto	u3830
  9490     04AF                     u3831:
  9491     04AF  2CB5               	goto	l4854
  9492     04B0                     u3830:
  9493     04B0                     l4852:
  9494     04B0  0020               	movlb	0	; select bank0
  9495     04B1  18EB               	btfsc	_flags,1
  9496     04B2  2CB4               	goto	u3841
  9497     04B3  2CB5               	goto	u3840
  9498     04B4                     u3841:
  9499     04B4  2C55               	goto	l4834
  9500     04B5                     u3840:
  9501     04B5                     l4854:
  9502                           
  9503                           ;/Applications/microchip/xc8/v3.10/pic/sources/c99/common/doprnt.c: 576:     if (s != 0)
      +                           {
  9504     04B5  0020               	movlb	0	; select bank0
  9505     04B6  083C               	movf	dtoa@s,w
  9506     04B7  1903               	btfsc	3,2
  9507     04B8  2CBA               	goto	u3851
  9508     04B9  2CBB               	goto	u3850
  9509     04BA                     u3851:
  9510     04BA  2CC6               	goto	l4860
  9511     04BB                     u3850:
  9512     04BB                     l4856:
  9513                           
  9514                           ;/Applications/microchip/xc8/v3.10/pic/sources/c99/common/doprnt.c: 577:         --i;
  9515     04BB  30FF               	movlw	255
  9516     04BC  07BD               	addwf	dtoa@i,f
  9517     04BD  30FF               	movlw	255
  9518     04BE  3DBE               	addwfc	dtoa@i+1,f
  9519     04BF                     l4858:
  9520                           
  9521                           ;/Applications/microchip/xc8/v3.10/pic/sources/c99/common/doprnt.c: 578:         dbuf[i]
      +                           = s;
  9522     04BF  083D               	movf	dtoa@i,w
  9523     04C0  3E20               	addlw	(low (_dbuf| (0+256)))& (0+255)
  9524     04C1  0086               	movwf	6
  9525     04C2  3001               	movlw	1	; select bank2/3
  9526     04C3  0087               	movwf	7
  9527     04C4  083C               	movf	dtoa@s,w
  9528     04C5  0081               	movwf	1
  9529     04C6                     l4860:
  9530                           
  9531                           ;/Applications/microchip/xc8/v3.10/pic/sources/c99/common/doprnt.c: 582:     return (voi
      +                          d) pad(fp, &dbuf[i], w);
  9532     04C6  0833               	movf	dtoa@fp+1,w
  9533     04C7  00AC               	movwf	pad@fp+1
  9534     04C8  0832               	movf	dtoa@fp,w
  9535     04C9  00AB               	movwf	pad@fp
  9536     04CA  083D               	movf	dtoa@i,w
  9537     04CB  3E20               	addlw	(low (_dbuf| (0+256)))& (0+255)
  9538     04CC  00AD               	movwf	pad@buf
  9539     04CD  083B               	movf	dtoa@w+1,w
  9540     04CE  00AF               	movwf	pad@p+1
  9541     04CF  083A               	movf	dtoa@w,w
  9542     04D0  00AE               	movwf	pad@p
  9543     04D1  318F  27BA  3184   	fcall	_pad
  9544     04D4                     l1903:
  9545     04D4  0008               	return
  9546     04D5                     __end_of_dtoa:
  9547                           
  9548                           	psect	text7
  9549     0FBA                     __ptext7:	
  9550 ;; *************** function _pad *****************
  9551 ;; Defined at:
  9552 ;;		line 193 in file "/Applications/microchip/xc8/v3.10/pic/sources/c99/common/doprnt.c"
  9553 ;; Parameters:    Size  Location     Type
  9554 ;;  fp              2   11[BANK0 ] PTR struct _IO_FILE
  9555 ;;		 -> sprintf@f(11), 
  9556 ;;  buf             1   13[BANK0 ] PTR unsigned char 
  9557 ;;		 -> dbuf(32), 
  9558 ;;  p               2   14[BANK0 ] int 
  9559 ;; Auto vars:     Size  Location     Type
  9560 ;;  i               2   16[BANK0 ] int 
  9561 ;; Return value:  Size  Location     Type
  9562 ;;                  1    wreg      void 
  9563 ;; Registers used:
  9564 ;;		wreg, fsr0l, fsr0h, fsr1l, fsr1h, status,2, status,0, pclath, cstack
  9565 ;; Tracked objects:
  9566 ;;		On entry : 0/0
  9567 ;;		On exit  : 0/0
  9568 ;;		Unchanged: 0/0
  9569 ;; Data sizes:     COMMON   BANK0   BANK1   BANK2   BANK3   BANK4   BANK5   BANK6   BANK7   BANK8   BANK9  BANK10  BANK1
      +1  BANK12
  9570 ;;      Params:         0       5       0       0       0       0       0       0       0       0       0       0       
      +0       0
  9571 ;;      Locals:         0       2       0       0       0       0       0       0       0       0       0       0       
      +0       0
  9572 ;;      Temps:          1       0       0       0       0       0       0       0       0       0       0       0       
      +0       0
  9573 ;;      Totals:         1       7       0       0       0       0       0       0       0       0       0       0       
      +0       0
  9574 ;;Total ram usage:        8 bytes
  9575 ;; Hardware stack levels used: 1
  9576 ;; Hardware stack levels required when called: 5
  9577 ;; This function calls:
  9578 ;;		_fputc
  9579 ;;		_fputs
  9580 ;; This function is called by:
  9581 ;;		_dtoa
  9582 ;; This function uses a non-reentrant model
  9583 ;;
  9584                           
  9585     0FBA                     _pad:	
  9586                           ;psect for function _pad
  9587                           
  9588     0FBA                     l4764:	
  9589                           ;incstack = 0
  9590                           ; Regs used in _pad: [wreg-fsr1h+status,2+status,0+pclath+cstack]
  9591                           
  9592                           
  9593                           ;/Applications/microchip/xc8/v3.10/pic/sources/c99/common/doprnt.c: 193: static void pad
      +                          (FILE *fp, char *buf, int p);/Applications/microchip/xc8/v3.10/pic/sources/c99/common/do
      +                          prnt.c: 194: {;/Applications/microchip/xc8/v3.10/pic/sources/c99/common/doprnt.c: 195:  
      +                             int i;;/Applications/microchip/xc8/v3.10/pic/sources/c99/common/doprnt.c: 199:     if
      +                           (flags & (1 << 0)) {
  9594     0FBA  0020               	movlb	0	; select bank0
  9595     0FBB  1C6B               	btfss	_flags,0
  9596     0FBC  2FBE               	goto	u3621
  9597     0FBD  2FBF               	goto	u3620
  9598     0FBE                     u3621:
  9599     0FBE  2FC8               	goto	l4768
  9600     0FBF                     u3620:
  9601     0FBF                     l4766:
  9602                           
  9603                           ;/Applications/microchip/xc8/v3.10/pic/sources/c99/common/doprnt.c: 200:         fputs((
      +                          const char *)buf, fp);
  9604     0FBF  082D               	movf	pad@buf,w
  9605     0FC0  00A5               	movwf	fputs@s
  9606     0FC1  082C               	movf	pad@fp+1,w
  9607     0FC2  00A7               	movwf	fputs@fp+1
  9608     0FC3  082B               	movf	pad@fp,w
  9609     0FC4  00A6               	movwf	fputs@fp
  9610     0FC5  318F  2753  318F   	fcall	_fputs
  9611     0FC8                     l4768:
  9612                           
  9613                           ;/Applications/microchip/xc8/v3.10/pic/sources/c99/common/doprnt.c: 205:  if (p < 0) {
  9614     0FC8  0020               	movlb	0	; select bank0
  9615     0FC9  1FAF               	btfss	pad@p+1,7
  9616     0FCA  2FCC               	goto	u3631
  9617     0FCB  2FCD               	goto	u3630
  9618     0FCC                     u3631:
  9619     0FCC  2FCF               	goto	l1882
  9620     0FCD                     u3630:
  9621     0FCD                     l4770:
  9622                           
  9623                           ;/Applications/microchip/xc8/v3.10/pic/sources/c99/common/doprnt.c: 206:   p = 0;
  9624     0FCD  01AE               	clrf	pad@p
  9625     0FCE  01AF               	clrf	pad@p+1
  9626     0FCF                     l1882:	
  9627                           ;/Applications/microchip/xc8/v3.10/pic/sources/c99/common/doprnt.c: 207:  }
  9628                           
  9629                           
  9630                           ;/Applications/microchip/xc8/v3.10/pic/sources/c99/common/doprnt.c: 208:     i = 0;
  9631     0FCF  01B0               	clrf	pad@i
  9632     0FD0  01B1               	clrf	pad@i+1
  9633                           
  9634                           ;/Applications/microchip/xc8/v3.10/pic/sources/c99/common/doprnt.c: 209:     while (i < 
      +                          p) {
  9635     0FD1  2FE3               	goto	l4776
  9636     0FD2                     l4772:
  9637                           
  9638                           ;/Applications/microchip/xc8/v3.10/pic/sources/c99/common/doprnt.c: 210:         fputc('
      +                           ', fp);
  9639     0FD2  3020               	movlw	32
  9640     0FD3  00F2               	movwf	fputc@c
  9641     0FD4  3000               	movlw	0
  9642     0FD5  00F3               	movwf	fputc@c+1
  9643     0FD6  0020               	movlb	0	; select bank0
  9644     0FD7  082C               	movf	pad@fp+1,w
  9645     0FD8  00F5               	movwf	fputc@fp+1
  9646     0FD9  082B               	movf	pad@fp,w
  9647     0FDA  00F4               	movwf	fputc@fp
  9648     0FDB  3186  26B9  318F   	fcall	_fputc
  9649     0FDE                     l4774:
  9650                           
  9651                           ;/Applications/microchip/xc8/v3.10/pic/sources/c99/common/doprnt.c: 211:         ++i;
  9652     0FDE  3001               	movlw	1
  9653     0FDF  0020               	movlb	0	; select bank0
  9654     0FE0  07B0               	addwf	pad@i,f
  9655     0FE1  3000               	movlw	0
  9656     0FE2  3DB1               	addwfc	pad@i+1,f
  9657     0FE3                     l4776:
  9658                           
  9659                           ;/Applications/microchip/xc8/v3.10/pic/sources/c99/common/doprnt.c: 209:     while (i < 
      +                          p) {
  9660     0FE3  0831               	movf	pad@i+1,w
  9661     0FE4  3A80               	xorlw	128
  9662     0FE5  00F8               	movwf	??_pad
  9663     0FE6  082F               	movf	pad@p+1,w
  9664     0FE7  3A80               	xorlw	128
  9665     0FE8  0278               	subwf	??_pad,w
  9666     0FE9  1D03               	skipz
  9667     0FEA  2FED               	goto	u3645
  9668     0FEB  082E               	movf	pad@p,w
  9669     0FEC  0230               	subwf	pad@i,w
  9670     0FED                     u3645:
  9671     0FED  1C03               	skipc
  9672     0FEE  2FF0               	goto	u3641
  9673     0FEF  2FF1               	goto	u3640
  9674     0FF0                     u3641:
  9675     0FF0  2FD2               	goto	l4772
  9676     0FF1                     u3640:
  9677     0FF1                     l1885:
  9678                           
  9679                           ;/Applications/microchip/xc8/v3.10/pic/sources/c99/common/doprnt.c: 216:     if (!(flags
      +                           & (1 << 0))) {
  9680     0FF1  0020               	movlb	0	; select bank0
  9681     0FF2  186B               	btfsc	_flags,0
  9682     0FF3  2FF5               	goto	u3651
  9683     0FF4  2FF6               	goto	u3650
  9684     0FF5                     u3651:
  9685     0FF5  2FFF               	goto	l1887
  9686     0FF6                     u3650:
  9687     0FF6                     l4778:
  9688                           
  9689                           ;/Applications/microchip/xc8/v3.10/pic/sources/c99/common/doprnt.c: 218:         fputs((
      +                          const char *)buf, fp);
  9690     0FF6  082D               	movf	pad@buf,w
  9691     0FF7  00A5               	movwf	fputs@s
  9692     0FF8  082C               	movf	pad@fp+1,w
  9693     0FF9  00A7               	movwf	fputs@fp+1
  9694     0FFA  082B               	movf	pad@fp,w
  9695     0FFB  00A6               	movwf	fputs@fp
  9696     0FFC  318F  2753  318F   	fcall	_fputs
  9697     0FFF                     l1887:
  9698     0FFF  0008               	return
  9699     1000                     __end_of_pad:
  9700                           
  9701                           	psect	text8
  9702     0F53                     __ptext8:	
  9703 ;; *************** function _fputs *****************
  9704 ;; Defined at:
  9705 ;;		line 8 in file "/Applications/microchip/xc8/v3.10/pic/sources/c99/common/nf_fputs.c"
  9706 ;; Parameters:    Size  Location     Type
  9707 ;;  s               1    5[BANK0 ] PTR const unsigned char 
  9708 ;;		 -> dbuf(32), 
  9709 ;;  fp              2    6[BANK0 ] PTR struct _IO_FILE
  9710 ;;		 -> sprintf@f(11), 
  9711 ;; Auto vars:     Size  Location     Type
  9712 ;;  i               2    9[BANK0 ] int 
  9713 ;;  c               1    8[BANK0 ] unsigned char 
  9714 ;; Return value:  Size  Location     Type
  9715 ;;                  2    5[BANK0 ] int 
  9716 ;; Registers used:
  9717 ;;		wreg, fsr0l, fsr0h, fsr1l, fsr1h, status,2, status,0, pclath, cstack
  9718 ;; Tracked objects:
  9719 ;;		On entry : 0/0
  9720 ;;		On exit  : 0/0
  9721 ;;		Unchanged: 0/0
  9722 ;; Data sizes:     COMMON   BANK0   BANK1   BANK2   BANK3   BANK4   BANK5   BANK6   BANK7   BANK8   BANK9  BANK10  BANK1
      +1  BANK12
  9723 ;;      Params:         0       3       0       0       0       0       0       0       0       0       0       0       
      +0       0
  9724 ;;      Locals:         0       3       0       0       0       0       0       0       0       0       0       0       
      +0       0
  9725 ;;      Temps:          2       0       0       0       0       0       0       0       0       0       0       0       
      +0       0
  9726 ;;      Totals:         2       6       0       0       0       0       0       0       0       0       0       0       
      +0       0
  9727 ;;Total ram usage:        8 bytes
  9728 ;; Hardware stack levels used: 1
  9729 ;; Hardware stack levels required when called: 4
  9730 ;; This function calls:
  9731 ;;		_fputc
  9732 ;; This function is called by:
  9733 ;;		_pad
  9734 ;; This function uses a non-reentrant model
  9735 ;;
  9736                           
  9737     0F53                     _fputs:	
  9738                           ;psect for function _fputs
  9739                           
  9740     0F53                     l4756:	
  9741                           ;incstack = 0
  9742                           ; Regs used in _fputs: [wreg-fsr1h+status,2+status,0+pclath+cstack]
  9743                           
  9744     0F53  0020               	movlb	0	; select bank0
  9745     0F54  01A9               	clrf	fputs@i
  9746     0F55  01AA               	clrf	fputs@i+1
  9747     0F56  2F6A               	goto	l4762
  9748     0F57                     l4758:
  9749     0F57  0828               	movf	fputs@c,w
  9750     0F58  00F6               	movwf	??_fputs
  9751     0F59  01F7               	clrf	??_fputs+1
  9752     0F5A  0876               	movf	??_fputs,w
  9753     0F5B  00F2               	movwf	fputc@c
  9754     0F5C  0877               	movf	??_fputs+1,w
  9755     0F5D  00F3               	movwf	fputc@c+1
  9756     0F5E  0827               	movf	fputs@fp+1,w
  9757     0F5F  00F5               	movwf	fputc@fp+1
  9758     0F60  0826               	movf	fputs@fp,w
  9759     0F61  00F4               	movwf	fputc@fp
  9760     0F62  3186  26B9  318F   	fcall	_fputc
  9761     0F65                     l4760:
  9762     0F65  3001               	movlw	1
  9763     0F66  0020               	movlb	0	; select bank0
  9764     0F67  07A9               	addwf	fputs@i,f
  9765     0F68  3000               	movlw	0
  9766     0F69  3DAA               	addwfc	fputs@i+1,f
  9767     0F6A                     l4762:
  9768     0F6A  0825               	movf	fputs@s,w
  9769     0F6B  0729               	addwf	fputs@i,w
  9770     0F6C  0086               	movwf	6
  9771     0F6D  3001               	movlw	1	; select bank2/3
  9772     0F6E  0087               	movwf	7
  9773     0F6F  0801               	movf	1,w
  9774     0F70  00A8               	movwf	fputs@c
  9775     0F71  0828               	movf	fputs@c,w
  9776     0F72  1D03               	btfss	3,2
  9777     0F73  2F75               	goto	u3611
  9778     0F74  2F76               	goto	u3610
  9779     0F75                     u3611:
  9780     0F75  2F57               	goto	l4758
  9781     0F76                     u3610:
  9782     0F76                     l1959:
  9783     0F76  0008               	return
  9784     0F77                     __end_of_fputs:
  9785                           
  9786                           	psect	text9
  9787     06B9                     __ptext9:	
  9788 ;; *************** function _fputc *****************
  9789 ;; Defined at:
  9790 ;;		line 8 in file "/Applications/microchip/xc8/v3.10/pic/sources/c99/common/nf_fputc.c"
  9791 ;; Parameters:    Size  Location     Type
  9792 ;;  c               2    2[COMMON] int 
  9793 ;;  fp              2    4[COMMON] PTR struct _IO_FILE
  9794 ;;		 -> sprintf@f(11), 
  9795 ;; Auto vars:     Size  Location     Type
  9796 ;;		None
  9797 ;; Return value:  Size  Location     Type
  9798 ;;                  2    2[COMMON] int 
  9799 ;; Registers used:
  9800 ;;		wreg, fsr0l, fsr0h, fsr1l, fsr1h, status,2, status,0, pclath, cstack
  9801 ;; Tracked objects:
  9802 ;;		On entry : 0/0
  9803 ;;		On exit  : 0/0
  9804 ;;		Unchanged: 0/0
  9805 ;; Data sizes:     COMMON   BANK0   BANK1   BANK2   BANK3   BANK4   BANK5   BANK6   BANK7   BANK8   BANK9  BANK10  BANK1
      +1  BANK12
  9806 ;;      Params:         4       0       0       0       0       0       0       0       0       0       0       0       
      +0       0
  9807 ;;      Locals:         0       0       0       0       0       0       0       0       0       0       0       0       
      +0       0
  9808 ;;      Temps:          0       5       0       0       0       0       0       0       0       0       0       0       
      +0       0
  9809 ;;      Totals:         4       5       0       0       0       0       0       0       0       0       0       0       
      +0       0
  9810 ;;Total ram usage:        9 bytes
  9811 ;; Hardware stack levels used: 1
  9812 ;; Hardware stack levels required when called: 3
  9813 ;; This function calls:
  9814 ;;		_putch
  9815 ;; This function is called by:
  9816 ;;		_pad
  9817 ;;		_vfpfcnvrt
  9818 ;;		_fputs
  9819 ;; This function uses a non-reentrant model
  9820 ;;
  9821                           
  9822     06B9                     _fputc:	
  9823                           ;psect for function _fputc
  9824                           
  9825     06B9                     l4740:	
  9826                           ;incstack = 0
  9827                           ; Regs used in _fputc: [wreg-fsr1h+status,2+status,0+pclath+cstack]
  9828                           
  9829     06B9  0874               	movf	fputc@fp,w
  9830     06BA  0475               	iorwf	fputc@fp+1,w
  9831     06BB  1903               	btfsc	3,2
  9832     06BC  2EBE               	goto	u3571
  9833     06BD  2EBF               	goto	u3570
  9834     06BE                     u3571:
  9835     06BE  2EC5               	goto	l4744
  9836     06BF                     u3570:
  9837     06BF                     l4742:
  9838     06BF  0874               	movf	fputc@fp,w
  9839     06C0  0475               	iorwf	fputc@fp+1,w
  9840     06C1  1D03               	btfss	3,2
  9841     06C2  2EC4               	goto	u3581
  9842     06C3  2EC5               	goto	u3580
  9843     06C4                     u3581:
  9844     06C4  2ECA               	goto	l4746
  9845     06C5                     u3580:
  9846     06C5                     l4744:
  9847     06C5  0872               	movf	fputc@c,w
  9848     06C6  3180  2003  3186   	fcall	_putch
  9849     06C9  2F11               	goto	l1951
  9850     06CA                     l4746:
  9851     06CA  0874               	movf	fputc@fp,w
  9852     06CB  0086               	movwf	6
  9853     06CC  0187               	clrf	7
  9854     06CD  3149               	addfsr 1,9
  9855     06CE  0016               	moviw fsr1++
  9856     06CF  0401               	iorwf	1,w
  9857     06D0  1903               	btfsc	3,2
  9858     06D1  2ED3               	goto	u3591
  9859     06D2  2ED4               	goto	u3590
  9860     06D3                     u3591:
  9861     06D3  2EF3               	goto	l4750
  9862     06D4                     u3590:
  9863     06D4                     l4748:
  9864     06D4  0874               	movf	fputc@fp,w
  9865     06D5  0086               	movwf	6
  9866     06D6  0187               	clrf	7
  9867     06D7  3149               	addfsr 1,9
  9868     06D8  3F40               	moviw [0]fsr1
  9869     06D9  0020               	movlb	0	; select bank0
  9870     06DA  00A0               	movwf	??_fputc
  9871     06DB  3F41               	moviw [1]fsr1
  9872     06DC  00A1               	movwf	??_fputc+1
  9873     06DD  0874               	movf	fputc@fp,w
  9874     06DE  0086               	movwf	6
  9875     06DF  0187               	clrf	7
  9876     06E0  3142               	addfsr 1,2
  9877     06E1  3F40               	moviw [0]fsr1
  9878     06E2  00A2               	movwf	??_fputc+2
  9879     06E3  3F41               	moviw [1]fsr1
  9880     06E4  00A3               	movwf	??_fputc+3
  9881     06E5  0823               	movf	??_fputc+3,w
  9882     06E6  3A80               	xorlw	128
  9883     06E7  00A4               	movwf	??_fputc+4
  9884     06E8  0821               	movf	??_fputc+1,w
  9885     06E9  3A80               	xorlw	128
  9886     06EA  0224               	subwf	??_fputc+4,w
  9887     06EB  1D03               	skipz
  9888     06EC  2EEF               	goto	u3605
  9889     06ED  0820               	movf	??_fputc,w
  9890     06EE  0222               	subwf	??_fputc+2,w
  9891     06EF                     u3605:
  9892     06EF  1803               	skipnc
  9893     06F0  2EF2               	goto	u3601
  9894     06F1  2EF3               	goto	u3600
  9895     06F2                     u3601:
  9896     06F2  2F11               	goto	l1951
  9897     06F3                     u3600:
  9898     06F3                     l4750:
  9899     06F3  0874               	movf	fputc@fp,w
  9900     06F4  0086               	movwf	6
  9901     06F5  0187               	clrf	7
  9902     06F6  3142               	addfsr 1,2
  9903     06F7  0874               	movf	fputc@fp,w
  9904     06F8  0084               	movwf	4
  9905     06F9  0875               	movf	fputc@fp+1,w
  9906     06FA  0085               	movwf	5
  9907     06FB  3F00               	moviw [0]fsr0
  9908     06FC  0020               	movlb	0	; select bank0
  9909     06FD  00A0               	movwf	??_fputc
  9910     06FE  3F01               	moviw [1]fsr0
  9911     06FF  00A1               	movwf	??_fputc+1
  9912     0700  3F40               	moviw [0]fsr1
  9913     0701  0720               	addwf	??_fputc,w
  9914     0702  0084               	movwf	4
  9915     0703  3F41               	moviw [1]fsr1
  9916     0704  3D21               	addwfc	??_fputc+1,w
  9917     0705  0085               	movwf	5
  9918     0706  0872               	movf	fputc@c,w
  9919     0707  0080               	movwf	0
  9920     0708                     l4752:
  9921     0708  0874               	movf	fputc@fp,w
  9922     0709  0086               	movwf	6
  9923     070A  0187               	clrf	7
  9924     070B  3142               	addfsr 1,2
  9925     070C  3001               	movlw	1
  9926     070D  0781               	addwf	1,f
  9927     070E  3141               	addfsr 1,1
  9928     070F  1803               	skipnc
  9929     0710  0A81               	incf	1,f
  9930     0711                     l1951:
  9931     0711  0008               	return
  9932     0712                     __end_of_fputc:
  9933                           
  9934                           	psect	text10
  9935     0003                     __ptext10:	
  9936 ;; *************** function _putch *****************
  9937 ;; Defined at:
  9938 ;;		line 7 in file "/Applications/microchip/xc8/v3.10/pic/sources/c99/common/putch.c"
  9939 ;; Parameters:    Size  Location     Type
  9940 ;;  c               1    wreg     unsigned char 
  9941 ;; Auto vars:     Size  Location     Type
  9942 ;;  c               1    0[COMMON] unsigned char 
  9943 ;; Return value:  Size  Location     Type
  9944 ;;                  1    wreg      void 
  9945 ;; Registers used:
  9946 ;;		wreg
  9947 ;; Tracked objects:
  9948 ;;		On entry : 0/0
  9949 ;;		On exit  : 0/0
  9950 ;;		Unchanged: 0/0
  9951 ;; Data sizes:     COMMON   BANK0   BANK1   BANK2   BANK3   BANK4   BANK5   BANK6   BANK7   BANK8   BANK9  BANK10  BANK1
      +1  BANK12
  9952 ;;      Params:         0       0       0       0       0       0       0       0       0       0       0       0       
      +0       0
  9953 ;;      Locals:         0       0       0       0       0       0       0       0       0       0       0       0       
      +0       0
  9954 ;;      Temps:          0       0       0       0       0       0       0       0       0       0       0       0       
      +0       0
  9955 ;;      Totals:         0       0       0       0       0       0       0       0       0       0       0       0       
      +0       0
  9956 ;;Total ram usage:        0 bytes
  9957 ;; Hardware stack levels used: 1
  9958 ;; Hardware stack levels required when called: 3
  9959 ;; This function calls:
  9960 ;;		Nothing
  9961 ;; This function is called by:
  9962 ;;		_fputc
  9963 ;; This function uses a non-reentrant model
  9964 ;;
  9965                           
  9966     0003                     _putch:	
  9967                           ;psect for function _putch
  9968                           
  9969     0003                     l1962:	
  9970                           ;incstack = 0
  9971                           ; Regs used in _putch: [wreg]
  9972                           
  9973     0003  0008               	return
  9974     0004                     __end_of_putch:
  9975                           
  9976                           	psect	text11
  9977     0E40                     __ptext11:	
  9978 ;; *************** function _abs *****************
  9979 ;; Defined at:
  9980 ;;		line 1 in file "/Applications/microchip/xc8/v3.10/pic/sources/c99/common/abs.c"
  9981 ;; Parameters:    Size  Location     Type
  9982 ;;  a               2    8[COMMON] int 
  9983 ;; Auto vars:     Size  Location     Type
  9984 ;;		None
  9985 ;; Return value:  Size  Location     Type
  9986 ;;                  2    8[COMMON] int 
  9987 ;; Registers used:
  9988 ;;		wreg, status,2, status,0
  9989 ;; Tracked objects:
  9990 ;;		On entry : 0/0
  9991 ;;		On exit  : 0/0
  9992 ;;		Unchanged: 0/0
  9993 ;; Data sizes:     COMMON   BANK0   BANK1   BANK2   BANK3   BANK4   BANK5   BANK6   BANK7   BANK8   BANK9  BANK10  BANK1
      +1  BANK12
  9994 ;;      Params:         2       0       0       0       0       0       0       0       0       0       0       0       
      +0       0
  9995 ;;      Locals:         0       0       0       0       0       0       0       0       0       0       0       0       
      +0       0
  9996 ;;      Temps:          0       2       0       0       0       0       0       0       0       0       0       0       
      +0       0
  9997 ;;      Totals:         2       2       0       0       0       0       0       0       0       0       0       0       
      +0       0
  9998 ;;Total ram usage:        4 bytes
  9999 ;; Hardware stack levels used: 1
 10000 ;; Hardware stack levels required when called: 3
 10001 ;; This function calls:
 10002 ;;		Nothing
 10003 ;; This function is called by:
 10004 ;;		_dtoa
 10005 ;; This function uses a non-reentrant model
 10006 ;;
 10007                           
 10008     0E40                     _abs:	
 10009                           ;psect for function _abs
 10010                           
 10011     0E40                     l4780:	
 10012                           ;incstack = 0
 10013                           ; Regs used in _abs: [wreg+status,2+status,0]
 10014                           
 10015     0E40  1BF9               	btfsc	abs@a+1,7
 10016     0E41  2E43               	goto	u3661
 10017     0E42  2E44               	goto	u3660
 10018     0E43                     u3661:
 10019     0E43  2E45               	goto	l4784
 10020     0E44                     u3660:
 10021     0E44                     l4782:
 10022     0E44  2E51               	goto	l1939
 10023     0E45                     l4784:
 10024     0E45  0978               	comf	abs@a,w
 10025     0E46  0020               	movlb	0	; select bank0
 10026     0E47  00A0               	movwf	??_abs
 10027     0E48  0979               	comf	abs@a+1,w
 10028     0E49  00A1               	movwf	??_abs+1
 10029     0E4A  0AA0               	incf	??_abs,f
 10030     0E4B  1903               	skipnz
 10031     0E4C  0AA1               	incf	??_abs+1,f
 10032     0E4D  0820               	movf	??_abs,w
 10033     0E4E  00F8               	movwf	?_abs
 10034     0E4F  0821               	movf	??_abs+1,w
 10035     0E50  00F9               	movwf	?_abs+1
 10036     0E51                     l1939:
 10037     0E51  0008               	return
 10038     0E52                     __end_of_abs:
 10039                           
 10040                           	psect	text12
 10041     0712                     __ptext12:	
 10042 ;; *************** function ___awmod *****************
 10043 ;; Defined at:
 10044 ;;		line 5 in file "/Applications/microchip/xc8/v3.10/pic/sources/c99/common/awmod.c"
 10045 ;; Parameters:    Size  Location     Type
 10046 ;;  divisor         2    2[COMMON] int 
 10047 ;;  dividend        2    4[COMMON] int 
 10048 ;; Auto vars:     Size  Location     Type
 10049 ;;  sign            1    7[COMMON] unsigned char 
 10050 ;;  counter         1    6[COMMON] unsigned char 
 10051 ;; Return value:  Size  Location     Type
 10052 ;;                  2    2[COMMON] int 
 10053 ;; Registers used:
 10054 ;;		wreg, status,2, status,0
 10055 ;; Tracked objects:
 10056 ;;		On entry : 0/0
 10057 ;;		On exit  : 0/0
 10058 ;;		Unchanged: 0/0
 10059 ;; Data sizes:     COMMON   BANK0   BANK1   BANK2   BANK3   BANK4   BANK5   BANK6   BANK7   BANK8   BANK9  BANK10  BANK1
      +1  BANK12
 10060 ;;      Params:         4       0       0       0       0       0       0       0       0       0       0       0       
      +0       0
 10061 ;;      Locals:         2       0       0       0       0       0       0       0       0       0       0       0       
      +0       0
 10062 ;;      Temps:          0       0       0       0       0       0       0       0       0       0       0       0       
      +0       0
 10063 ;;      Totals:         6       0       0       0       0       0       0       0       0       0       0       0       
      +0       0
 10064 ;;Total ram usage:        6 bytes
 10065 ;; Hardware stack levels used: 1
 10066 ;; Hardware stack levels required when called: 3
 10067 ;; This function calls:
 10068 ;;		Nothing
 10069 ;; This function is called by:
 10070 ;;		_main
 10071 ;;		_dtoa
 10072 ;; This function uses a non-reentrant model
 10073 ;;
 10074                           
 10075     0712                     ___awmod:	
 10076                           ;psect for function ___awmod
 10077                           
 10078     0712                     l3496:	
 10079                           ;incstack = 0
 10080                           ; Regs used in ___awmod: [wreg+status,2+status,0]
 10081                           
 10082     0712  01F7               	clrf	___awmod@sign
 10083     0713                     l3498:
 10084     0713  1FF5               	btfss	___awmod@dividend+1,7
 10085     0714  2F16               	goto	u1991
 10086     0715  2F17               	goto	u1990
 10087     0716                     u1991:
 10088     0716  2F1E               	goto	l3504
 10089     0717                     u1990:
 10090     0717                     l3500:
 10091     0717  09F4               	comf	___awmod@dividend,f
 10092     0718  09F5               	comf	___awmod@dividend+1,f
 10093     0719  0AF4               	incf	___awmod@dividend,f
 10094     071A  1903               	skipnz
 10095     071B  0AF5               	incf	___awmod@dividend+1,f
 10096     071C                     l3502:
 10097     071C  3001               	movlw	1
 10098     071D  00F7               	movwf	___awmod@sign
 10099     071E                     l3504:
 10100     071E  1FF3               	btfss	___awmod@divisor+1,7
 10101     071F  2F21               	goto	u2001
 10102     0720  2F22               	goto	u2000
 10103     0721                     u2001:
 10104     0721  2F27               	goto	l3508
 10105     0722                     u2000:
 10106     0722                     l3506:
 10107     0722  09F2               	comf	___awmod@divisor,f
 10108     0723  09F3               	comf	___awmod@divisor+1,f
 10109     0724  0AF2               	incf	___awmod@divisor,f
 10110     0725  1903               	skipnz
 10111     0726  0AF3               	incf	___awmod@divisor+1,f
 10112     0727                     l3508:
 10113     0727  0872               	movf	___awmod@divisor,w
 10114     0728  0473               	iorwf	___awmod@divisor+1,w
 10115     0729  1903               	btfsc	3,2
 10116     072A  2F2C               	goto	u2011
 10117     072B  2F2D               	goto	u2010
 10118     072C                     u2011:
 10119     072C  2F54               	goto	l3526
 10120     072D                     u2010:
 10121     072D                     l3510:
 10122     072D  3001               	movlw	1
 10123     072E  00F6               	movwf	___awmod@counter
 10124     072F  2F37               	goto	l3516
 10125     0730                     l3512:
 10126     0730  3001               	movlw	1
 10127     0731                     u2025:
 10128     0731  35F2               	lslf	___awmod@divisor,f
 10129     0732  0DF3               	rlf	___awmod@divisor+1,f
 10130     0733  0B89               	decfsz	9,f
 10131     0734  2F31               	goto	u2025
 10132     0735                     l3514:
 10133     0735  3001               	movlw	1
 10134     0736  07F6               	addwf	___awmod@counter,f
 10135     0737                     l3516:
 10136     0737  1FF3               	btfss	___awmod@divisor+1,7
 10137     0738  2F3A               	goto	u2031
 10138     0739  2F3B               	goto	u2030
 10139     073A                     u2031:
 10140     073A  2F30               	goto	l3512
 10141     073B                     u2030:
 10142     073B                     l3518:
 10143     073B  0873               	movf	___awmod@divisor+1,w
 10144     073C  0275               	subwf	___awmod@dividend+1,w
 10145     073D  1D03               	skipz
 10146     073E  2F41               	goto	u2045
 10147     073F  0872               	movf	___awmod@divisor,w
 10148     0740  0274               	subwf	___awmod@dividend,w
 10149     0741                     u2045:
 10150     0741  1C03               	skipc
 10151     0742  2F44               	goto	u2041
 10152     0743  2F45               	goto	u2040
 10153     0744                     u2041:
 10154     0744  2F49               	goto	l3522
 10155     0745                     u2040:
 10156     0745                     l3520:
 10157     0745  0872               	movf	___awmod@divisor,w
 10158     0746  02F4               	subwf	___awmod@dividend,f
 10159     0747  0873               	movf	___awmod@divisor+1,w
 10160     0748  3BF5               	subwfb	___awmod@dividend+1,f
 10161     0749                     l3522:
 10162     0749  3001               	movlw	1
 10163     074A                     u2055:
 10164     074A  36F3               	lsrf	___awmod@divisor+1,f
 10165     074B  0CF2               	rrf	___awmod@divisor,f
 10166     074C  0B89               	decfsz	9,f
 10167     074D  2F4A               	goto	u2055
 10168     074E                     l3524:
 10169     074E  3001               	movlw	1
 10170     074F  02F6               	subwf	___awmod@counter,f
 10171     0750  1D03               	btfss	3,2
 10172     0751  2F53               	goto	u2061
 10173     0752  2F54               	goto	u2060
 10174     0753                     u2061:
 10175     0753  2F3B               	goto	l3518
 10176     0754                     u2060:
 10177     0754                     l3526:
 10178     0754  0877               	movf	___awmod@sign,w
 10179     0755  1903               	btfsc	3,2
 10180     0756  2F58               	goto	u2071
 10181     0757  2F59               	goto	u2070
 10182     0758                     u2071:
 10183     0758  2F5E               	goto	l3530
 10184     0759                     u2070:
 10185     0759                     l3528:
 10186     0759  09F4               	comf	___awmod@dividend,f
 10187     075A  09F5               	comf	___awmod@dividend+1,f
 10188     075B  0AF4               	incf	___awmod@dividend,f
 10189     075C  1903               	skipnz
 10190     075D  0AF5               	incf	___awmod@dividend+1,f
 10191     075E                     l3530:
 10192     075E  0875               	movf	___awmod@dividend+1,w
 10193     075F  00F3               	movwf	?___awmod+1
 10194     0760  0874               	movf	___awmod@dividend,w
 10195     0761  00F2               	movwf	?___awmod
 10196     0762                     l1565:
 10197     0762  0008               	return
 10198     0763                     __end_of___awmod:
 10199                           
 10200                           	psect	text13
 10201     065E                     __ptext13:	
 10202 ;; *************** function ___awdiv *****************
 10203 ;; Defined at:
 10204 ;;		line 5 in file "/Applications/microchip/xc8/v3.10/pic/sources/c99/common/awdiv.c"
 10205 ;; Parameters:    Size  Location     Type
 10206 ;;  divisor         2    2[COMMON] int 
 10207 ;;  dividend        2    4[COMMON] int 
 10208 ;; Auto vars:     Size  Location     Type
 10209 ;;  quotient        2    8[COMMON] int 
 10210 ;;  sign            1    7[COMMON] unsigned char 
 10211 ;;  counter         1    6[COMMON] unsigned char 
 10212 ;; Return value:  Size  Location     Type
 10213 ;;                  2    2[COMMON] int 
 10214 ;; Registers used:
 10215 ;;		wreg, status,2, status,0
 10216 ;; Tracked objects:
 10217 ;;		On entry : 0/0
 10218 ;;		On exit  : 0/0
 10219 ;;		Unchanged: 0/0
 10220 ;; Data sizes:     COMMON   BANK0   BANK1   BANK2   BANK3   BANK4   BANK5   BANK6   BANK7   BANK8   BANK9  BANK10  BANK1
      +1  BANK12
 10221 ;;      Params:         4       0       0       0       0       0       0       0       0       0       0       0       
      +0       0
 10222 ;;      Locals:         4       0       0       0       0       0       0       0       0       0       0       0       
      +0       0
 10223 ;;      Temps:          0       0       0       0       0       0       0       0       0       0       0       0       
      +0       0
 10224 ;;      Totals:         8       0       0       0       0       0       0       0       0       0       0       0       
      +0       0
 10225 ;;Total ram usage:        8 bytes
 10226 ;; Hardware stack levels used: 1
 10227 ;; Hardware stack levels required when called: 3
 10228 ;; This function calls:
 10229 ;;		Nothing
 10230 ;; This function is called by:
 10231 ;;		_dtoa
 10232 ;; This function uses a non-reentrant model
 10233 ;;
 10234                           
 10235     065E                     ___awdiv:	
 10236                           ;psect for function ___awdiv
 10237                           
 10238     065E                     l3452:	
 10239                           ;incstack = 0
 10240                           ; Regs used in ___awdiv: [wreg+status,2+status,0]
 10241                           
 10242     065E  01F7               	clrf	___awdiv@sign
 10243     065F                     l3454:
 10244     065F  1FF3               	btfss	___awdiv@divisor+1,7
 10245     0660  2E62               	goto	u1891
 10246     0661  2E63               	goto	u1890
 10247     0662                     u1891:
 10248     0662  2E6A               	goto	l3460
 10249     0663                     u1890:
 10250     0663                     l3456:
 10251     0663  09F2               	comf	___awdiv@divisor,f
 10252     0664  09F3               	comf	___awdiv@divisor+1,f
 10253     0665  0AF2               	incf	___awdiv@divisor,f
 10254     0666  1903               	skipnz
 10255     0667  0AF3               	incf	___awdiv@divisor+1,f
 10256     0668                     l3458:
 10257     0668  3001               	movlw	1
 10258     0669  00F7               	movwf	___awdiv@sign
 10259     066A                     l3460:
 10260     066A  1FF5               	btfss	___awdiv@dividend+1,7
 10261     066B  2E6D               	goto	u1901
 10262     066C  2E6E               	goto	u1900
 10263     066D                     u1901:
 10264     066D  2E75               	goto	l3466
 10265     066E                     u1900:
 10266     066E                     l3462:
 10267     066E  09F4               	comf	___awdiv@dividend,f
 10268     066F  09F5               	comf	___awdiv@dividend+1,f
 10269     0670  0AF4               	incf	___awdiv@dividend,f
 10270     0671  1903               	skipnz
 10271     0672  0AF5               	incf	___awdiv@dividend+1,f
 10272     0673                     l3464:
 10273     0673  3001               	movlw	1
 10274     0674  06F7               	xorwf	___awdiv@sign,f
 10275     0675                     l3466:
 10276     0675  01F8               	clrf	___awdiv@quotient
 10277     0676  01F9               	clrf	___awdiv@quotient+1
 10278     0677                     l3468:
 10279     0677  0872               	movf	___awdiv@divisor,w
 10280     0678  0473               	iorwf	___awdiv@divisor+1,w
 10281     0679  1903               	btfsc	3,2
 10282     067A  2E7C               	goto	u1911
 10283     067B  2E7D               	goto	u1910
 10284     067C                     u1911:
 10285     067C  2EAA               	goto	l3488
 10286     067D                     u1910:
 10287     067D                     l3470:
 10288     067D  3001               	movlw	1
 10289     067E  00F6               	movwf	___awdiv@counter
 10290     067F  2E87               	goto	l3476
 10291     0680                     l3472:
 10292     0680  3001               	movlw	1
 10293     0681                     u1925:
 10294     0681  35F2               	lslf	___awdiv@divisor,f
 10295     0682  0DF3               	rlf	___awdiv@divisor+1,f
 10296     0683  0B89               	decfsz	9,f
 10297     0684  2E81               	goto	u1925
 10298     0685                     l3474:
 10299     0685  3001               	movlw	1
 10300     0686  07F6               	addwf	___awdiv@counter,f
 10301     0687                     l3476:
 10302     0687  1FF3               	btfss	___awdiv@divisor+1,7
 10303     0688  2E8A               	goto	u1931
 10304     0689  2E8B               	goto	u1930
 10305     068A                     u1931:
 10306     068A  2E80               	goto	l3472
 10307     068B                     u1930:
 10308     068B                     l3478:
 10309     068B  3001               	movlw	1
 10310     068C                     u1945:
 10311     068C  35F8               	lslf	___awdiv@quotient,f
 10312     068D  0DF9               	rlf	___awdiv@quotient+1,f
 10313     068E  0B89               	decfsz	9,f
 10314     068F  2E8C               	goto	u1945
 10315     0690  0873               	movf	___awdiv@divisor+1,w
 10316     0691  0275               	subwf	___awdiv@dividend+1,w
 10317     0692  1D03               	skipz
 10318     0693  2E96               	goto	u1955
 10319     0694  0872               	movf	___awdiv@divisor,w
 10320     0695  0274               	subwf	___awdiv@dividend,w
 10321     0696                     u1955:
 10322     0696  1C03               	skipc
 10323     0697  2E99               	goto	u1951
 10324     0698  2E9A               	goto	u1950
 10325     0699                     u1951:
 10326     0699  2E9F               	goto	l3484
 10327     069A                     u1950:
 10328     069A                     l3480:
 10329     069A  0872               	movf	___awdiv@divisor,w
 10330     069B  02F4               	subwf	___awdiv@dividend,f
 10331     069C  0873               	movf	___awdiv@divisor+1,w
 10332     069D  3BF5               	subwfb	___awdiv@dividend+1,f
 10333     069E                     l3482:
 10334     069E  1478               	bsf	___awdiv@quotient,0
 10335     069F                     l3484:
 10336     069F  3001               	movlw	1
 10337     06A0                     u1965:
 10338     06A0  36F3               	lsrf	___awdiv@divisor+1,f
 10339     06A1  0CF2               	rrf	___awdiv@divisor,f
 10340     06A2  0B89               	decfsz	9,f
 10341     06A3  2EA0               	goto	u1965
 10342     06A4                     l3486:
 10343     06A4  3001               	movlw	1
 10344     06A5  02F6               	subwf	___awdiv@counter,f
 10345     06A6  1D03               	btfss	3,2
 10346     06A7  2EA9               	goto	u1971
 10347     06A8  2EAA               	goto	u1970
 10348     06A9                     u1971:
 10349     06A9  2E8B               	goto	l3478
 10350     06AA                     u1970:
 10351     06AA                     l3488:
 10352     06AA  0877               	movf	___awdiv@sign,w
 10353     06AB  1903               	btfsc	3,2
 10354     06AC  2EAE               	goto	u1981
 10355     06AD  2EAF               	goto	u1980
 10356     06AE                     u1981:
 10357     06AE  2EB4               	goto	l3492
 10358     06AF                     u1980:
 10359     06AF                     l3490:
 10360     06AF  09F8               	comf	___awdiv@quotient,f
 10361     06B0  09F9               	comf	___awdiv@quotient+1,f
 10362     06B1  0AF8               	incf	___awdiv@quotient,f
 10363     06B2  1903               	skipnz
 10364     06B3  0AF9               	incf	___awdiv@quotient+1,f
 10365     06B4                     l3492:
 10366     06B4  0879               	movf	___awdiv@quotient+1,w
 10367     06B5  00F3               	movwf	?___awdiv+1
 10368     06B6  0878               	movf	___awdiv@quotient,w
 10369     06B7  00F2               	movwf	?___awdiv
 10370     06B8                     l1552:
 10371     06B8  0008               	return
 10372     06B9                     __end_of___awdiv:
 10373                           
 10374                           	psect	text14
 10375     017A                     __ptext14:	
 10376 ;; *************** function _readTC74 *****************
 10377 ;; Defined at:
 10378 ;;		line 16 in file "TC74/tc74.c"
 10379 ;; Parameters:    Size  Location     Type
 10380 ;;		None
 10381 ;; Auto vars:     Size  Location     Type
 10382 ;;  value           1    5[COMMON] unsigned char 
 10383 ;; Return value:  Size  Location     Type
 10384 ;;                  1    wreg      unsigned char 
 10385 ;; Registers used:
 10386 ;;		wreg, status,2, status,0, pclath, cstack
 10387 ;; Tracked objects:
 10388 ;;		On entry : 0/0
 10389 ;;		On exit  : 0/0
 10390 ;;		Unchanged: 0/0
 10391 ;; Data sizes:     COMMON   BANK0   BANK1   BANK2   BANK3   BANK4   BANK5   BANK6   BANK7   BANK8   BANK9  BANK10  BANK1
      +1  BANK12
 10392 ;;      Params:         0       0       0       0       0       0       0       0       0       0       0       0       
      +0       0
 10393 ;;      Locals:         1       0       0       0       0       0       0       0       0       0       0       0       
      +0       0
 10394 ;;      Temps:          1       0       0       0       0       0       0       0       0       0       0       0       
      +0       0
 10395 ;;      Totals:         2       0       0       0       0       0       0       0       0       0       0       0       
      +0       0
 10396 ;;Total ram usage:        2 bytes
 10397 ;; Hardware stack levels used: 1
 10398 ;; Hardware stack levels required when called: 4
 10399 ;; This function calls:
 10400 ;;		_ReadI2C
 10401 ;;		_WriteI2C
 10402 ;; This function is called by:
 10403 ;;		_main
 10404 ;; This function uses a non-reentrant model
 10405 ;;
 10406                           
 10407     017A                     _readTC74:	
 10408                           ;psect for function _readTC74
 10409                           
 10410     017A                     l1154:	
 10411                           ;incstack = 0
 10412                           ; Regs used in _readTC74: [wreg+status,2+status,0+pclath+cstack]
 10413                           ;TC74/tc74.c: 17:  unsigned char value;;TC74/tc74.c: 18:     do{
 10414                           
 10415     017A                     l5104:	
 10416                           ;TC74/tc74.c: 19:         while ((SSP1CON2 & 0x1F) | (SSP1STATbits.R_W));
 10417                           
 10418     017A  0023               	movlb	3	; select bank3
 10419     017B  0C0F               	rrf	15,w	;volatile
 10420     017C  0C89               	rrf	9,f
 10421     017D  3901               	andlw	1
 10422     017E  00F4               	movwf	??_readTC74
 10423     017F  0811               	movf	17,w	;volatile
 10424     0180  391F               	andlw	31
 10425     0181  0474               	iorwf	??_readTC74,w
 10426     0182  1D03               	btfss	3,2
 10427     0183  2985               	goto	u4401
 10428     0184  2986               	goto	u4400
 10429     0185                     u4401:
 10430     0185  297A               	goto	l5104
 10431     0186                     u4400:
 10432     0186                     l1158:	
 10433                           ;TC74/tc74.c: 20:         do { SSP1CON2bits.SEN=1;while(SSP1CON2bits.SEN); } while (0); 
      +                          while ((SSP1CON2 & 0x1F) | (SSP1STATbits.R_W));
 10434                           
 10435     0186  1411               	bsf	17,0	;volatile
 10436     0187                     l1159:
 10437     0187  1811               	btfsc	17,0	;volatile
 10438     0188  298A               	goto	u4411
 10439     0189  298B               	goto	u4410
 10440     018A                     u4411:
 10441     018A  2987               	goto	l1159
 10442     018B                     u4410:
 10443     018B                     l5106:
 10444     018B  0C0F               	rrf	15,w	;volatile
 10445     018C  0C89               	rrf	9,f
 10446     018D  3901               	andlw	1
 10447     018E  00F4               	movwf	??_readTC74
 10448     018F  0811               	movf	17,w	;volatile
 10449     0190  391F               	andlw	31
 10450     0191  0474               	iorwf	??_readTC74,w
 10451     0192  1D03               	btfss	3,2
 10452     0193  2995               	goto	u4421
 10453     0194  2996               	goto	u4420
 10454     0195                     u4421:
 10455     0195  298B               	goto	l5106
 10456     0196                     u4420:
 10457     0196                     l5108:
 10458                           
 10459                           ;TC74/tc74.c: 22:         WriteI2C(0x9a | 0x00); while ((SSP1CON2 & 0x1F) | (SSP1STATbit
      +                          s.R_W));
 10460     0196  309A               	movlw	154
 10461     0197  3187  2763  3181   	fcall	_WriteI2C
 10462     019A                     l5110:
 10463     019A  0023               	movlb	3	; select bank3
 10464     019B  0C0F               	rrf	15,w	;volatile
 10465     019C  0C89               	rrf	9,f
 10466     019D  3901               	andlw	1
 10467     019E  00F4               	movwf	??_readTC74
 10468     019F  0811               	movf	17,w	;volatile
 10469     01A0  391F               	andlw	31
 10470     01A1  0474               	iorwf	??_readTC74,w
 10471     01A2  1D03               	btfss	3,2
 10472     01A3  29A5               	goto	u4431
 10473     01A4  29A6               	goto	u4430
 10474     01A5                     u4431:
 10475     01A5  299A               	goto	l5110
 10476     01A6                     u4430:
 10477     01A6                     l5112:
 10478                           
 10479                           ;TC74/tc74.c: 23:         WriteI2C(0x01); while ((SSP1CON2 & 0x1F) | (SSP1STATbits.R_W))
      +                          ;
 10480     01A6  3001               	movlw	1
 10481     01A7  3187  2763  3181   	fcall	_WriteI2C
 10482     01AA                     l5114:
 10483     01AA  0023               	movlb	3	; select bank3
 10484     01AB  0C0F               	rrf	15,w	;volatile
 10485     01AC  0C89               	rrf	9,f
 10486     01AD  3901               	andlw	1
 10487     01AE  00F4               	movwf	??_readTC74
 10488     01AF  0811               	movf	17,w	;volatile
 10489     01B0  391F               	andlw	31
 10490     01B1  0474               	iorwf	??_readTC74,w
 10491     01B2  1D03               	btfss	3,2
 10492     01B3  29B5               	goto	u4441
 10493     01B4  29B6               	goto	u4440
 10494     01B5                     u4441:
 10495     01B5  29AA               	goto	l5114
 10496     01B6                     u4440:
 10497     01B6                     l1172:	
 10498                           ;TC74/tc74.c: 24:         do { SSP1CON2bits.RSEN=1;while(SSP1CON2bits.RSEN); } while (0)
      +                          ; while ((SSP1CON2 & 0x1F) | (SSP1STATbits.R_W));
 10499                           
 10500     01B6  1491               	bsf	17,1	;volatile
 10501     01B7                     l1173:
 10502     01B7  1891               	btfsc	17,1	;volatile
 10503     01B8  29BA               	goto	u4451
 10504     01B9  29BB               	goto	u4450
 10505     01BA                     u4451:
 10506     01BA  29B7               	goto	l1173
 10507     01BB                     u4450:
 10508     01BB                     l5116:
 10509     01BB  0C0F               	rrf	15,w	;volatile
 10510     01BC  0C89               	rrf	9,f
 10511     01BD  3901               	andlw	1
 10512     01BE  00F4               	movwf	??_readTC74
 10513     01BF  0811               	movf	17,w	;volatile
 10514     01C0  391F               	andlw	31
 10515     01C1  0474               	iorwf	??_readTC74,w
 10516     01C2  1D03               	btfss	3,2
 10517     01C3  29C5               	goto	u4461
 10518     01C4  29C6               	goto	u4460
 10519     01C5                     u4461:
 10520     01C5  29BB               	goto	l5116
 10521     01C6                     u4460:
 10522     01C6                     l5118:
 10523                           
 10524                           ;TC74/tc74.c: 25:         WriteI2C(0x9a | 0x01); while ((SSP1CON2 & 0x1F) | (SSP1STATbit
      +                          s.R_W));
 10525     01C6  309B               	movlw	155
 10526     01C7  3187  2763  3181   	fcall	_WriteI2C
 10527     01CA                     l5120:
 10528     01CA  0023               	movlb	3	; select bank3
 10529     01CB  0C0F               	rrf	15,w	;volatile
 10530     01CC  0C89               	rrf	9,f
 10531     01CD  3901               	andlw	1
 10532     01CE  00F4               	movwf	??_readTC74
 10533     01CF  0811               	movf	17,w	;volatile
 10534     01D0  391F               	andlw	31
 10535     01D1  0474               	iorwf	??_readTC74,w
 10536     01D2  1D03               	btfss	3,2
 10537     01D3  29D5               	goto	u4471
 10538     01D4  29D6               	goto	u4470
 10539     01D5                     u4471:
 10540     01D5  29CA               	goto	l5120
 10541     01D6                     u4470:
 10542     01D6                     l5122:
 10543                           
 10544                           ;TC74/tc74.c: 26:         value = ReadI2C(); while ((SSP1CON2 & 0x1F) | (SSP1STATbits.R_
      +                          W));
 10545     01D6  318E  26C1  3181   	fcall	_ReadI2C
 10546     01D9  00F5               	movwf	readTC74@value
 10547     01DA                     l5124:
 10548     01DA  0023               	movlb	3	; select bank3
 10549     01DB  0C0F               	rrf	15,w	;volatile
 10550     01DC  0C89               	rrf	9,f
 10551     01DD  3901               	andlw	1
 10552     01DE  00F4               	movwf	??_readTC74
 10553     01DF  0811               	movf	17,w	;volatile
 10554     01E0  391F               	andlw	31
 10555     01E1  0474               	iorwf	??_readTC74,w
 10556     01E2  1D03               	btfss	3,2
 10557     01E3  29E5               	goto	u4481
 10558     01E4  29E6               	goto	u4480
 10559     01E5                     u4481:
 10560     01E5  29DA               	goto	l5124
 10561     01E6                     u4480:
 10562     01E6                     l1186:	
 10563                           ;TC74/tc74.c: 27:         do { SSP1CON2bits.ACKDT=1;SSP1CON2bits.ACKEN=1;while(SSP1CON2b
      +                          its.ACKEN); } while (0); while ((SSP1CON2 & 0x1F) | (SSP1STATbits.R_W));
 10564                           
 10565     01E6  1691               	bsf	17,5	;volatile
 10566     01E7  1611               	bsf	17,4	;volatile
 10567     01E8                     l1187:
 10568     01E8  1A11               	btfsc	17,4	;volatile
 10569     01E9  29EB               	goto	u4491
 10570     01EA  29EC               	goto	u4490
 10571     01EB                     u4491:
 10572     01EB  29E8               	goto	l1187
 10573     01EC                     u4490:
 10574     01EC                     l5126:
 10575     01EC  0C0F               	rrf	15,w	;volatile
 10576     01ED  0C89               	rrf	9,f
 10577     01EE  3901               	andlw	1
 10578     01EF  00F4               	movwf	??_readTC74
 10579     01F0  0811               	movf	17,w	;volatile
 10580     01F1  391F               	andlw	31
 10581     01F2  0474               	iorwf	??_readTC74,w
 10582     01F3  1D03               	btfss	3,2
 10583     01F4  29F6               	goto	u4501
 10584     01F5  29F7               	goto	u4500
 10585     01F6                     u4501:
 10586     01F6  29EC               	goto	l5126
 10587     01F7                     u4500:
 10588     01F7                     l1194:	
 10589                           ;TC74/tc74.c: 28:         do { SSP1CON2bits.PEN = 1;while(SSP1CON2bits.PEN); } while (0)
      +                          ;
 10590                           
 10591     01F7  1511               	bsf	17,2	;volatile
 10592     01F8                     l1195:
 10593     01F8  1911               	btfsc	17,2	;volatile
 10594     01F9  29FB               	goto	u4511
 10595     01FA  29FC               	goto	u4510
 10596     01FB                     u4511:
 10597     01FB  29F8               	goto	l1195
 10598     01FC                     u4510:
 10599     01FC                     l1198:
 10600                           
 10601                           ;TC74/tc74.c: 29:     } while (!(value & 0x40));
 10602     01FC  1F75               	btfss	readTC74@value,6
 10603     01FD  29FF               	goto	u4521
 10604     01FE  2A00               	goto	u4520
 10605     01FF                     u4521:
 10606     01FF  297A               	goto	l1154
 10607     0200                     u4520:
 10608     0200                     l5128:
 10609     0200  0C0F               	rrf	15,w	;volatile
 10610     0201  0C89               	rrf	9,f
 10611     0202  3901               	andlw	1
 10612     0203  00F4               	movwf	??_readTC74
 10613     0204  0811               	movf	17,w	;volatile
 10614     0205  391F               	andlw	31
 10615     0206  0474               	iorwf	??_readTC74,w
 10616     0207  1D03               	btfss	3,2
 10617     0208  2A0A               	goto	u4531
 10618     0209  2A0B               	goto	u4530
 10619     020A                     u4531:
 10620     020A  2A00               	goto	l5128
 10621     020B                     u4530:
 10622     020B                     l1203:	
 10623                           ;TC74/tc74.c: 32:     do { SSP1CON2bits.SEN=1;while(SSP1CON2bits.SEN); } while (0); whil
      +                          e ((SSP1CON2 & 0x1F) | (SSP1STATbits.R_W));
 10624                           
 10625     020B  1411               	bsf	17,0	;volatile
 10626     020C                     l1204:
 10627     020C  1811               	btfsc	17,0	;volatile
 10628     020D  2A0F               	goto	u4541
 10629     020E  2A10               	goto	u4540
 10630     020F                     u4541:
 10631     020F  2A0C               	goto	l1204
 10632     0210                     u4540:
 10633     0210                     l5130:
 10634     0210  0C0F               	rrf	15,w	;volatile
 10635     0211  0C89               	rrf	9,f
 10636     0212  3901               	andlw	1
 10637     0213  00F4               	movwf	??_readTC74
 10638     0214  0811               	movf	17,w	;volatile
 10639     0215  391F               	andlw	31
 10640     0216  0474               	iorwf	??_readTC74,w
 10641     0217  1D03               	btfss	3,2
 10642     0218  2A1A               	goto	u4551
 10643     0219  2A1B               	goto	u4550
 10644     021A                     u4551:
 10645     021A  2A10               	goto	l5130
 10646     021B                     u4550:
 10647     021B                     l5132:
 10648                           
 10649                           ;TC74/tc74.c: 33:     WriteI2C(0x9a | 0x00); while ((SSP1CON2 & 0x1F) | (SSP1STATbits.R_
      +                          W));
 10650     021B  309A               	movlw	154
 10651     021C  3187  2763  3181   	fcall	_WriteI2C
 10652     021F                     l5134:
 10653     021F  0023               	movlb	3	; select bank3
 10654     0220  0C0F               	rrf	15,w	;volatile
 10655     0221  0C89               	rrf	9,f
 10656     0222  3901               	andlw	1
 10657     0223  00F4               	movwf	??_readTC74
 10658     0224  0811               	movf	17,w	;volatile
 10659     0225  391F               	andlw	31
 10660     0226  0474               	iorwf	??_readTC74,w
 10661     0227  1D03               	btfss	3,2
 10662     0228  2A2A               	goto	u4561
 10663     0229  2A2B               	goto	u4560
 10664     022A                     u4561:
 10665     022A  2A1F               	goto	l5134
 10666     022B                     u4560:
 10667     022B                     l5136:
 10668                           
 10669                           ;TC74/tc74.c: 34:     WriteI2C(0x00); while ((SSP1CON2 & 0x1F) | (SSP1STATbits.R_W));
 10670     022B  3000               	movlw	0
 10671     022C  3187  2763  3181   	fcall	_WriteI2C
 10672     022F                     l5138:
 10673     022F  0023               	movlb	3	; select bank3
 10674     0230  0C0F               	rrf	15,w	;volatile
 10675     0231  0C89               	rrf	9,f
 10676     0232  3901               	andlw	1
 10677     0233  00F4               	movwf	??_readTC74
 10678     0234  0811               	movf	17,w	;volatile
 10679     0235  391F               	andlw	31
 10680     0236  0474               	iorwf	??_readTC74,w
 10681     0237  1D03               	btfss	3,2
 10682     0238  2A3A               	goto	u4571
 10683     0239  2A3B               	goto	u4570
 10684     023A                     u4571:
 10685     023A  2A2F               	goto	l5138
 10686     023B                     u4570:
 10687     023B                     l1217:	
 10688                           ;TC74/tc74.c: 35:     do { SSP1CON2bits.RSEN=1;while(SSP1CON2bits.RSEN); } while (0); wh
      +                          ile ((SSP1CON2 & 0x1F) | (SSP1STATbits.R_W));
 10689                           
 10690     023B  1491               	bsf	17,1	;volatile
 10691     023C                     l1218:
 10692     023C  1891               	btfsc	17,1	;volatile
 10693     023D  2A3F               	goto	u4581
 10694     023E  2A40               	goto	u4580
 10695     023F                     u4581:
 10696     023F  2A3C               	goto	l1218
 10697     0240                     u4580:
 10698     0240                     l5140:
 10699     0240  0C0F               	rrf	15,w	;volatile
 10700     0241  0C89               	rrf	9,f
 10701     0242  3901               	andlw	1
 10702     0243  00F4               	movwf	??_readTC74
 10703     0244  0811               	movf	17,w	;volatile
 10704     0245  391F               	andlw	31
 10705     0246  0474               	iorwf	??_readTC74,w
 10706     0247  1D03               	btfss	3,2
 10707     0248  2A4A               	goto	u4591
 10708     0249  2A4B               	goto	u4590
 10709     024A                     u4591:
 10710     024A  2A40               	goto	l5140
 10711     024B                     u4590:
 10712     024B                     l5142:
 10713                           
 10714                           ;TC74/tc74.c: 36:     WriteI2C(0x9a | 0x01); while ((SSP1CON2 & 0x1F) | (SSP1STATbits.R_
      +                          W));
 10715     024B  309B               	movlw	155
 10716     024C  3187  2763  3181   	fcall	_WriteI2C
 10717     024F                     l5144:
 10718     024F  0023               	movlb	3	; select bank3
 10719     0250  0C0F               	rrf	15,w	;volatile
 10720     0251  0C89               	rrf	9,f
 10721     0252  3901               	andlw	1
 10722     0253  00F4               	movwf	??_readTC74
 10723     0254  0811               	movf	17,w	;volatile
 10724     0255  391F               	andlw	31
 10725     0256  0474               	iorwf	??_readTC74,w
 10726     0257  1D03               	btfss	3,2
 10727     0258  2A5A               	goto	u4601
 10728     0259  2A5B               	goto	u4600
 10729     025A                     u4601:
 10730     025A  2A4F               	goto	l5144
 10731     025B                     u4600:
 10732     025B                     l5146:
 10733                           
 10734                           ;TC74/tc74.c: 37:     value = ReadI2C(); while ((SSP1CON2 & 0x1F) | (SSP1STATbits.R_W));
 10735     025B  318E  26C1  3181   	fcall	_ReadI2C
 10736     025E  00F5               	movwf	readTC74@value
 10737     025F                     l5148:
 10738     025F  0023               	movlb	3	; select bank3
 10739     0260  0C0F               	rrf	15,w	;volatile
 10740     0261  0C89               	rrf	9,f
 10741     0262  3901               	andlw	1
 10742     0263  00F4               	movwf	??_readTC74
 10743     0264  0811               	movf	17,w	;volatile
 10744     0265  391F               	andlw	31
 10745     0266  0474               	iorwf	??_readTC74,w
 10746     0267  1D03               	btfss	3,2
 10747     0268  2A6A               	goto	u4611
 10748     0269  2A6B               	goto	u4610
 10749     026A                     u4611:
 10750     026A  2A5F               	goto	l5148
 10751     026B                     u4610:
 10752     026B                     l1231:	
 10753                           ;TC74/tc74.c: 38:     do { SSP1CON2bits.ACKDT=1;SSP1CON2bits.ACKEN=1;while(SSP1CON2bits.
      +                          ACKEN); } while (0); while ((SSP1CON2 & 0x1F) | (SSP1STATbits.R_W));
 10754                           
 10755     026B  1691               	bsf	17,5	;volatile
 10756     026C  1611               	bsf	17,4	;volatile
 10757     026D                     l1232:
 10758     026D  1A11               	btfsc	17,4	;volatile
 10759     026E  2A70               	goto	u4621
 10760     026F  2A71               	goto	u4620
 10761     0270                     u4621:
 10762     0270  2A6D               	goto	l1232
 10763     0271                     u4620:
 10764     0271                     l5150:
 10765     0271  0C0F               	rrf	15,w	;volatile
 10766     0272  0C89               	rrf	9,f
 10767     0273  3901               	andlw	1
 10768     0274  00F4               	movwf	??_readTC74
 10769     0275  0811               	movf	17,w	;volatile
 10770     0276  391F               	andlw	31
 10771     0277  0474               	iorwf	??_readTC74,w
 10772     0278  1D03               	btfss	3,2
 10773     0279  2A7B               	goto	u4631
 10774     027A  2A7C               	goto	u4630
 10775     027B                     u4631:
 10776     027B  2A71               	goto	l5150
 10777     027C                     u4630:
 10778     027C                     l1239:	
 10779                           ;TC74/tc74.c: 39:     do { SSP1CON2bits.PEN = 1;while(SSP1CON2bits.PEN); } while (0);
 10780                           
 10781     027C  1511               	bsf	17,2	;volatile
 10782     027D                     l1240:
 10783     027D  1911               	btfsc	17,2	;volatile
 10784     027E  2A80               	goto	u4641
 10785     027F  2A81               	goto	u4640
 10786     0280                     u4641:
 10787     0280  2A7D               	goto	l1240
 10788     0281                     u4640:
 10789     0281                     l5152:
 10790                           
 10791                           ;TC74/tc74.c: 41:     return value;
 10792     0281  0875               	movf	readTC74@value,w
 10793     0282                     l1244:
 10794     0282  0008               	return
 10795     0283                     __end_of_readTC74:
 10796                           
 10797                           	psect	text15
 10798     0DAE                     __ptext15:	
 10799 ;; *************** function _TMR1_StartTimer *****************
 10800 ;; Defined at:
 10801 ;;		line 99 in file "mcc_generated_files/tmr1.c"
 10802 ;; Parameters:    Size  Location     Type
 10803 ;;		None
 10804 ;; Auto vars:     Size  Location     Type
 10805 ;;		None
 10806 ;; Return value:  Size  Location     Type
 10807 ;;                  1    wreg      void 
 10808 ;; Registers used:
 10809 ;;		None
 10810 ;; Tracked objects:
 10811 ;;		On entry : 0/0
 10812 ;;		On exit  : 0/0
 10813 ;;		Unchanged: 0/0
 10814 ;; Data sizes:     COMMON   BANK0   BANK1   BANK2   BANK3   BANK4   BANK5   BANK6   BANK7   BANK8   BANK9  BANK10  BANK1
      +1  BANK12
 10815 ;;      Params:         0       0       0       0       0       0       0       0       0       0       0       0       
      +0       0
 10816 ;;      Locals:         0       0       0       0       0       0       0       0       0       0       0       0       
      +0       0
 10817 ;;      Temps:          0       0       0       0       0       0       0       0       0       0       0       0       
      +0       0
 10818 ;;      Totals:         0       0       0       0       0       0       0       0       0       0       0       0       
      +0       0
 10819 ;;Total ram usage:        0 bytes
 10820 ;; Hardware stack levels used: 1
 10821 ;; Hardware stack levels required when called: 3
 10822 ;; This function calls:
 10823 ;;		Nothing
 10824 ;; This function is called by:
 10825 ;;		_main
 10826 ;; This function uses a non-reentrant model
 10827 ;;
 10828                           
 10829     0DAE                     _TMR1_StartTimer:	
 10830                           ;psect for function _TMR1_StartTimer
 10831                           
 10832     0DAE                     l4058:	
 10833                           ;incstack = 0
 10834                           ; Regs used in _TMR1_StartTimer: []
 10835                           
 10836                           
 10837                           ;mcc_generated_files/tmr1.c: 102:     T1CONbits.TMR1ON = 1;
 10838     0DAE  0024               	movlb	4	; select bank4
 10839     0DAF  140E               	bsf	14,0	;volatile
 10840     0DB0                     l874:
 10841     0DB0  0008               	return
 10842     0DB1                     __end_of_TMR1_StartTimer:
 10843                           
 10844                           	psect	text16
 10845     0EA8                     __ptext16:	
 10846 ;; *************** function _SYSTEM_Initialize *****************
 10847 ;; Defined at:
 10848 ;;		line 50 in file "mcc_generated_files/mcc.c"
 10849 ;; Parameters:    Size  Location     Type
 10850 ;;		None
 10851 ;; Auto vars:     Size  Location     Type
 10852 ;;		None
 10853 ;; Return value:  Size  Location     Type
 10854 ;;                  1    wreg      void 
 10855 ;; Registers used:
 10856 ;;		wreg, status,2, status,0, pclath, cstack
 10857 ;; Tracked objects:
 10858 ;;		On entry : 0/0
 10859 ;;		On exit  : 0/0
 10860 ;;		Unchanged: 0/0
 10861 ;; Data sizes:     COMMON   BANK0   BANK1   BANK2   BANK3   BANK4   BANK5   BANK6   BANK7   BANK8   BANK9  BANK10  BANK1
      +1  BANK12
 10862 ;;      Params:         0       0       0       0       0       0       0       0       0       0       0       0       
      +0       0
 10863 ;;      Locals:         0       0       0       0       0       0       0       0       0       0       0       0       
      +0       0
 10864 ;;      Temps:          0       0       0       0       0       0       0       0       0       0       0       0       
      +0       0
 10865 ;;      Totals:         0       0       0       0       0       0       0       0       0       0       0       0       
      +0       0
 10866 ;;Total ram usage:        0 bytes
 10867 ;; Hardware stack levels used: 1
 10868 ;; Hardware stack levels required when called: 5
 10869 ;; This function calls:
 10870 ;;		_ADCC_Initialize
 10871 ;;		_I2C1_Initialize
 10872 ;;		_OSCILLATOR_Initialize
 10873 ;;		_PIN_MANAGER_Initialize
 10874 ;;		_PMD_Initialize
 10875 ;;		_PWM6_Initialize
 10876 ;;		_TMR1_Initialize
 10877 ;;		_TMR2_Initialize
 10878 ;; This function is called by:
 10879 ;;		_main
 10880 ;; This function uses a non-reentrant model
 10881 ;;
 10882                           
 10883     0EA8                     _SYSTEM_Initialize:	
 10884                           ;psect for function _SYSTEM_Initialize
 10885                           
 10886     0EA8                     l4040:	
 10887                           ;incstack = 0
 10888                           ; Regs used in _SYSTEM_Initialize: [wreg+status,2+status,0+pclath+cstack]
 10889                           
 10890                           
 10891                           ;mcc_generated_files/mcc.c: 52:     PMD_Initialize();
 10892     0EA8  318D  25D2  318E   	fcall	_PMD_Initialize
 10893                           
 10894                           ;mcc_generated_files/mcc.c: 53:     I2C1_Initialize();
 10895     0EAB  3187  27F6  318E   	fcall	_I2C1_Initialize
 10896                           
 10897                           ;mcc_generated_files/mcc.c: 54:     PIN_MANAGER_Initialize();
 10898     0EAE  3187  27AE  318E   	fcall	_PIN_MANAGER_Initialize
 10899                           
 10900                           ;mcc_generated_files/mcc.c: 55:     OSCILLATOR_Initialize();
 10901     0EB1  318D  25DA  318E   	fcall	_OSCILLATOR_Initialize
 10902     0EB4                     l4042:
 10903                           
 10904                           ;mcc_generated_files/mcc.c: 56:     PWM6_Initialize();
 10905     0EB4  318D  25F0  318E   	fcall	_PWM6_Initialize
 10906     0EB7                     l4044:
 10907                           
 10908                           ;mcc_generated_files/mcc.c: 57:     ADCC_Initialize();
 10909     0EB7  318E  2690  318E   	fcall	_ADCC_Initialize
 10910     0EBA                     l4046:
 10911                           
 10912                           ;mcc_generated_files/mcc.c: 58:     TMR2_Initialize();
 10913     0EBA  318D  25FD  318E   	fcall	_TMR2_Initialize
 10914     0EBD                     l4048:
 10915                           
 10916                           ;mcc_generated_files/mcc.c: 59:     TMR1_Initialize();
 10917     0EBD  318E  26DB  318E   	fcall	_TMR1_Initialize
 10918     0EC0                     l396:
 10919     0EC0  0008               	return
 10920     0EC1                     __end_of_SYSTEM_Initialize:
 10921                           
 10922                           	psect	text17
 10923     0DFD                     __ptext17:	
 10924 ;; *************** function _TMR2_Initialize *****************
 10925 ;; Defined at:
 10926 ;;		line 62 in file "mcc_generated_files/tmr2.c"
 10927 ;; Parameters:    Size  Location     Type
 10928 ;;		None
 10929 ;; Auto vars:     Size  Location     Type
 10930 ;;		None
 10931 ;; Return value:  Size  Location     Type
 10932 ;;                  1    wreg      void 
 10933 ;; Registers used:
 10934 ;;		status,2
 10935 ;; Tracked objects:
 10936 ;;		On entry : 0/0
 10937 ;;		On exit  : 0/0
 10938 ;;		Unchanged: 0/0
 10939 ;; Data sizes:     COMMON   BANK0   BANK1   BANK2   BANK3   BANK4   BANK5   BANK6   BANK7   BANK8   BANK9  BANK10  BANK1
      +1  BANK12
 10940 ;;      Params:         0       0       0       0       0       0       0       0       0       0       0       0       
      +0       0
 10941 ;;      Locals:         0       0       0       0       0       0       0       0       0       0       0       0       
      +0       0
 10942 ;;      Temps:          0       0       0       0       0       0       0       0       0       0       0       0       
      +0       0
 10943 ;;      Totals:         0       0       0       0       0       0       0       0       0       0       0       0       
      +0       0
 10944 ;;Total ram usage:        0 bytes
 10945 ;; Hardware stack levels used: 1
 10946 ;; Hardware stack levels required when called: 3
 10947 ;; This function calls:
 10948 ;;		Nothing
 10949 ;; This function is called by:
 10950 ;;		_SYSTEM_Initialize
 10951 ;; This function uses a non-reentrant model
 10952 ;;
 10953                           
 10954     0DFD                     _TMR2_Initialize:	
 10955                           ;psect for function _TMR2_Initialize
 10956                           
 10957     0DFD                     l3914:	
 10958                           ;incstack = 0
 10959                           ; Regs used in _TMR2_Initialize: [status,2]
 10960                           
 10961                           
 10962                           ;mcc_generated_files/tmr2.c: 67:     T2CLKCON = 0x01;
 10963     0DFD  3001               	movlw	1
 10964     0DFE  0025               	movlb	5	; select bank5
 10965     0DFF  0090               	movwf	16	;volatile
 10966     0E00                     l3916:
 10967                           
 10968                           ;mcc_generated_files/tmr2.c: 70:     T2HLT = 0x00;
 10969     0E00  018F               	clrf	15	;volatile
 10970                           
 10971                           ;mcc_generated_files/tmr2.c: 73:     T2RST = 0x00;
 10972     0E01  0191               	clrf	17	;volatile
 10973     0E02                     l3918:
 10974                           
 10975                           ;mcc_generated_files/tmr2.c: 76:     T2PR = 0x18;
 10976     0E02  3018               	movlw	24
 10977     0E03  008D               	movwf	13	;volatile
 10978                           
 10979                           ;mcc_generated_files/tmr2.c: 79:     T2TMR = 0x00;
 10980     0E04  018C               	clrf	12	;volatile
 10981     0E05                     l3920:
 10982                           
 10983                           ;mcc_generated_files/tmr2.c: 82:     PIR4bits.TMR2IF = 0;
 10984     0E05  002E               	movlb	14	; select bank14
 10985     0E06  1090               	bcf	16,1	;volatile
 10986     0E07                     l3922:
 10987                           
 10988                           ;mcc_generated_files/tmr2.c: 85:     T2CON = 0x80;
 10989     0E07  3080               	movlw	128
 10990     0E08  0025               	movlb	5	; select bank5
 10991     0E09  008E               	movwf	14	;volatile
 10992     0E0A                     l945:
 10993     0E0A  0008               	return
 10994     0E0B                     __end_of_TMR2_Initialize:
 10995                           
 10996                           	psect	text18
 10997     0EDB                     __ptext18:	
 10998 ;; *************** function _TMR1_Initialize *****************
 10999 ;; Defined at:
 11000 ;;		line 64 in file "mcc_generated_files/tmr1.c"
 11001 ;; Parameters:    Size  Location     Type
 11002 ;;		None
 11003 ;; Auto vars:     Size  Location     Type
 11004 ;;		None
 11005 ;; Return value:  Size  Location     Type
 11006 ;;                  1    wreg      void 
 11007 ;; Registers used:
 11008 ;;		wreg, status,2, status,0, pclath, cstack
 11009 ;; Tracked objects:
 11010 ;;		On entry : 0/0
 11011 ;;		On exit  : 0/0
 11012 ;;		Unchanged: 0/0
 11013 ;; Data sizes:     COMMON   BANK0   BANK1   BANK2   BANK3   BANK4   BANK5   BANK6   BANK7   BANK8   BANK9  BANK10  BANK1
      +1  BANK12
 11014 ;;      Params:         0       0       0       0       0       0       0       0       0       0       0       0       
      +0       0
 11015 ;;      Locals:         0       0       0       0       0       0       0       0       0       0       0       0       
      +0       0
 11016 ;;      Temps:          0       0       0       0       0       0       0       0       0       0       0       0       
      +0       0
 11017 ;;      Totals:         0       0       0       0       0       0       0       0       0       0       0       0       
      +0       0
 11018 ;;Total ram usage:        0 bytes
 11019 ;; Hardware stack levels used: 1
 11020 ;; Hardware stack levels required when called: 3
 11021 ;; This function calls:
 11022 ;;		_TMR1_SetInterruptHandler
 11023 ;; This function is called by:
 11024 ;;		_SYSTEM_Initialize
 11025 ;;		_main
 11026 ;; This function uses a non-reentrant model
 11027 ;;
 11028                           
 11029     0EDB                     _TMR1_Initialize:	
 11030                           ;psect for function _TMR1_Initialize
 11031                           
 11032     0EDB                     l3924:	
 11033                           ;incstack = 0
 11034                           ; Regs used in _TMR1_Initialize: [wreg+status,2+status,0+pclath+cstack]
 11035                           
 11036                           
 11037                           ;mcc_generated_files/tmr1.c: 69:     T1GCON = 0x00;
 11038     0EDB  0024               	movlb	4	; select bank4
 11039     0EDC  018F               	clrf	15	;volatile
 11040                           
 11041                           ;mcc_generated_files/tmr1.c: 72:     T1GATE = 0x00;
 11042     0EDD  0190               	clrf	16	;volatile
 11043     0EDE                     l3926:
 11044                           
 11045                           ;mcc_generated_files/tmr1.c: 75:     T1CLK = 0x04;
 11046     0EDE  3004               	movlw	4
 11047     0EDF  0091               	movwf	17	;volatile
 11048     0EE0                     l3928:
 11049                           
 11050                           ;mcc_generated_files/tmr1.c: 78:     TMR1H = 0x86;
 11051     0EE0  3086               	movlw	134
 11052     0EE1  008D               	movwf	13	;volatile
 11053     0EE2                     l3930:
 11054                           
 11055                           ;mcc_generated_files/tmr1.c: 81:     TMR1L = 0xE8;
 11056     0EE2  30E8               	movlw	232
 11057     0EE3  008C               	movwf	12	;volatile
 11058     0EE4                     l3932:
 11059                           
 11060                           ;mcc_generated_files/tmr1.c: 84:     PIR4bits.TMR1IF = 0;
 11061     0EE4  002E               	movlb	14	; select bank14
 11062     0EE5  1010               	bcf	16,0	;volatile
 11063     0EE6                     l3934:
 11064                           
 11065                           ;mcc_generated_files/tmr1.c: 87:     timer1ReloadVal=(uint16_t)((TMR1H << 8) | TMR1L);
 11066     0EE6  0024               	movlb	4	; select bank4
 11067     0EE7  080D               	movf	13,w	;volatile
 11068     0EE8  00FB               	movwf	_timer1ReloadVal+1	;volatile
 11069     0EE9  080C               	movf	12,w	;volatile
 11070     0EEA  00FA               	movwf	_timer1ReloadVal	;volatile
 11071     0EEB                     l3936:
 11072                           
 11073                           ;mcc_generated_files/tmr1.c: 90:     PIE4bits.TMR1IE = 1;
 11074     0EEB  002E               	movlb	14	; select bank14
 11075     0EEC  141A               	bsf	26,0	;volatile
 11076     0EED                     l3938:
 11077                           
 11078                           ;mcc_generated_files/tmr1.c: 93:     TMR1_SetInterruptHandler(TMR1_DefaultInterruptHandl
      +                          er);
 11079     0EED  30AA               	movlw	low _TMR1_DefaultInterruptHandler
 11080     0EEE  00F2               	movwf	TMR1_SetInterruptHandler@InterruptHandler
 11081     0EEF  300D               	movlw	high _TMR1_DefaultInterruptHandler
 11082     0EF0  00F3               	movwf	TMR1_SetInterruptHandler@InterruptHandler+1
 11083     0EF1  318D  25B7  318E   	fcall	_TMR1_SetInterruptHandler
 11084     0EF4                     l3940:
 11085                           
 11086                           ;mcc_generated_files/tmr1.c: 96:     T1CON = 0x05;
 11087     0EF4  3005               	movlw	5
 11088     0EF5  0024               	movlb	4	; select bank4
 11089     0EF6  008E               	movwf	14	;volatile
 11090     0EF7                     l871:
 11091     0EF7  0008               	return
 11092     0EF8                     __end_of_TMR1_Initialize:
 11093                           
 11094                           	psect	text19
 11095     0DB7                     __ptext19:	
 11096 ;; *************** function _TMR1_SetInterruptHandler *****************
 11097 ;; Defined at:
 11098 ;;		line 178 in file "mcc_generated_files/tmr1.c"
 11099 ;; Parameters:    Size  Location     Type
 11100 ;;  InterruptHan    2    2[COMMON] PTR FTN()void 
 11101 ;;		 -> timer_1s(1), TMR1_DefaultInterruptHandler(1), 
 11102 ;; Auto vars:     Size  Location     Type
 11103 ;;		None
 11104 ;; Return value:  Size  Location     Type
 11105 ;;                  1    wreg      void 
 11106 ;; Registers used:
 11107 ;;		wreg
 11108 ;; Tracked objects:
 11109 ;;		On entry : 0/0
 11110 ;;		On exit  : 0/0
 11111 ;;		Unchanged: 0/0
 11112 ;; Data sizes:     COMMON   BANK0   BANK1   BANK2   BANK3   BANK4   BANK5   BANK6   BANK7   BANK8   BANK9  BANK10  BANK1
      +1  BANK12
 11113 ;;      Params:         2       0       0       0       0       0       0       0       0       0       0       0       
      +0       0
 11114 ;;      Locals:         0       0       0       0       0       0       0       0       0       0       0       0       
      +0       0
 11115 ;;      Temps:          0       0       0       0       0       0       0       0       0       0       0       0       
      +0       0
 11116 ;;      Totals:         2       0       0       0       0       0       0       0       0       0       0       0       
      +0       0
 11117 ;;Total ram usage:        2 bytes
 11118 ;; Hardware stack levels used: 1
 11119 ;; Hardware stack levels required when called: 3
 11120 ;; This function calls:
 11121 ;;		Nothing
 11122 ;; This function is called by:
 11123 ;;		_TMR1_Initialize
 11124 ;;		_main
 11125 ;; This function uses a non-reentrant model
 11126 ;;
 11127                           
 11128     0DB7                     _TMR1_SetInterruptHandler:	
 11129                           ;psect for function _TMR1_SetInterruptHandler
 11130                           
 11131     0DB7                     l3698:	
 11132                           ;incstack = 0
 11133                           ; Regs used in _TMR1_SetInterruptHandler: [wreg]
 11134                           
 11135                           
 11136                           ;mcc_generated_files/tmr1.c: 179:     TMR1_InterruptHandler = InterruptHandler;
 11137     0DB7  0873               	movf	TMR1_SetInterruptHandler@InterruptHandler+1,w
 11138     0DB8  0021               	movlb	1	; select bank1
 11139     0DB9  00E2               	movwf	(_TMR1_InterruptHandler+1)^(0+128)
 11140     0DBA  0872               	movf	TMR1_SetInterruptHandler@InterruptHandler,w
 11141     0DBB  00E1               	movwf	_TMR1_InterruptHandler^(0+128)
 11142     0DBC                     l901:
 11143     0DBC  0008               	return
 11144     0DBD                     __end_of_TMR1_SetInterruptHandler:
 11145                           
 11146                           	psect	text20
 11147     0DF0                     __ptext20:	
 11148 ;; *************** function _PWM6_Initialize *****************
 11149 ;; Defined at:
 11150 ;;		line 58 in file "mcc_generated_files/pwm6.c"
 11151 ;; Parameters:    Size  Location     Type
 11152 ;;		None
 11153 ;; Auto vars:     Size  Location     Type
 11154 ;;		None
 11155 ;; Return value:  Size  Location     Type
 11156 ;;                  1    wreg      void 
 11157 ;; Registers used:
 11158 ;;		wreg, status,2, status,0
 11159 ;; Tracked objects:
 11160 ;;		On entry : 0/0
 11161 ;;		On exit  : 0/0
 11162 ;;		Unchanged: 0/0
 11163 ;; Data sizes:     COMMON   BANK0   BANK1   BANK2   BANK3   BANK4   BANK5   BANK6   BANK7   BANK8   BANK9  BANK10  BANK1
      +1  BANK12
 11164 ;;      Params:         0       0       0       0       0       0       0       0       0       0       0       0       
      +0       0
 11165 ;;      Locals:         0       0       0       0       0       0       0       0       0       0       0       0       
      +0       0
 11166 ;;      Temps:          0       0       0       0       0       0       0       0       0       0       0       0       
      +0       0
 11167 ;;      Totals:         0       0       0       0       0       0       0       0       0       0       0       0       
      +0       0
 11168 ;;Total ram usage:        0 bytes
 11169 ;; Hardware stack levels used: 1
 11170 ;; Hardware stack levels required when called: 3
 11171 ;; This function calls:
 11172 ;;		Nothing
 11173 ;; This function is called by:
 11174 ;;		_SYSTEM_Initialize
 11175 ;; This function uses a non-reentrant model
 11176 ;;
 11177                           
 11178     0DF0                     _PWM6_Initialize:	
 11179                           ;psect for function _PWM6_Initialize
 11180                           
 11181     0DF0                     l3904:	
 11182                           ;incstack = 0
 11183                           ; Regs used in _PWM6_Initialize: [wreg+status,2+status,0]
 11184                           
 11185                           
 11186                           ;mcc_generated_files/pwm6.c: 62:     PWM6CON = 0x80;
 11187     0DF0  3080               	movlw	128
 11188     0DF1  0027               	movlb	7	; select bank7
 11189     0DF2  008E               	movwf	14	;volatile
 11190                           
 11191                           ;mcc_generated_files/pwm6.c: 65:     PWM6DCH = 0x0C;
 11192     0DF3  300C               	movlw	12
 11193     0DF4  008D               	movwf	13	;volatile
 11194                           
 11195                           ;mcc_generated_files/pwm6.c: 68:     PWM6DCL = 0x40;
 11196     0DF5  3040               	movlw	64
 11197     0DF6  008C               	movwf	12	;volatile
 11198     0DF7                     l3906:
 11199                           
 11200                           ;mcc_generated_files/pwm6.c: 71:     CCPTMRS1bits.P6TSEL = 1;
 11201     0DF7  0024               	movlb	4	; select bank4
 11202     0DF8  081F               	movf	31,w	;volatile
 11203     0DF9  39F3               	andlw	-13
 11204     0DFA  3804               	iorlw	4
 11205     0DFB  009F               	movwf	31	;volatile
 11206     0DFC                     l915:
 11207     0DFC  0008               	return
 11208     0DFD                     __end_of_PWM6_Initialize:
 11209                           
 11210                           	psect	text21
 11211     0DD2                     __ptext21:	
 11212 ;; *************** function _PMD_Initialize *****************
 11213 ;; Defined at:
 11214 ;;		line 76 in file "mcc_generated_files/mcc.c"
 11215 ;; Parameters:    Size  Location     Type
 11216 ;;		None
 11217 ;; Auto vars:     Size  Location     Type
 11218 ;;		None
 11219 ;; Return value:  Size  Location     Type
 11220 ;;                  1    wreg      void 
 11221 ;; Registers used:
 11222 ;;		status,2
 11223 ;; Tracked objects:
 11224 ;;		On entry : 0/0
 11225 ;;		On exit  : 0/0
 11226 ;;		Unchanged: 0/0
 11227 ;; Data sizes:     COMMON   BANK0   BANK1   BANK2   BANK3   BANK4   BANK5   BANK6   BANK7   BANK8   BANK9  BANK10  BANK1
      +1  BANK12
 11228 ;;      Params:         0       0       0       0       0       0       0       0       0       0       0       0       
      +0       0
 11229 ;;      Locals:         0       0       0       0       0       0       0       0       0       0       0       0       
      +0       0
 11230 ;;      Temps:          0       0       0       0       0       0       0       0       0       0       0       0       
      +0       0
 11231 ;;      Totals:         0       0       0       0       0       0       0       0       0       0       0       0       
      +0       0
 11232 ;;Total ram usage:        0 bytes
 11233 ;; Hardware stack levels used: 1
 11234 ;; Hardware stack levels required when called: 3
 11235 ;; This function calls:
 11236 ;;		Nothing
 11237 ;; This function is called by:
 11238 ;;		_SYSTEM_Initialize
 11239 ;; This function uses a non-reentrant model
 11240 ;;
 11241                           
 11242     0DD2                     _PMD_Initialize:	
 11243                           ;psect for function _PMD_Initialize
 11244                           
 11245     0DD2                     l3834:	
 11246                           ;incstack = 0
 11247                           ; Regs used in _PMD_Initialize: [status,2]
 11248                           
 11249                           
 11250                           ;mcc_generated_files/mcc.c: 79:     PMD0 = 0x00;
 11251     0DD2  002F               	movlb	15	; select bank15
 11252     0DD3  0196               	clrf	22	;volatile
 11253                           
 11254                           ;mcc_generated_files/mcc.c: 81:     PMD1 = 0x00;
 11255     0DD4  0197               	clrf	23	;volatile
 11256                           
 11257                           ;mcc_generated_files/mcc.c: 83:     PMD2 = 0x00;
 11258     0DD5  0198               	clrf	24	;volatile
 11259                           
 11260                           ;mcc_generated_files/mcc.c: 85:     PMD3 = 0x00;
 11261     0DD6  0199               	clrf	25	;volatile
 11262                           
 11263                           ;mcc_generated_files/mcc.c: 87:     PMD4 = 0x00;
 11264     0DD7  019A               	clrf	26	;volatile
 11265                           
 11266                           ;mcc_generated_files/mcc.c: 89:     PMD5 = 0x00;
 11267     0DD8  019B               	clrf	27	;volatile
 11268     0DD9                     l402:
 11269     0DD9  0008               	return
 11270     0DDA                     __end_of_PMD_Initialize:
 11271                           
 11272                           	psect	text22
 11273     07AE                     __ptext22:	
 11274 ;; *************** function _PIN_MANAGER_Initialize *****************
 11275 ;; Defined at:
 11276 ;;		line 55 in file "mcc_generated_files/pin_manager.c"
 11277 ;; Parameters:    Size  Location     Type
 11278 ;;		None
 11279 ;; Auto vars:     Size  Location     Type
 11280 ;;		None
 11281 ;; Return value:  Size  Location     Type
 11282 ;;                  1    wreg      void 
 11283 ;; Registers used:
 11284 ;;		status,2
 11285 ;; Tracked objects:
 11286 ;;		On entry : 0/0
 11287 ;;		On exit  : 0/0
 11288 ;;		Unchanged: 0/0
 11289 ;; Data sizes:     COMMON   BANK0   BANK1   BANK2   BANK3   BANK4   BANK5   BANK6   BANK7   BANK8   BANK9  BANK10  BANK1
      +1  BANK12
 11290 ;;      Params:         0       0       0       0       0       0       0       0       0       0       0       0       
      +0       0
 11291 ;;      Locals:         0       0       0       0       0       0       0       0       0       0       0       0       
      +0       0
 11292 ;;      Temps:          0       0       0       0       0       0       0       0       0       0       0       0       
      +0       0
 11293 ;;      Totals:         0       0       0       0       0       0       0       0       0       0       0       0       
      +0       0
 11294 ;;Total ram usage:        0 bytes
 11295 ;; Hardware stack levels used: 1
 11296 ;; Hardware stack levels required when called: 3
 11297 ;; This function calls:
 11298 ;;		Nothing
 11299 ;; This function is called by:
 11300 ;;		_SYSTEM_Initialize
 11301 ;; This function uses a non-reentrant model
 11302 ;;
 11303                           
 11304     07AE                     _PIN_MANAGER_Initialize:	
 11305                           ;psect for function _PIN_MANAGER_Initialize
 11306                           
 11307     07AE                     l3844:	
 11308                           ;incstack = 0
 11309                           ; Regs used in _PIN_MANAGER_Initialize: [status,2]
 11310                           
 11311                           
 11312                           ;mcc_generated_files/pin_manager.c: 60:     LATE = 0x00;
 11313     07AE  0020               	movlb	0	; select bank0
 11314     07AF  019A               	clrf	26	;volatile
 11315                           
 11316                           ;mcc_generated_files/pin_manager.c: 61:     LATD = 0x00;
 11317     07B0  0199               	clrf	25	;volatile
 11318                           
 11319                           ;mcc_generated_files/pin_manager.c: 62:     LATA = 0x00;
 11320     07B1  0196               	clrf	22	;volatile
 11321                           
 11322                           ;mcc_generated_files/pin_manager.c: 63:     LATB = 0x00;
 11323     07B2  0197               	clrf	23	;volatile
 11324                           
 11325                           ;mcc_generated_files/pin_manager.c: 64:     LATC = 0x00;
 11326     07B3  0198               	clrf	24	;volatile
 11327     07B4                     l3846:
 11328                           
 11329                           ;mcc_generated_files/pin_manager.c: 69:     TRISE = 0x07;
 11330     07B4  3007               	movlw	7
 11331     07B5  0095               	movwf	21	;volatile
 11332     07B6                     l3848:
 11333                           
 11334                           ;mcc_generated_files/pin_manager.c: 70:     TRISA = 0x0F;
 11335     07B6  300F               	movlw	15
 11336     07B7  0091               	movwf	17	;volatile
 11337     07B8                     l3850:
 11338                           
 11339                           ;mcc_generated_files/pin_manager.c: 71:     TRISB = 0xFF;
 11340     07B8  30FF               	movlw	255
 11341     07B9  0092               	movwf	18	;volatile
 11342     07BA                     l3852:
 11343                           
 11344                           ;mcc_generated_files/pin_manager.c: 72:     TRISC = 0xFF;
 11345     07BA  30FF               	movlw	255
 11346     07BB  0093               	movwf	19	;volatile
 11347     07BC                     l3854:
 11348                           
 11349                           ;mcc_generated_files/pin_manager.c: 73:     TRISD = 0xFF;
 11350     07BC  30FF               	movlw	255
 11351     07BD  0094               	movwf	20	;volatile
 11352     07BE                     l3856:
 11353                           
 11354                           ;mcc_generated_files/pin_manager.c: 78:     ANSELD = 0xFF;
 11355     07BE  30FF               	movlw	255
 11356     07BF  003E               	movlb	30	; select bank30
 11357     07C0  00D9               	movwf	89	;volatile
 11358     07C1                     l3858:
 11359                           
 11360                           ;mcc_generated_files/pin_manager.c: 79:     ANSELC = 0xE7;
 11361     07C1  30E7               	movlw	231
 11362     07C2  00CE               	movwf	78	;volatile
 11363     07C3                     l3860:
 11364                           
 11365                           ;mcc_generated_files/pin_manager.c: 80:     ANSELB = 0xFF;
 11366     07C3  30FF               	movlw	255
 11367     07C4  00C3               	movwf	67	;volatile
 11368     07C5                     l3862:
 11369                           
 11370                           ;mcc_generated_files/pin_manager.c: 81:     ANSELE = 0x07;
 11371     07C5  3007               	movlw	7
 11372     07C6  00E4               	movwf	100	;volatile
 11373     07C7                     l3864:
 11374                           
 11375                           ;mcc_generated_files/pin_manager.c: 82:     ANSELA = 0x4F;
 11376     07C7  304F               	movlw	79
 11377     07C8  00B8               	movwf	56	;volatile
 11378                           
 11379                           ;mcc_generated_files/pin_manager.c: 87:     WPUD = 0x00;
 11380     07C9  01DA               	clrf	90	;volatile
 11381                           
 11382                           ;mcc_generated_files/pin_manager.c: 88:     WPUE = 0x00;
 11383     07CA  01E5               	clrf	101	;volatile
 11384                           
 11385                           ;mcc_generated_files/pin_manager.c: 89:     WPUB = 0x00;
 11386     07CB  01C4               	clrf	68	;volatile
 11387                           
 11388                           ;mcc_generated_files/pin_manager.c: 90:     WPUA = 0x00;
 11389     07CC  01B9               	clrf	57	;volatile
 11390     07CD                     l3866:
 11391                           
 11392                           ;mcc_generated_files/pin_manager.c: 91:     WPUC = 0x18;
 11393     07CD  3018               	movlw	24
 11394     07CE  00CF               	movwf	79	;volatile
 11395                           
 11396                           ;mcc_generated_files/pin_manager.c: 96:     ODCONE = 0x00;
 11397     07CF  01E6               	clrf	102	;volatile
 11398                           
 11399                           ;mcc_generated_files/pin_manager.c: 97:     ODCONA = 0x00;
 11400     07D0  01BA               	clrf	58	;volatile
 11401                           
 11402                           ;mcc_generated_files/pin_manager.c: 98:     ODCONB = 0x00;
 11403     07D1  01C5               	clrf	69	;volatile
 11404                           
 11405                           ;mcc_generated_files/pin_manager.c: 99:     ODCONC = 0x00;
 11406     07D2  01D0               	clrf	80	;volatile
 11407                           
 11408                           ;mcc_generated_files/pin_manager.c: 100:     ODCOND = 0x00;
 11409     07D3  01DB               	clrf	91	;volatile
 11410     07D4                     l3868:
 11411                           
 11412                           ;mcc_generated_files/pin_manager.c: 105:     SLRCONA = 0xFF;
 11413     07D4  30FF               	movlw	255
 11414     07D5  00BB               	movwf	59	;volatile
 11415     07D6                     l3870:
 11416                           
 11417                           ;mcc_generated_files/pin_manager.c: 106:     SLRCONB = 0xFF;
 11418     07D6  30FF               	movlw	255
 11419     07D7  00C6               	movwf	70	;volatile
 11420     07D8                     l3872:
 11421                           
 11422                           ;mcc_generated_files/pin_manager.c: 107:     SLRCONC = 0xFF;
 11423     07D8  30FF               	movlw	255
 11424     07D9  00D1               	movwf	81	;volatile
 11425     07DA                     l3874:
 11426                           
 11427                           ;mcc_generated_files/pin_manager.c: 108:     SLRCOND = 0xFF;
 11428     07DA  30FF               	movlw	255
 11429     07DB  00DC               	movwf	92	;volatile
 11430     07DC                     l3876:
 11431                           
 11432                           ;mcc_generated_files/pin_manager.c: 109:     SLRCONE = 0x07;
 11433     07DC  3007               	movlw	7
 11434     07DD  00E7               	movwf	103	;volatile
 11435     07DE                     l3878:
 11436                           
 11437                           ;mcc_generated_files/pin_manager.c: 114:     INLVLA = 0xFF;
 11438     07DE  30FF               	movlw	255
 11439     07DF  00BC               	movwf	60	;volatile
 11440     07E0                     l3880:
 11441                           
 11442                           ;mcc_generated_files/pin_manager.c: 115:     INLVLB = 0xFF;
 11443     07E0  30FF               	movlw	255
 11444     07E1  00C7               	movwf	71	;volatile
 11445     07E2                     l3882:
 11446                           
 11447                           ;mcc_generated_files/pin_manager.c: 116:     INLVLC = 0xFF;
 11448     07E2  30FF               	movlw	255
 11449     07E3  00D2               	movwf	82	;volatile
 11450     07E4                     l3884:
 11451                           
 11452                           ;mcc_generated_files/pin_manager.c: 117:     INLVLD = 0xFF;
 11453     07E4  30FF               	movlw	255
 11454     07E5  00DD               	movwf	93	;volatile
 11455     07E6                     l3886:
 11456                           
 11457                           ;mcc_generated_files/pin_manager.c: 118:     INLVLE = 0x07;
 11458     07E6  3007               	movlw	7
 11459     07E7  00E8               	movwf	104	;volatile
 11460     07E8                     l3888:
 11461                           
 11462                           ;mcc_generated_files/pin_manager.c: 127:     SSP1CLKPPS = 0x13;
 11463     07E8  3013               	movlw	19
 11464     07E9  003D               	movlb	29	; select bank29
 11465     07EA  00C5               	movwf	69	;volatile
 11466     07EB                     l3890:
 11467                           
 11468                           ;mcc_generated_files/pin_manager.c: 128:     RC3PPS = 0x14;
 11469     07EB  3014               	movlw	20
 11470     07EC  003E               	movlb	30	; select bank30
 11471     07ED  00A3               	movwf	35	;volatile
 11472     07EE                     l3892:
 11473                           
 11474                           ;mcc_generated_files/pin_manager.c: 129:     RC4PPS = 0x15;
 11475     07EE  3015               	movlw	21
 11476     07EF  00A4               	movwf	36	;volatile
 11477     07F0                     l3894:
 11478                           
 11479                           ;mcc_generated_files/pin_manager.c: 130:     RA6PPS = 0x0E;
 11480     07F0  300E               	movlw	14
 11481     07F1  0096               	movwf	22	;volatile
 11482     07F2                     l3896:
 11483                           
 11484                           ;mcc_generated_files/pin_manager.c: 131:     SSP1DATPPS = 0x14;
 11485     07F2  3014               	movlw	20
 11486     07F3  003D               	movlb	29	; select bank29
 11487     07F4  00C6               	movwf	70	;volatile
 11488     07F5                     l485:
 11489     07F5  0008               	return
 11490     07F6                     __end_of_PIN_MANAGER_Initialize:
 11491                           
 11492                           	psect	text23
 11493     0DDA                     __ptext23:	
 11494 ;; *************** function _OSCILLATOR_Initialize *****************
 11495 ;; Defined at:
 11496 ;;		line 62 in file "mcc_generated_files/mcc.c"
 11497 ;; Parameters:    Size  Location     Type
 11498 ;;		None
 11499 ;; Auto vars:     Size  Location     Type
 11500 ;;		None
 11501 ;; Return value:  Size  Location     Type
 11502 ;;                  1    wreg      void 
 11503 ;; Registers used:
 11504 ;;		status,2
 11505 ;; Tracked objects:
 11506 ;;		On entry : 0/0
 11507 ;;		On exit  : 0/0
 11508 ;;		Unchanged: 0/0
 11509 ;; Data sizes:     COMMON   BANK0   BANK1   BANK2   BANK3   BANK4   BANK5   BANK6   BANK7   BANK8   BANK9  BANK10  BANK1
      +1  BANK12
 11510 ;;      Params:         0       0       0       0       0       0       0       0       0       0       0       0       
      +0       0
 11511 ;;      Locals:         0       0       0       0       0       0       0       0       0       0       0       0       
      +0       0
 11512 ;;      Temps:          0       0       0       0       0       0       0       0       0       0       0       0       
      +0       0
 11513 ;;      Totals:         0       0       0       0       0       0       0       0       0       0       0       0       
      +0       0
 11514 ;;Total ram usage:        0 bytes
 11515 ;; Hardware stack levels used: 1
 11516 ;; Hardware stack levels required when called: 3
 11517 ;; This function calls:
 11518 ;;		Nothing
 11519 ;; This function is called by:
 11520 ;;		_SYSTEM_Initialize
 11521 ;; This function uses a non-reentrant model
 11522 ;;
 11523                           
 11524     0DDA                     _OSCILLATOR_Initialize:	
 11525                           ;psect for function _OSCILLATOR_Initialize
 11526                           
 11527     0DDA                     l3898:	
 11528                           ;incstack = 0
 11529                           ; Regs used in _OSCILLATOR_Initialize: [status,2]
 11530                           
 11531                           
 11532                           ;mcc_generated_files/mcc.c: 65:     OSCCON1 = 0x62;
 11533     0DDA  3062               	movlw	98
 11534     0DDB  0031               	movlb	17	; select bank17
 11535     0DDC  008D               	movwf	13	;volatile
 11536     0DDD                     l3900:
 11537                           
 11538                           ;mcc_generated_files/mcc.c: 67:     OSCCON3 = 0x00;
 11539     0DDD  018F               	clrf	15	;volatile
 11540                           
 11541                           ;mcc_generated_files/mcc.c: 69:     OSCEN = 0x00;
 11542     0DDE  0191               	clrf	17	;volatile
 11543     0DDF                     l3902:
 11544                           
 11545                           ;mcc_generated_files/mcc.c: 71:     OSCFRQ = 0x02;
 11546     0DDF  3002               	movlw	2
 11547     0DE0  0093               	movwf	19	;volatile
 11548                           
 11549                           ;mcc_generated_files/mcc.c: 73:     OSCTUNE = 0x00;
 11550     0DE1  0192               	clrf	18	;volatile
 11551     0DE2                     l399:
 11552     0DE2  0008               	return
 11553     0DE3                     __end_of_OSCILLATOR_Initialize:
 11554                           
 11555                           	psect	text24
 11556     07F6                     __ptext24:	
 11557 ;; *************** function _I2C1_Initialize *****************
 11558 ;; Defined at:
 11559 ;;		line 167 in file "mcc_generated_files/i2c1_master.c"
 11560 ;; Parameters:    Size  Location     Type
 11561 ;;		None
 11562 ;; Auto vars:     Size  Location     Type
 11563 ;;		None
 11564 ;; Return value:  Size  Location     Type
 11565 ;;                  1    wreg      void 
 11566 ;; Registers used:
 11567 ;;		status,2
 11568 ;; Tracked objects:
 11569 ;;		On entry : 0/0
 11570 ;;		On exit  : 0/0
 11571 ;;		Unchanged: 0/0
 11572 ;; Data sizes:     COMMON   BANK0   BANK1   BANK2   BANK3   BANK4   BANK5   BANK6   BANK7   BANK8   BANK9  BANK10  BANK1
      +1  BANK12
 11573 ;;      Params:         0       0       0       0       0       0       0       0       0       0       0       0       
      +0       0
 11574 ;;      Locals:         0       0       0       0       0       0       0       0       0       0       0       0       
      +0       0
 11575 ;;      Temps:          0       0       0       0       0       0       0       0       0       0       0       0       
      +0       0
 11576 ;;      Totals:         0       0       0       0       0       0       0       0       0       0       0       0       
      +0       0
 11577 ;;Total ram usage:        0 bytes
 11578 ;; Hardware stack levels used: 1
 11579 ;; Hardware stack levels required when called: 3
 11580 ;; This function calls:
 11581 ;;		Nothing
 11582 ;; This function is called by:
 11583 ;;		_SYSTEM_Initialize
 11584 ;; This function uses a non-reentrant model
 11585 ;;
 11586                           
 11587     07F6                     _I2C1_Initialize:	
 11588                           ;psect for function _I2C1_Initialize
 11589                           
 11590     07F6                     l3836:	
 11591                           ;incstack = 0
 11592                           ; Regs used in _I2C1_Initialize: [status,2]
 11593                           
 11594                           
 11595                           ;mcc_generated_files/i2c1_master.c: 169:     SSP1STAT = 0x80;
 11596     07F6  3080               	movlw	128
 11597     07F7  0023               	movlb	3	; select bank3
 11598     07F8  008F               	movwf	15	;volatile
 11599                           
 11600                           ;mcc_generated_files/i2c1_master.c: 170:     SSP1CON1 = 0x08;
 11601     07F9  3008               	movlw	8
 11602     07FA  0090               	movwf	16	;volatile
 11603     07FB                     l3838:
 11604                           
 11605                           ;mcc_generated_files/i2c1_master.c: 171:     SSP1CON2 = 0x00;
 11606     07FB  0191               	clrf	17	;volatile
 11607     07FC                     l3840:
 11608                           
 11609                           ;mcc_generated_files/i2c1_master.c: 172:     SSP1ADD = 0x03;
 11610     07FC  3003               	movlw	3
 11611     07FD  008D               	movwf	13	;volatile
 11612     07FE                     l3842:
 11613                           
 11614                           ;mcc_generated_files/i2c1_master.c: 173:     SSP1CON1bits.SSPEN = 0;
 11615     07FE  1290               	bcf	16,5	;volatile
 11616     07FF                     l593:
 11617     07FF  0008               	return
 11618     0800                     __end_of_I2C1_Initialize:
 11619                           
 11620                           	psect	text25
 11621     0E90                     __ptext25:	
 11622 ;; *************** function _ADCC_Initialize *****************
 11623 ;; Defined at:
 11624 ;;		line 63 in file "mcc_generated_files/adcc.c"
 11625 ;; Parameters:    Size  Location     Type
 11626 ;;		None
 11627 ;; Auto vars:     Size  Location     Type
 11628 ;;		None
 11629 ;; Return value:  Size  Location     Type
 11630 ;;                  1    wreg      void 
 11631 ;; Registers used:
 11632 ;;		status,2
 11633 ;; Tracked objects:
 11634 ;;		On entry : 0/0
 11635 ;;		On exit  : 0/0
 11636 ;;		Unchanged: 0/0
 11637 ;; Data sizes:     COMMON   BANK0   BANK1   BANK2   BANK3   BANK4   BANK5   BANK6   BANK7   BANK8   BANK9  BANK10  BANK1
      +1  BANK12
 11638 ;;      Params:         0       0       0       0       0       0       0       0       0       0       0       0       
      +0       0
 11639 ;;      Locals:         0       0       0       0       0       0       0       0       0       0       0       0       
      +0       0
 11640 ;;      Temps:          0       0       0       0       0       0       0       0       0       0       0       0       
      +0       0
 11641 ;;      Totals:         0       0       0       0       0       0       0       0       0       0       0       0       
      +0       0
 11642 ;;Total ram usage:        0 bytes
 11643 ;; Hardware stack levels used: 1
 11644 ;; Hardware stack levels required when called: 3
 11645 ;; This function calls:
 11646 ;;		Nothing
 11647 ;; This function is called by:
 11648 ;;		_SYSTEM_Initialize
 11649 ;;		_main
 11650 ;; This function uses a non-reentrant model
 11651 ;;
 11652                           
 11653     0E90                     _ADCC_Initialize:	
 11654                           ;psect for function _ADCC_Initialize
 11655                           
 11656     0E90                     l3908:	
 11657                           ;incstack = 0
 11658                           ; Regs used in _ADCC_Initialize: [status,2]
 11659                           
 11660                           
 11661                           ;mcc_generated_files/adcc.c: 67:     ADLTHL = 0x00;
 11662     0E90  0022               	movlb	2	; select bank2
 11663     0E91  018E               	clrf	14	;volatile
 11664                           
 11665                           ;mcc_generated_files/adcc.c: 69:     ADLTHH = 0x00;
 11666     0E92  018F               	clrf	15	;volatile
 11667                           
 11668                           ;mcc_generated_files/adcc.c: 71:     ADUTHL = 0x00;
 11669     0E93  0190               	clrf	16	;volatile
 11670                           
 11671                           ;mcc_generated_files/adcc.c: 73:     ADUTHH = 0x00;
 11672     0E94  0191               	clrf	17	;volatile
 11673                           
 11674                           ;mcc_generated_files/adcc.c: 75:     ADSTPTL = 0x00;
 11675     0E95  0192               	clrf	18	;volatile
 11676                           
 11677                           ;mcc_generated_files/adcc.c: 77:     ADSTPTH = 0x00;
 11678     0E96  0193               	clrf	19	;volatile
 11679                           
 11680                           ;mcc_generated_files/adcc.c: 79:     ADRPT = 0x00;
 11681     0E97  018D               	clrf	13	;volatile
 11682                           
 11683                           ;mcc_generated_files/adcc.c: 81:     ADPCH = 0x00;
 11684     0E98  0021               	movlb	1	; select bank1
 11685     0E99  019E               	clrf	30	;volatile
 11686                           
 11687                           ;mcc_generated_files/adcc.c: 83:     ADCAP = 0x00;
 11688     0E9A  019B               	clrf	27	;volatile
 11689                           
 11690                           ;mcc_generated_files/adcc.c: 85:     ADPRE = 0x00;
 11691     0E9B  019C               	clrf	28	;volatile
 11692                           
 11693                           ;mcc_generated_files/adcc.c: 87:     ADCON1 = 0x00;
 11694     0E9C  0194               	clrf	20	;volatile
 11695                           
 11696                           ;mcc_generated_files/adcc.c: 89:     ADCON2 = 0x00;
 11697     0E9D  0195               	clrf	21	;volatile
 11698                           
 11699                           ;mcc_generated_files/adcc.c: 91:     ADCON3 = 0x00;
 11700     0E9E  0196               	clrf	22	;volatile
 11701                           
 11702                           ;mcc_generated_files/adcc.c: 93:     ADSTAT = 0x00;
 11703     0E9F  0197               	clrf	23	;volatile
 11704                           
 11705                           ;mcc_generated_files/adcc.c: 95:     ADREF = 0x00;
 11706     0EA0  019A               	clrf	26	;volatile
 11707                           
 11708                           ;mcc_generated_files/adcc.c: 97:     ADACT = 0x00;
 11709     0EA1  0199               	clrf	25	;volatile
 11710                           
 11711                           ;mcc_generated_files/adcc.c: 99:     ADCLK = 0x00;
 11712     0EA2  0198               	clrf	24	;volatile
 11713     0EA3                     l3910:
 11714                           
 11715                           ;mcc_generated_files/adcc.c: 101:     ADCON0 = 0x84;
 11716     0EA3  3084               	movlw	132
 11717     0EA4  0093               	movwf	19	;volatile
 11718     0EA5                     l3912:
 11719                           
 11720                           ;mcc_generated_files/adcc.c: 103:     ADACQ = 0x01;
 11721     0EA5  3001               	movlw	1
 11722     0EA6  009D               	movwf	29	;volatile
 11723     0EA7                     l1060:
 11724     0EA7  0008               	return
 11725     0EA8                     __end_of_ADCC_Initialize:
 11726                           
 11727                           	psect	text26
 11728     0DE3                     __ptext26:	
 11729 ;; *************** function _OpenI2C *****************
 11730 ;; Defined at:
 11731 ;;		line 26 in file "I2C/i2c.c"
 11732 ;; Parameters:    Size  Location     Type
 11733 ;;		None
 11734 ;; Auto vars:     Size  Location     Type
 11735 ;;		None
 11736 ;; Return value:  Size  Location     Type
 11737 ;;                  1    wreg      void 
 11738 ;; Registers used:
 11739 ;;		status,2
 11740 ;; Tracked objects:
 11741 ;;		On entry : 0/0
 11742 ;;		On exit  : 0/0
 11743 ;;		Unchanged: 0/0
 11744 ;; Data sizes:     COMMON   BANK0   BANK1   BANK2   BANK3   BANK4   BANK5   BANK6   BANK7   BANK8   BANK9  BANK10  BANK1
      +1  BANK12
 11745 ;;      Params:         0       0       0       0       0       0       0       0       0       0       0       0       
      +0       0
 11746 ;;      Locals:         0       0       0       0       0       0       0       0       0       0       0       0       
      +0       0
 11747 ;;      Temps:          0       0       0       0       0       0       0       0       0       0       0       0       
      +0       0
 11748 ;;      Totals:         0       0       0       0       0       0       0       0       0       0       0       0       
      +0       0
 11749 ;;Total ram usage:        0 bytes
 11750 ;; Hardware stack levels used: 1
 11751 ;; Hardware stack levels required when called: 3
 11752 ;; This function calls:
 11753 ;;		Nothing
 11754 ;; This function is called by:
 11755 ;;		_main
 11756 ;; This function uses a non-reentrant model
 11757 ;;
 11758                           
 11759     0DE3                     _OpenI2C:	
 11760                           ;psect for function _OpenI2C
 11761                           
 11762     0DE3                     l3970:	
 11763                           ;incstack = 0
 11764                           ; Regs used in _OpenI2C: [status,2]
 11765                           
 11766                           
 11767                           ;I2C/i2c.c: 28:   SSP1STAT = 0x80;
 11768     0DE3  3080               	movlw	128
 11769     0DE4  0023               	movlb	3	; select bank3
 11770     0DE5  008F               	movwf	15	;volatile
 11771                           
 11772                           ;I2C/i2c.c: 29:   SSP1CON1 = 0x08;
 11773     0DE6  3008               	movlw	8
 11774     0DE7  0090               	movwf	16	;volatile
 11775     0DE8                     l3972:
 11776                           
 11777                           ;I2C/i2c.c: 30:   SSP1CON2 = 0x00;
 11778     0DE8  0191               	clrf	17	;volatile
 11779     0DE9                     l3974:
 11780                           
 11781                           ;I2C/i2c.c: 31:   SSP1ADD = 0x03;
 11782     0DE9  3003               	movlw	3
 11783     0DEA  008D               	movwf	13	;volatile
 11784     0DEB                     l3976:
 11785                           
 11786                           ;I2C/i2c.c: 32:   SSP1CON1bits.SSPEN = 1;
 11787     0DEB  1690               	bsf	16,5	;volatile
 11788     0DEC                     l3978:
 11789                           
 11790                           ;I2C/i2c.c: 34:   TRISCbits.TRISC3 = 1;
 11791     0DEC  0020               	movlb	0	; select bank0
 11792     0DED  1593               	bsf	19,3	;volatile
 11793     0DEE                     l3980:
 11794                           
 11795                           ;I2C/i2c.c: 35:   TRISCbits.TRISC4 = 1;
 11796     0DEE  1613               	bsf	19,4	;volatile
 11797     0DEF                     l23:
 11798     0DEF  0008               	return
 11799     0DF0                     __end_of_OpenI2C:
 11800                           
 11801                           	psect	text27
 11802     0E2E                     __ptext27:	
 11803 ;; *************** function _LCDstr *****************
 11804 ;; Defined at:
 11805 ;;		line 112 in file "LCD/lcd.c"
 11806 ;; Parameters:    Size  Location     Type
 11807 ;;  p               1    0[BANK0 ] PTR unsigned char 
 11808 ;;		 -> main@buf(17), 
 11809 ;; Auto vars:     Size  Location     Type
 11810 ;;  c               1    1[BANK0 ] unsigned char 
 11811 ;; Return value:  Size  Location     Type
 11812 ;;                  1    wreg      void 
 11813 ;; Registers used:
 11814 ;;		wreg, fsr1l, fsr1h, status,2, status,0, pclath, cstack
 11815 ;; Tracked objects:
 11816 ;;		On entry : 0/0
 11817 ;;		On exit  : 0/0
 11818 ;;		Unchanged: 0/0
 11819 ;; Data sizes:     COMMON   BANK0   BANK1   BANK2   BANK3   BANK4   BANK5   BANK6   BANK7   BANK8   BANK9  BANK10  BANK1
      +1  BANK12
 11820 ;;      Params:         0       1       0       0       0       0       0       0       0       0       0       0       
      +0       0
 11821 ;;      Locals:         0       1       0       0       0       0       0       0       0       0       0       0       
      +0       0
 11822 ;;      Temps:          0       0       0       0       0       0       0       0       0       0       0       0       
      +0       0
 11823 ;;      Totals:         0       2       0       0       0       0       0       0       0       0       0       0       
      +0       0
 11824 ;;Total ram usage:        2 bytes
 11825 ;; Hardware stack levels used: 1
 11826 ;; Hardware stack levels required when called: 5
 11827 ;; This function calls:
 11828 ;;		_LCDchar
 11829 ;; This function is called by:
 11830 ;;		_main
 11831 ;; This function uses a non-reentrant model
 11832 ;;
 11833                           
 11834     0E2E                     _LCDstr:	
 11835                           ;psect for function _LCDstr
 11836                           
 11837     0E2E                     l5080:	
 11838                           ;incstack = 0
 11839                           ; Regs used in _LCDstr: [wreg+fsr1l+fsr1h+status,2+status,0+pclath+cstack]
 11840                           
 11841                           
 11842                           ;LCD/lcd.c: 112: void LCDstr(char *p);LCD/lcd.c: 113: {;LCD/lcd.c: 114:   unsigned char 
      +                          c;;LCD/lcd.c: 116:   while((c = *p++)) LCDchar(c);
 11843     0E2E  2E33               	goto	l5084
 11844     0E2F                     l5082:
 11845     0E2F  0821               	movf	LCDstr@c,w
 11846     0E30  318D  25CA  318E   	fcall	_LCDchar
 11847     0E33                     l5084:
 11848     0E33  0020               	movlb	0	; select bank0
 11849     0E34  0820               	movf	LCDstr@p,w
 11850     0E35  0086               	movwf	6
 11851     0E36  0187               	clrf	7
 11852     0E37  0AA0               	incf	LCDstr@p,f
 11853     0E38  0801               	movf	1,w
 11854     0E39  00A1               	movwf	LCDstr@c
 11855     0E3A  0821               	movf	LCDstr@c,w
 11856     0E3B  1D03               	btfss	3,2
 11857     0E3C  2E3E               	goto	u4371
 11858     0E3D  2E3F               	goto	u4370
 11859     0E3E                     u4371:
 11860     0E3E  2E2F               	goto	l5082
 11861     0E3F                     u4370:
 11862     0E3F                     l244:
 11863     0E3F  0008               	return
 11864     0E40                     __end_of_LCDstr:
 11865                           
 11866                           	psect	text28
 11867     0DCA                     __ptext28:	
 11868 ;; *************** function _LCDchar *****************
 11869 ;; Defined at:
 11870 ;;		line 107 in file "LCD/lcd.c"
 11871 ;; Parameters:    Size  Location     Type
 11872 ;;  c               1    wreg     unsigned char 
 11873 ;; Auto vars:     Size  Location     Type
 11874 ;;  c               1    9[COMMON] unsigned char 
 11875 ;; Return value:  Size  Location     Type
 11876 ;;                  1    wreg      void 
 11877 ;; Registers used:
 11878 ;;		wreg, status,2, status,0, pclath, cstack
 11879 ;; Tracked objects:
 11880 ;;		On entry : 0/0
 11881 ;;		On exit  : 0/0
 11882 ;;		Unchanged: 0/0
 11883 ;; Data sizes:     COMMON   BANK0   BANK1   BANK2   BANK3   BANK4   BANK5   BANK6   BANK7   BANK8   BANK9  BANK10  BANK1
      +1  BANK12
 11884 ;;      Params:         0       0       0       0       0       0       0       0       0       0       0       0       
      +0       0
 11885 ;;      Locals:         1       0       0       0       0       0       0       0       0       0       0       0       
      +0       0
 11886 ;;      Temps:          0       0       0       0       0       0       0       0       0       0       0       0       
      +0       0
 11887 ;;      Totals:         1       0       0       0       0       0       0       0       0       0       0       0       
      +0       0
 11888 ;;Total ram usage:        1 bytes
 11889 ;; Hardware stack levels used: 1
 11890 ;; Hardware stack levels required when called: 4
 11891 ;; This function calls:
 11892 ;;		_LCDsend2x4
 11893 ;; This function is called by:
 11894 ;;		_LCDstr
 11895 ;; This function uses a non-reentrant model
 11896 ;;
 11897                           
 11898     0DCA                     _LCDchar:	
 11899                           ;psect for function _LCDchar
 11900                           
 11901                           
 11902                           ;incstack = 0
 11903                           ; Regs used in _LCDchar: [wreg+status,2+status,0+pclath+cstack]
 11904                           ;LCDchar@c stored from wreg
 11905     0DCA  00F9               	movwf	LCDchar@c
 11906     0DCB                     l5034:
 11907                           
 11908                           ;LCD/lcd.c: 107: void LCDchar(unsigned char c);LCD/lcd.c: 108: {;LCD/lcd.c: 109:   LCDse
      +                          nd2x4(c, 0x01);
 11909     0DCB  01F4               	clrf	LCDsend2x4@mode
 11910     0DCC  0AF4               	incf	LCDsend2x4@mode,f
 11911     0DCD  0879               	movf	LCDchar@c,w
 11912     0DCE  3184  24D5  318D   	fcall	_LCDsend2x4
 11913     0DD1                     l238:
 11914     0DD1  0008               	return
 11915     0DD2                     __end_of_LCDchar:
 11916                           
 11917                           	psect	text29
 11918     0E65                     __ptext29:	
 11919 ;; *************** function _LCDpos *****************
 11920 ;; Defined at:
 11921 ;;		line 125 in file "LCD/lcd.c"
 11922 ;; Parameters:    Size  Location     Type
 11923 ;;  l               1    wreg     unsigned char 
 11924 ;;  c               1    0[BANK0 ] unsigned char 
 11925 ;; Auto vars:     Size  Location     Type
 11926 ;;  l               1    1[BANK0 ] unsigned char 
 11927 ;;  p               1    2[BANK0 ] unsigned char 
 11928 ;; Return value:  Size  Location     Type
 11929 ;;                  1    wreg      void 
 11930 ;; Registers used:
 11931 ;;		wreg, status,2, status,0, pclath, cstack
 11932 ;; Tracked objects:
 11933 ;;		On entry : 0/0
 11934 ;;		On exit  : 0/0
 11935 ;;		Unchanged: 0/0
 11936 ;; Data sizes:     COMMON   BANK0   BANK1   BANK2   BANK3   BANK4   BANK5   BANK6   BANK7   BANK8   BANK9  BANK10  BANK1
      +1  BANK12
 11937 ;;      Params:         0       1       0       0       0       0       0       0       0       0       0       0       
      +0       0
 11938 ;;      Locals:         0       2       0       0       0       0       0       0       0       0       0       0       
      +0       0
 11939 ;;      Temps:          0       0       0       0       0       0       0       0       0       0       0       0       
      +0       0
 11940 ;;      Totals:         0       3       0       0       0       0       0       0       0       0       0       0       
      +0       0
 11941 ;;Total ram usage:        3 bytes
 11942 ;; Hardware stack levels used: 1
 11943 ;; Hardware stack levels required when called: 5
 11944 ;; This function calls:
 11945 ;;		_LCDcmd
 11946 ;; This function is called by:
 11947 ;;		_main
 11948 ;; This function uses a non-reentrant model
 11949 ;;
 11950                           
 11951     0E65                     _LCDpos:	
 11952                           ;psect for function _LCDpos
 11953                           
 11954                           
 11955                           ;incstack = 0
 11956                           ; Regs used in _LCDpos: [wreg+status,2+status,0+pclath+cstack]
 11957                           ;LCDpos@l stored from wreg
 11958     0E65  0020               	movlb	0	; select bank0
 11959     0E66  00A1               	movwf	LCDpos@l
 11960     0E67                     l5096:
 11961                           
 11962                           ;LCD/lcd.c: 125: void LCDpos(unsigned char l, unsigned char c);LCD/lcd.c: 126: {;LCD/lcd
      +                          .c: 127:   unsigned char p;;LCD/lcd.c: 131:   if (l>=1) p = 0xc0; else p=0x80;
 11963     0E67  0821               	movf	LCDpos@l,w
 11964     0E68  1903               	btfsc	3,2
 11965     0E69  2E6B               	goto	u4391
 11966     0E6A  2E6C               	goto	u4390
 11967     0E6B                     u4391:
 11968     0E6B  2E6F               	goto	l251
 11969     0E6C                     u4390:
 11970     0E6C                     l5098:
 11971     0E6C  30C0               	movlw	192
 11972     0E6D  00A2               	movwf	LCDpos@p
 11973     0E6E  2E71               	goto	l5100
 11974     0E6F                     l251:
 11975     0E6F  3080               	movlw	128
 11976     0E70  00A2               	movwf	LCDpos@p
 11977     0E71                     l5100:
 11978                           
 11979                           ;LCD/lcd.c: 132:   p = p | (c&0x0f);
 11980     0E71  0820               	movf	LCDpos@c,w
 11981     0E72  390F               	andlw	15
 11982     0E73  0422               	iorwf	LCDpos@p,w
 11983     0E74  00A2               	movwf	LCDpos@p
 11984     0E75                     l5102:
 11985                           
 11986                           ;LCD/lcd.c: 133:   LCDcmd(p);
 11987     0E75  0822               	movf	LCDpos@p,w
 11988     0E76  318D  25C3  318E   	fcall	_LCDcmd
 11989     0E79                     l253:
 11990     0E79  0008               	return
 11991     0E7A                     __end_of_LCDpos:
 11992                           
 11993                           	psect	text30
 11994     0DC3                     __ptext30:	
 11995 ;; *************** function _LCDcmd *****************
 11996 ;; Defined at:
 11997 ;;		line 102 in file "LCD/lcd.c"
 11998 ;; Parameters:    Size  Location     Type
 11999 ;;  c               1    wreg     unsigned char 
 12000 ;; Auto vars:     Size  Location     Type
 12001 ;;  c               1    9[COMMON] unsigned char 
 12002 ;; Return value:  Size  Location     Type
 12003 ;;                  1    wreg      void 
 12004 ;; Registers used:
 12005 ;;		wreg, status,2, status,0, pclath, cstack
 12006 ;; Tracked objects:
 12007 ;;		On entry : 0/0
 12008 ;;		On exit  : 0/0
 12009 ;;		Unchanged: 0/0
 12010 ;; Data sizes:     COMMON   BANK0   BANK1   BANK2   BANK3   BANK4   BANK5   BANK6   BANK7   BANK8   BANK9  BANK10  BANK1
      +1  BANK12
 12011 ;;      Params:         0       0       0       0       0       0       0       0       0       0       0       0       
      +0       0
 12012 ;;      Locals:         1       0       0       0       0       0       0       0       0       0       0       0       
      +0       0
 12013 ;;      Temps:          0       0       0       0       0       0       0       0       0       0       0       0       
      +0       0
 12014 ;;      Totals:         1       0       0       0       0       0       0       0       0       0       0       0       
      +0       0
 12015 ;;Total ram usage:        1 bytes
 12016 ;; Hardware stack levels used: 1
 12017 ;; Hardware stack levels required when called: 4
 12018 ;; This function calls:
 12019 ;;		_LCDsend2x4
 12020 ;; This function is called by:
 12021 ;;		_LCDpos
 12022 ;; This function uses a non-reentrant model
 12023 ;;
 12024                           
 12025     0DC3                     _LCDcmd:	
 12026                           ;psect for function _LCDcmd
 12027                           
 12028                           
 12029                           ;incstack = 0
 12030                           ; Regs used in _LCDcmd: [wreg+status,2+status,0+pclath+cstack]
 12031                           ;LCDcmd@c stored from wreg
 12032     0DC3  00F9               	movwf	LCDcmd@c
 12033     0DC4                     l5032:
 12034                           
 12035                           ;LCD/lcd.c: 102: void LCDcmd(unsigned char c);LCD/lcd.c: 103: {;LCD/lcd.c: 104:   LCDsen
      +                          d2x4(c, 0);
 12036     0DC4  01F4               	clrf	LCDsend2x4@mode
 12037     0DC5  0879               	movf	LCDcmd@c,w
 12038     0DC6  3184  24D5  318D   	fcall	_LCDsend2x4
 12039     0DC9                     l235:
 12040     0DC9  0008               	return
 12041     0DCA                     __end_of_LCDcmd:
 12042                           
 12043                           	psect	text31
 12044     0586                     __ptext31:	
 12045 ;; *************** function _LCDinit *****************
 12046 ;; Defined at:
 12047 ;;		line 79 in file "LCD/lcd.c"
 12048 ;; Parameters:    Size  Location     Type
 12049 ;;		None
 12050 ;; Auto vars:     Size  Location     Type
 12051 ;;		None
 12052 ;; Return value:  Size  Location     Type
 12053 ;;                  1    wreg      void 
 12054 ;; Registers used:
 12055 ;;		wreg, status,2, status,0, pclath, cstack
 12056 ;; Tracked objects:
 12057 ;;		On entry : 0/0
 12058 ;;		On exit  : 0/0
 12059 ;;		Unchanged: 0/0
 12060 ;; Data sizes:     COMMON   BANK0   BANK1   BANK2   BANK3   BANK4   BANK5   BANK6   BANK7   BANK8   BANK9  BANK10  BANK1
      +1  BANK12
 12061 ;;      Params:         0       0       0       0       0       0       0       0       0       0       0       0       
      +0       0
 12062 ;;      Locals:         0       0       0       0       0       0       0       0       0       0       0       0       
      +0       0
 12063 ;;      Temps:          1       0       0       0       0       0       0       0       0       0       0       0       
      +0       0
 12064 ;;      Totals:         1       0       0       0       0       0       0       0       0       0       0       0       
      +0       0
 12065 ;;Total ram usage:        1 bytes
 12066 ;; Hardware stack levels used: 1
 12067 ;; Hardware stack levels required when called: 5
 12068 ;; This function calls:
 12069 ;;		_LCDsend
 12070 ;;		_LCDsend2x4
 12071 ;; This function is called by:
 12072 ;;		_main
 12073 ;; This function uses a non-reentrant model
 12074 ;;
 12075                           
 12076     0586                     _LCDinit:	
 12077                           ;psect for function _LCDinit
 12078                           
 12079     0586                     l5046:	
 12080                           ;incstack = 0
 12081                           ; Regs used in _LCDinit: [wreg+status,2+status,0+pclath+cstack]
 12082                           
 12083                           
 12084                           ;LCD/lcd.c: 81:   _delay((unsigned long)((50)*(4000000/4000.0)));
 12085     0586  3041               	movlw	65
 12086     0587  00F9               	movwf	??_LCDinit
 12087     0588  30EE               	movlw	238
 12088     0589                     u4717:
 12089     0589  0B89               	decfsz	9,f
 12090     058A  2D89               	goto	u4717
 12091     058B  0BF9               	decfsz	??_LCDinit,f
 12092     058C  2D89               	goto	u4717
 12093     058D  3200               	nop2
 12094     058E                     l5048:
 12095                           
 12096                           ;LCD/lcd.c: 82:   LCDsend(0x30);
 12097     058E  3030               	movlw	48
 12098     058F  318F  2777  3185   	fcall	_LCDsend
 12099     0592                     l5050:
 12100                           
 12101                           ;LCD/lcd.c: 83:   LCDsend(0x34); _delay((unsigned long)((500)*(4000000/4000000.0))); LCD
      +                          send(0x30);
 12102     0592  3034               	movlw	52
 12103     0593  318F  2777  3185   	fcall	_LCDsend
 12104     0596  30A6               	movlw	166
 12105     0597                     u4727:
 12106     0597  0B89               	decfsz	9,f
 12107     0598  2D97               	goto	u4727
 12108     0599  3200               	nop2
 12109     059A                     l5052:
 12110     059A  3030               	movlw	48
 12111     059B  318F  2777  3185   	fcall	_LCDsend
 12112     059E                     l5054:
 12113                           
 12114                           ;LCD/lcd.c: 84:   _delay((unsigned long)((5)*(4000000/4000.0)));
 12115     059E  3007               	movlw	7
 12116     059F  00F9               	movwf	??_LCDinit
 12117     05A0  307D               	movlw	125
 12118     05A1                     u4737:
 12119     05A1  0B89               	decfsz	9,f
 12120     05A2  2DA1               	goto	u4737
 12121     05A3  0BF9               	decfsz	??_LCDinit,f
 12122     05A4  2DA1               	goto	u4737
 12123     05A5  0000               	nop
 12124                           
 12125                           ;LCD/lcd.c: 85:   LCDsend(0x30);
 12126     05A6  3030               	movlw	48
 12127     05A7  318F  2777  3185   	fcall	_LCDsend
 12128                           
 12129                           ;LCD/lcd.c: 86:   LCDsend(0x34); _delay((unsigned long)((500)*(4000000/4000000.0))); LCD
      +                          send(0x30);
 12130     05AA  3034               	movlw	52
 12131     05AB  318F  2777  3185   	fcall	_LCDsend
 12132     05AE                     l5056:
 12133     05AE  30A6               	movlw	166
 12134     05AF                     u4747:
 12135     05AF  0B89               	decfsz	9,f
 12136     05B0  2DAF               	goto	u4747
 12137     05B1  3200               	nop2
 12138     05B2                     l5058:
 12139     05B2  3030               	movlw	48
 12140     05B3  318F  2777  3185   	fcall	_LCDsend
 12141                           
 12142                           ;LCD/lcd.c: 87:   _delay((unsigned long)((100)*(4000000/4000000.0)));
 12143     05B6  3021               	movlw	33
 12144     05B7                     u4757:
 12145     05B7  0B89               	decfsz	9,f
 12146     05B8  2DB7               	goto	u4757
 12147     05B9  0000               	nop
 12148     05BA                     l5060:
 12149                           
 12150                           ;LCD/lcd.c: 88:   LCDsend(0x30);
 12151     05BA  3030               	movlw	48
 12152     05BB  318F  2777  3185   	fcall	_LCDsend
 12153     05BE                     l5062:
 12154                           
 12155                           ;LCD/lcd.c: 89:   LCDsend(0x34); _delay((unsigned long)((500)*(4000000/4000000.0))); LCD
      +                          send(0x30);
 12156     05BE  3034               	movlw	52
 12157     05BF  318F  2777  3185   	fcall	_LCDsend
 12158     05C2  30A6               	movlw	166
 12159     05C3                     u4767:
 12160     05C3  0B89               	decfsz	9,f
 12161     05C4  2DC3               	goto	u4767
 12162     05C5  3200               	nop2
 12163     05C6                     l5064:
 12164     05C6  3030               	movlw	48
 12165     05C7  318F  2777  3185   	fcall	_LCDsend
 12166     05CA                     l5066:
 12167                           
 12168                           ;LCD/lcd.c: 90:   _delay((unsigned long)((100)*(4000000/4000000.0)));
 12169     05CA  3021               	movlw	33
 12170     05CB                     u4777:
 12171     05CB  0B89               	decfsz	9,f
 12172     05CC  2DCB               	goto	u4777
 12173     05CD  0000               	nop
 12174                           
 12175                           ;LCD/lcd.c: 91:   LCDsend(0x20);
 12176     05CE  3020               	movlw	32
 12177     05CF  318F  2777  3185   	fcall	_LCDsend
 12178                           
 12179                           ;LCD/lcd.c: 92:   LCDsend(0x24); _delay((unsigned long)((500)*(4000000/4000000.0))); LCD
      +                          send(0x20);
 12180     05D2  3024               	movlw	36
 12181     05D3  318F  2777  3185   	fcall	_LCDsend
 12182     05D6                     l5068:
 12183     05D6  30A6               	movlw	166
 12184     05D7                     u4787:
 12185     05D7  0B89               	decfsz	9,f
 12186     05D8  2DD7               	goto	u4787
 12187     05D9  3200               	nop2
 12188     05DA                     l5070:
 12189     05DA  3020               	movlw	32
 12190     05DB  318F  2777  3185   	fcall	_LCDsend
 12191                           
 12192                           ;LCD/lcd.c: 93:   _delay((unsigned long)((5)*(4000000/4000.0)));
 12193     05DE  3007               	movlw	7
 12194     05DF  00F9               	movwf	??_LCDinit
 12195     05E0  307D               	movlw	125
 12196     05E1                     u4797:
 12197     05E1  0B89               	decfsz	9,f
 12198     05E2  2DE1               	goto	u4797
 12199     05E3  0BF9               	decfsz	??_LCDinit,f
 12200     05E4  2DE1               	goto	u4797
 12201     05E5  0000               	nop
 12202     05E6                     l5072:
 12203                           
 12204                           ;LCD/lcd.c: 95:   LCDsend2x4(0x28, 0);
 12205     05E6  01F4               	clrf	LCDsend2x4@mode
 12206     05E7  3028               	movlw	40
 12207     05E8  3184  24D5  3185   	fcall	_LCDsend2x4
 12208     05EB                     l5074:
 12209                           
 12210                           ;LCD/lcd.c: 96:   LCDsend2x4(0x06, 0);
 12211     05EB  01F4               	clrf	LCDsend2x4@mode
 12212     05EC  3006               	movlw	6
 12213     05ED  3184  24D5  3185   	fcall	_LCDsend2x4
 12214     05F0                     l5076:
 12215                           
 12216                           ;LCD/lcd.c: 97:   LCDsend2x4(0x0f, 0);
 12217     05F0  01F4               	clrf	LCDsend2x4@mode
 12218     05F1  300F               	movlw	15
 12219     05F2  3184  24D5  3185   	fcall	_LCDsend2x4
 12220     05F5                     l5078:
 12221                           
 12222                           ;LCD/lcd.c: 98:   LCDsend2x4(0x01, 0);
 12223     05F5  01F4               	clrf	LCDsend2x4@mode
 12224     05F6  3001               	movlw	1
 12225     05F7  3184  24D5  3185   	fcall	_LCDsend2x4
 12226                           
 12227                           ;LCD/lcd.c: 99:   _delay((unsigned long)((2)*(4000000/4000.0)));
 12228     05FA  3003               	movlw	3
 12229     05FB  00F9               	movwf	??_LCDinit
 12230     05FC  3098               	movlw	152
 12231     05FD                     u4807:
 12232     05FD  0B89               	decfsz	9,f
 12233     05FE  2DFD               	goto	u4807
 12234     05FF  0BF9               	decfsz	??_LCDinit,f
 12235     0600  2DFD               	goto	u4807
 12236     0601                     l232:
 12237     0601  0008               	return
 12238     0602                     __end_of_LCDinit:
 12239                           
 12240                           	psect	text32
 12241     04D5                     __ptext32:	
 12242 ;; *************** function _LCDsend2x4 *****************
 12243 ;; Defined at:
 12244 ;;		line 56 in file "LCD/lcd.c"
 12245 ;; Parameters:    Size  Location     Type
 12246 ;;  c               1    wreg     unsigned char 
 12247 ;;  mode            1    4[COMMON] unsigned char 
 12248 ;; Auto vars:     Size  Location     Type
 12249 ;;  c               1    6[COMMON] unsigned char 
 12250 ;;  lc              1    8[COMMON] unsigned char 
 12251 ;;  hc              1    7[COMMON] unsigned char 
 12252 ;; Return value:  Size  Location     Type
 12253 ;;                  1    wreg      void 
 12254 ;; Registers used:
 12255 ;;		wreg, status,2, status,0, pclath, cstack
 12256 ;; Tracked objects:
 12257 ;;		On entry : 0/0
 12258 ;;		On exit  : 0/0
 12259 ;;		Unchanged: 0/0
 12260 ;; Data sizes:     COMMON   BANK0   BANK1   BANK2   BANK3   BANK4   BANK5   BANK6   BANK7   BANK8   BANK9  BANK10  BANK1
      +1  BANK12
 12261 ;;      Params:         1       0       0       0       0       0       0       0       0       0       0       0       
      +0       0
 12262 ;;      Locals:         3       0       0       0       0       0       0       0       0       0       0       0       
      +0       0
 12263 ;;      Temps:          1       0       0       0       0       0       0       0       0       0       0       0       
      +0       0
 12264 ;;      Totals:         5       0       0       0       0       0       0       0       0       0       0       0       
      +0       0
 12265 ;;Total ram usage:        5 bytes
 12266 ;; Hardware stack levels used: 1
 12267 ;; Hardware stack levels required when called: 3
 12268 ;; This function calls:
 12269 ;;		_WriteI2C
 12270 ;; This function is called by:
 12271 ;;		_LCDinit
 12272 ;;		_LCDcmd
 12273 ;;		_LCDchar
 12274 ;; This function uses a non-reentrant model
 12275 ;;
 12276                           
 12277     04D5                     _LCDsend2x4:	
 12278                           ;psect for function _LCDsend2x4
 12279                           
 12280                           
 12281                           ;incstack = 0
 12282                           ; Regs used in _LCDsend2x4: [wreg+status,2+status,0+pclath+cstack]
 12283                           ;LCDsend2x4@c stored from wreg
 12284     04D5  00F6               	movwf	LCDsend2x4@c
 12285     04D6                     l4864:
 12286                           
 12287                           ;LCD/lcd.c: 56: void LCDsend2x4(unsigned char c, unsigned char mode);LCD/lcd.c: 57: {;LC
      +                          D/lcd.c: 58:   unsigned char hc;;LCD/lcd.c: 59:   unsigned char lc;;LCD/lcd.c: 61:   hc 
      +                          = c & 0xf0;
 12288     04D6  0876               	movf	LCDsend2x4@c,w
 12289     04D7  39F0               	andlw	240
 12290     04D8  00F7               	movwf	LCDsend2x4@hc
 12291     04D9                     l4866:
 12292                           
 12293                           ;LCD/lcd.c: 62:   lc = (c << 4) & 0xf0;
 12294     04D9  0876               	movf	LCDsend2x4@c,w
 12295     04DA  00F5               	movwf	??_LCDsend2x4
 12296     04DB  3004               	movlw	4
 12297     04DC                     u3865:
 12298     04DC  35F5               	lslf	??_LCDsend2x4,f
 12299     04DD  0B89               	decfsz	9,f
 12300     04DE  2CDC               	goto	u3865
 12301     04DF  0875               	movf	??_LCDsend2x4,w
 12302     04E0  39F0               	andlw	240
 12303     04E1  00F8               	movwf	LCDsend2x4@lc
 12304     04E2                     l4868:	
 12305                           ;LCD/lcd.c: 64:   while ((SSP1CON2 & 0x1F) | (SSP1STATbits.R_W));
 12306                           
 12307     04E2  0023               	movlb	3	; select bank3
 12308     04E3  0C0F               	rrf	15,w	;volatile
 12309     04E4  0C89               	rrf	9,f
 12310     04E5  3901               	andlw	1
 12311     04E6  00F5               	movwf	??_LCDsend2x4
 12312     04E7  0811               	movf	17,w	;volatile
 12313     04E8  391F               	andlw	31
 12314     04E9  0475               	iorwf	??_LCDsend2x4,w
 12315     04EA  1D03               	btfss	3,2
 12316     04EB  2CED               	goto	u3871
 12317     04EC  2CEE               	goto	u3870
 12318     04ED                     u3871:
 12319     04ED  2CE2               	goto	l4868
 12320     04EE                     u3870:
 12321     04EE                     l195:	
 12322                           ;LCD/lcd.c: 65:   do { SSP1CON2bits.SEN=1;while(SSP1CON2bits.SEN); } while (0); while ((
      +                          SSP1CON2 & 0x1F) | (SSP1STATbits.R_W));
 12323                           
 12324     04EE  1411               	bsf	17,0	;volatile
 12325     04EF                     l196:
 12326     04EF  1811               	btfsc	17,0	;volatile
 12327     04F0  2CF2               	goto	u3881
 12328     04F1  2CF3               	goto	u3880
 12329     04F2                     u3881:
 12330     04F2  2CEF               	goto	l196
 12331     04F3                     u3880:
 12332     04F3                     l4870:
 12333     04F3  0C0F               	rrf	15,w	;volatile
 12334     04F4  0C89               	rrf	9,f
 12335     04F5  3901               	andlw	1
 12336     04F6  00F5               	movwf	??_LCDsend2x4
 12337     04F7  0811               	movf	17,w	;volatile
 12338     04F8  391F               	andlw	31
 12339     04F9  0475               	iorwf	??_LCDsend2x4,w
 12340     04FA  1D03               	btfss	3,2
 12341     04FB  2CFD               	goto	u3891
 12342     04FC  2CFE               	goto	u3890
 12343     04FD                     u3891:
 12344     04FD  2CF3               	goto	l4870
 12345     04FE                     u3890:
 12346     04FE                     l4872:
 12347                           
 12348                           ;LCD/lcd.c: 66:   WriteI2C(0x4e | 0x00); while ((SSP1CON2 & 0x1F) | (SSP1STATbits.R_W));
 12349     04FE  304E               	movlw	78
 12350     04FF  3187  2763  3184   	fcall	_WriteI2C
 12351     0502                     l4874:
 12352     0502  0023               	movlb	3	; select bank3
 12353     0503  0C0F               	rrf	15,w	;volatile
 12354     0504  0C89               	rrf	9,f
 12355     0505  3901               	andlw	1
 12356     0506  00F5               	movwf	??_LCDsend2x4
 12357     0507  0811               	movf	17,w	;volatile
 12358     0508  391F               	andlw	31
 12359     0509  0475               	iorwf	??_LCDsend2x4,w
 12360     050A  1D03               	btfss	3,2
 12361     050B  2D0D               	goto	u3901
 12362     050C  2D0E               	goto	u3900
 12363     050D                     u3901:
 12364     050D  2D02               	goto	l4874
 12365     050E                     u3900:
 12366     050E                     l4876:
 12367                           
 12368                           ;LCD/lcd.c: 67:   WriteI2C(hc | 0x08 | mode); while ((SSP1CON2 & 0x1F) | (SSP1STATbits.R
      +                          _W));
 12369     050E  0877               	movf	LCDsend2x4@hc,w
 12370     050F  0474               	iorwf	LCDsend2x4@mode,w
 12371     0510  3808               	iorlw	8
 12372     0511  3187  2763  3184   	fcall	_WriteI2C
 12373     0514                     l4878:
 12374     0514  0023               	movlb	3	; select bank3
 12375     0515  0C0F               	rrf	15,w	;volatile
 12376     0516  0C89               	rrf	9,f
 12377     0517  3901               	andlw	1
 12378     0518  00F5               	movwf	??_LCDsend2x4
 12379     0519  0811               	movf	17,w	;volatile
 12380     051A  391F               	andlw	31
 12381     051B  0475               	iorwf	??_LCDsend2x4,w
 12382     051C  1D03               	btfss	3,2
 12383     051D  2D1F               	goto	u3911
 12384     051E  2D20               	goto	u3910
 12385     051F                     u3911:
 12386     051F  2D14               	goto	l4878
 12387     0520                     u3910:
 12388     0520                     l4880:
 12389                           
 12390                           ;LCD/lcd.c: 68:   WriteI2C(hc | 0x08 | 0x04 | mode); while ((SSP1CON2 & 0x1F) | (SSP1STA
      +                          Tbits.R_W));
 12391     0520  0877               	movf	LCDsend2x4@hc,w
 12392     0521  0474               	iorwf	LCDsend2x4@mode,w
 12393     0522  380C               	iorlw	12
 12394     0523  3187  2763  3184   	fcall	_WriteI2C
 12395     0526                     l4882:
 12396     0526  0023               	movlb	3	; select bank3
 12397     0527  0C0F               	rrf	15,w	;volatile
 12398     0528  0C89               	rrf	9,f
 12399     0529  3901               	andlw	1
 12400     052A  00F5               	movwf	??_LCDsend2x4
 12401     052B  0811               	movf	17,w	;volatile
 12402     052C  391F               	andlw	31
 12403     052D  0475               	iorwf	??_LCDsend2x4,w
 12404     052E  1D03               	btfss	3,2
 12405     052F  2D31               	goto	u3921
 12406     0530  2D32               	goto	u3920
 12407     0531                     u3921:
 12408     0531  2D26               	goto	l4882
 12409     0532                     u3920:
 12410     0532                     l211:
 12411                           
 12412                           ;LCD/lcd.c: 69:   _delay((unsigned long)((1)*(4000000/4000000.0)));
 12413     0532  0000               	nop
 12414     0533                     l4884:
 12415                           
 12416                           ;LCD/lcd.c: 70:   WriteI2C(hc | 0x08 | mode); while ((SSP1CON2 & 0x1F) | (SSP1STATbits.R
      +                          _W));
 12417     0533  0877               	movf	LCDsend2x4@hc,w
 12418     0534  0474               	iorwf	LCDsend2x4@mode,w
 12419     0535  3808               	iorlw	8
 12420     0536  3187  2763  3184   	fcall	_WriteI2C
 12421     0539                     l4886:
 12422     0539  0023               	movlb	3	; select bank3
 12423     053A  0C0F               	rrf	15,w	;volatile
 12424     053B  0C89               	rrf	9,f
 12425     053C  3901               	andlw	1
 12426     053D  00F5               	movwf	??_LCDsend2x4
 12427     053E  0811               	movf	17,w	;volatile
 12428     053F  391F               	andlw	31
 12429     0540  0475               	iorwf	??_LCDsend2x4,w
 12430     0541  1D03               	btfss	3,2
 12431     0542  2D44               	goto	u3931
 12432     0543  2D45               	goto	u3930
 12433     0544                     u3931:
 12434     0544  2D39               	goto	l4886
 12435     0545                     u3930:
 12436     0545                     l4888:
 12437                           
 12438                           ;LCD/lcd.c: 71:   WriteI2C(lc | 0x08 | mode); while ((SSP1CON2 & 0x1F) | (SSP1STATbits.R
      +                          _W));
 12439     0545  0878               	movf	LCDsend2x4@lc,w
 12440     0546  0474               	iorwf	LCDsend2x4@mode,w
 12441     0547  3808               	iorlw	8
 12442     0548  3187  2763  3184   	fcall	_WriteI2C
 12443     054B                     l4890:
 12444     054B  0023               	movlb	3	; select bank3
 12445     054C  0C0F               	rrf	15,w	;volatile
 12446     054D  0C89               	rrf	9,f
 12447     054E  3901               	andlw	1
 12448     054F  00F5               	movwf	??_LCDsend2x4
 12449     0550  0811               	movf	17,w	;volatile
 12450     0551  391F               	andlw	31
 12451     0552  0475               	iorwf	??_LCDsend2x4,w
 12452     0553  1D03               	btfss	3,2
 12453     0554  2D56               	goto	u3941
 12454     0555  2D57               	goto	u3940
 12455     0556                     u3941:
 12456     0556  2D4B               	goto	l4890
 12457     0557                     u3940:
 12458     0557                     l4892:
 12459                           
 12460                           ;LCD/lcd.c: 72:   WriteI2C(lc | 0x08 | 0x04 | mode); while ((SSP1CON2 & 0x1F) | (SSP1STA
      +                          Tbits.R_W));
 12461     0557  0878               	movf	LCDsend2x4@lc,w
 12462     0558  0474               	iorwf	LCDsend2x4@mode,w
 12463     0559  380C               	iorlw	12
 12464     055A  3187  2763  3184   	fcall	_WriteI2C
 12465     055D                     l4894:
 12466     055D  0023               	movlb	3	; select bank3
 12467     055E  0C0F               	rrf	15,w	;volatile
 12468     055F  0C89               	rrf	9,f
 12469     0560  3901               	andlw	1
 12470     0561  00F5               	movwf	??_LCDsend2x4
 12471     0562  0811               	movf	17,w	;volatile
 12472     0563  391F               	andlw	31
 12473     0564  0475               	iorwf	??_LCDsend2x4,w
 12474     0565  1D03               	btfss	3,2
 12475     0566  2D68               	goto	u3951
 12476     0567  2D69               	goto	u3950
 12477     0568                     u3951:
 12478     0568  2D5D               	goto	l4894
 12479     0569                     u3950:
 12480     0569                     l220:
 12481                           
 12482                           ;LCD/lcd.c: 73:   _delay((unsigned long)((1)*(4000000/4000000.0)));
 12483     0569  0000               	nop
 12484     056A                     l4896:
 12485                           
 12486                           ;LCD/lcd.c: 74:   WriteI2C(lc | 0x08 | mode); while ((SSP1CON2 & 0x1F) | (SSP1STATbits.R
      +                          _W));
 12487     056A  0878               	movf	LCDsend2x4@lc,w
 12488     056B  0474               	iorwf	LCDsend2x4@mode,w
 12489     056C  3808               	iorlw	8
 12490     056D  3187  2763  3184   	fcall	_WriteI2C
 12491     0570                     l4898:
 12492     0570  0023               	movlb	3	; select bank3
 12493     0571  0C0F               	rrf	15,w	;volatile
 12494     0572  0C89               	rrf	9,f
 12495     0573  3901               	andlw	1
 12496     0574  00F5               	movwf	??_LCDsend2x4
 12497     0575  0811               	movf	17,w	;volatile
 12498     0576  391F               	andlw	31
 12499     0577  0475               	iorwf	??_LCDsend2x4,w
 12500     0578  1D03               	btfss	3,2
 12501     0579  2D7B               	goto	u3961
 12502     057A  2D7C               	goto	u3960
 12503     057B                     u3961:
 12504     057B  2D70               	goto	l4898
 12505     057C                     u3960:
 12506     057C                     l224:	
 12507                           ;LCD/lcd.c: 75:   do { SSP1CON2bits.PEN = 1;while(SSP1CON2bits.PEN); } while (0);
 12508                           
 12509     057C  1511               	bsf	17,2	;volatile
 12510     057D                     l225:
 12511     057D  1911               	btfsc	17,2	;volatile
 12512     057E  2D80               	goto	u3971
 12513     057F  2D81               	goto	u3970
 12514     0580                     u3971:
 12515     0580  2D7D               	goto	l225
 12516     0581                     u3970:
 12517     0581                     l4900:
 12518                           
 12519                           ;LCD/lcd.c: 76:   _delay((unsigned long)((50)*(4000000/4000000.0)));
 12520     0581  3010               	movlw	16
 12521     0582                     u4817:
 12522     0582  0B89               	decfsz	9,f
 12523     0583  2D82               	goto	u4817
 12524     0584  3200               	nop2
 12525     0585                     l229:
 12526     0585  0008               	return
 12527     0586                     __end_of_LCDsend2x4:
 12528                           
 12529                           	psect	text33
 12530     0F77                     __ptext33:	
 12531 ;; *************** function _LCDsend *****************
 12532 ;; Defined at:
 12533 ;;		line 17 in file "LCD/lcd.c"
 12534 ;; Parameters:    Size  Location     Type
 12535 ;;  c               1    wreg     unsigned char 
 12536 ;; Auto vars:     Size  Location     Type
 12537 ;;  c               1    5[COMMON] unsigned char 
 12538 ;; Return value:  Size  Location     Type
 12539 ;;                  1    wreg      void 
 12540 ;; Registers used:
 12541 ;;		wreg, status,2, status,0, pclath, cstack
 12542 ;; Tracked objects:
 12543 ;;		On entry : 0/0
 12544 ;;		On exit  : 0/0
 12545 ;;		Unchanged: 0/0
 12546 ;; Data sizes:     COMMON   BANK0   BANK1   BANK2   BANK3   BANK4   BANK5   BANK6   BANK7   BANK8   BANK9  BANK10  BANK1
      +1  BANK12
 12547 ;;      Params:         0       0       0       0       0       0       0       0       0       0       0       0       
      +0       0
 12548 ;;      Locals:         1       0       0       0       0       0       0       0       0       0       0       0       
      +0       0
 12549 ;;      Temps:          1       0       0       0       0       0       0       0       0       0       0       0       
      +0       0
 12550 ;;      Totals:         2       0       0       0       0       0       0       0       0       0       0       0       
      +0       0
 12551 ;;Total ram usage:        2 bytes
 12552 ;; Hardware stack levels used: 1
 12553 ;; Hardware stack levels required when called: 4
 12554 ;; This function calls:
 12555 ;;		_WriteI2C
 12556 ;; This function is called by:
 12557 ;;		_LCDinit
 12558 ;; This function uses a non-reentrant model
 12559 ;;
 12560                           
 12561     0F77                     _LCDsend:	
 12562                           ;psect for function _LCDsend
 12563                           
 12564                           
 12565                           ;incstack = 0
 12566                           ; Regs used in _LCDsend: [wreg+status,2+status,0+pclath+cstack]
 12567                           ;LCDsend@c stored from wreg
 12568     0F77  00F5               	movwf	LCDsend@c
 12569     0F78                     l4952:
 12570     0F78                     l4954:	
 12571                           ;LCD/lcd.c: 17: void LCDsend(unsigned char c);LCD/lcd.c: 18: {;LCD/lcd.c: 19:   while ((
      +                          SSP1CON2 & 0x1F) | (SSP1STATbits.R_W));
 12572                           
 12573     0F78  0023               	movlb	3	; select bank3
 12574     0F79  0C0F               	rrf	15,w	;volatile
 12575     0F7A  0C89               	rrf	9,f
 12576     0F7B  3901               	andlw	1
 12577     0F7C  00F4               	movwf	??_LCDsend
 12578     0F7D  0811               	movf	17,w	;volatile
 12579     0F7E  391F               	andlw	31
 12580     0F7F  0474               	iorwf	??_LCDsend,w
 12581     0F80  1D03               	btfss	3,2
 12582     0F81  2F83               	goto	u4031
 12583     0F82  2F84               	goto	u4030
 12584     0F83                     u4031:
 12585     0F83  2F78               	goto	l4954
 12586     0F84                     u4030:
 12587     0F84                     l73:	
 12588                           ;LCD/lcd.c: 20:   do { SSP1CON2bits.SEN=1;while(SSP1CON2bits.SEN); } while (0); while ((
      +                          SSP1CON2 & 0x1F) | (SSP1STATbits.R_W));
 12589                           
 12590     0F84  1411               	bsf	17,0	;volatile
 12591     0F85                     l74:
 12592     0F85  1811               	btfsc	17,0	;volatile
 12593     0F86  2F88               	goto	u4041
 12594     0F87  2F89               	goto	u4040
 12595     0F88                     u4041:
 12596     0F88  2F85               	goto	l74
 12597     0F89                     u4040:
 12598     0F89                     l4956:
 12599     0F89  0C0F               	rrf	15,w	;volatile
 12600     0F8A  0C89               	rrf	9,f
 12601     0F8B  3901               	andlw	1
 12602     0F8C  00F4               	movwf	??_LCDsend
 12603     0F8D  0811               	movf	17,w	;volatile
 12604     0F8E  391F               	andlw	31
 12605     0F8F  0474               	iorwf	??_LCDsend,w
 12606     0F90  1D03               	btfss	3,2
 12607     0F91  2F93               	goto	u4051
 12608     0F92  2F94               	goto	u4050
 12609     0F93                     u4051:
 12610     0F93  2F89               	goto	l4956
 12611     0F94                     u4050:
 12612     0F94                     l4958:
 12613                           
 12614                           ;LCD/lcd.c: 21:   WriteI2C(0x4e | 0x00); while ((SSP1CON2 & 0x1F) | (SSP1STATbits.R_W));
 12615     0F94  304E               	movlw	78
 12616     0F95  3187  2763  318F   	fcall	_WriteI2C
 12617     0F98                     l4960:
 12618     0F98  0023               	movlb	3	; select bank3
 12619     0F99  0C0F               	rrf	15,w	;volatile
 12620     0F9A  0C89               	rrf	9,f
 12621     0F9B  3901               	andlw	1
 12622     0F9C  00F4               	movwf	??_LCDsend
 12623     0F9D  0811               	movf	17,w	;volatile
 12624     0F9E  391F               	andlw	31
 12625     0F9F  0474               	iorwf	??_LCDsend,w
 12626     0FA0  1D03               	btfss	3,2
 12627     0FA1  2FA3               	goto	u4061
 12628     0FA2  2FA4               	goto	u4060
 12629     0FA3                     u4061:
 12630     0FA3  2F98               	goto	l4960
 12631     0FA4                     u4060:
 12632     0FA4                     l4962:
 12633                           
 12634                           ;LCD/lcd.c: 22:   WriteI2C(c); while ((SSP1CON2 & 0x1F) | (SSP1STATbits.R_W));
 12635     0FA4  0875               	movf	LCDsend@c,w
 12636     0FA5  3187  2763  318F   	fcall	_WriteI2C
 12637     0FA8                     l4964:
 12638     0FA8  0023               	movlb	3	; select bank3
 12639     0FA9  0C0F               	rrf	15,w	;volatile
 12640     0FAA  0C89               	rrf	9,f
 12641     0FAB  3901               	andlw	1
 12642     0FAC  00F4               	movwf	??_LCDsend
 12643     0FAD  0811               	movf	17,w	;volatile
 12644     0FAE  391F               	andlw	31
 12645     0FAF  0474               	iorwf	??_LCDsend,w
 12646     0FB0  1D03               	btfss	3,2
 12647     0FB1  2FB3               	goto	u4071
 12648     0FB2  2FB4               	goto	u4070
 12649     0FB3                     u4071:
 12650     0FB3  2FA8               	goto	l4964
 12651     0FB4                     u4070:
 12652     0FB4                     l87:	
 12653                           ;LCD/lcd.c: 23:   do { SSP1CON2bits.PEN = 1;while(SSP1CON2bits.PEN); } while (0);
 12654                           
 12655     0FB4  1511               	bsf	17,2	;volatile
 12656     0FB5                     l88:
 12657     0FB5  1911               	btfsc	17,2	;volatile
 12658     0FB6  2FB8               	goto	u4081
 12659     0FB7  2FB9               	goto	u4080
 12660     0FB8                     u4081:
 12661     0FB8  2FB5               	goto	l88
 12662     0FB9                     u4080:
 12663     0FB9                     l92:
 12664     0FB9  0008               	return
 12665     0FBA                     __end_of_LCDsend:
 12666                           
 12667                           	psect	text34
 12668     0E52                     __ptext34:	
 12669 ;; *************** function _LCDbusy *****************
 12670 ;; Defined at:
 12671 ;;		line 119 in file "LCD/lcd.c"
 12672 ;; Parameters:    Size  Location     Type
 12673 ;;		None
 12674 ;; Auto vars:     Size  Location     Type
 12675 ;;		None
 12676 ;; Return value:  Size  Location     Type
 12677 ;;                  2    0[BANK0 ] int 
 12678 ;; Registers used:
 12679 ;;		wreg, status,2, status,0, pclath, cstack
 12680 ;; Tracked objects:
 12681 ;;		On entry : 0/0
 12682 ;;		On exit  : 0/0
 12683 ;;		Unchanged: 0/0
 12684 ;; Data sizes:     COMMON   BANK0   BANK1   BANK2   BANK3   BANK4   BANK5   BANK6   BANK7   BANK8   BANK9  BANK10  BANK1
      +1  BANK12
 12685 ;;      Params:         0       2       0       0       0       0       0       0       0       0       0       0       
      +0       0
 12686 ;;      Locals:         0       0       0       0       0       0       0       0       0       0       0       0       
      +0       0
 12687 ;;      Temps:          0       0       0       0       0       0       0       0       0       0       0       0       
      +0       0
 12688 ;;      Totals:         0       2       0       0       0       0       0       0       0       0       0       0       
      +0       0
 12689 ;;Total ram usage:        2 bytes
 12690 ;; Hardware stack levels used: 1
 12691 ;; Hardware stack levels required when called: 5
 12692 ;; This function calls:
 12693 ;;		_LCDrecv
 12694 ;; This function is called by:
 12695 ;;		_main
 12696 ;; This function uses a non-reentrant model
 12697 ;;
 12698                           
 12699     0E52                     _LCDbusy:	
 12700                           ;psect for function _LCDbusy
 12701                           
 12702     0E52                     l5086:	
 12703                           ;incstack = 0
 12704                           ; Regs used in _LCDbusy: [wreg+status,2+status,0+pclath+cstack]
 12705                           
 12706                           
 12707                           ;LCD/lcd.c: 121:   if(LCDrecv(0) & 0x80) return 1;
 12708     0E52  3000               	movlw	0
 12709     0E53  3180  2036  318E   	fcall	_LCDrecv
 12710     0E56  3980               	andlw	128
 12711     0E57  1903               	btfsc	3,2
 12712     0E58  2E5A               	goto	u4381
 12713     0E59  2E5B               	goto	u4380
 12714     0E5A                     u4381:
 12715     0E5A  2E61               	goto	l5092
 12716     0E5B                     u4380:
 12717     0E5B                     l5088:
 12718     0E5B  3001               	movlw	1
 12719     0E5C  0020               	movlb	0	; select bank0
 12720     0E5D  00A0               	movwf	?_LCDbusy
 12721     0E5E  3000               	movlw	0
 12722     0E5F  00A1               	movwf	?_LCDbusy+1
 12723     0E60  2E64               	goto	l248
 12724     0E61                     l5092:
 12725                           
 12726                           ;LCD/lcd.c: 122:   return 0;
 12727     0E61  0020               	movlb	0	; select bank0
 12728     0E62  01A0               	clrf	?_LCDbusy
 12729     0E63  01A1               	clrf	?_LCDbusy+1
 12730     0E64                     l248:
 12731     0E64  0008               	return
 12732     0E65                     __end_of_LCDbusy:
 12733                           
 12734                           	psect	text35
 12735     0036                     __ptext35:	
 12736 ;; *************** function _LCDrecv *****************
 12737 ;; Defined at:
 12738 ;;		line 25 in file "LCD/lcd.c"
 12739 ;; Parameters:    Size  Location     Type
 12740 ;;  mode            1    wreg     unsigned char 
 12741 ;; Auto vars:     Size  Location     Type
 12742 ;;  mode            1    8[COMMON] unsigned char 
 12743 ;;  lc              1    7[COMMON] unsigned char 
 12744 ;;  hc              1    6[COMMON] unsigned char 
 12745 ;; Return value:  Size  Location     Type
 12746 ;;                  1    wreg      unsigned char 
 12747 ;; Registers used:
 12748 ;;		wreg, status,2, status,0, pclath, cstack
 12749 ;; Tracked objects:
 12750 ;;		On entry : 0/0
 12751 ;;		On exit  : 0/0
 12752 ;;		Unchanged: 0/0
 12753 ;; Data sizes:     COMMON   BANK0   BANK1   BANK2   BANK3   BANK4   BANK5   BANK6   BANK7   BANK8   BANK9  BANK10  BANK1
      +1  BANK12
 12754 ;;      Params:         0       0       0       0       0       0       0       0       0       0       0       0       
      +0       0
 12755 ;;      Locals:         3       0       0       0       0       0       0       0       0       0       0       0       
      +0       0
 12756 ;;      Temps:          2       0       0       0       0       0       0       0       0       0       0       0       
      +0       0
 12757 ;;      Totals:         5       0       0       0       0       0       0       0       0       0       0       0       
      +0       0
 12758 ;;Total ram usage:        5 bytes
 12759 ;; Hardware stack levels used: 1
 12760 ;; Hardware stack levels required when called: 4
 12761 ;; This function calls:
 12762 ;;		_ReadI2C
 12763 ;;		_WriteI2C
 12764 ;; This function is called by:
 12765 ;;		_LCDbusy
 12766 ;; This function uses a non-reentrant model
 12767 ;;
 12768                           
 12769     0036                     _LCDrecv:	
 12770                           ;psect for function _LCDrecv
 12771                           
 12772                           
 12773                           ;incstack = 0
 12774                           ; Regs used in _LCDrecv: [wreg+status,2+status,0+pclath+cstack]
 12775                           ;LCDrecv@mode stored from wreg
 12776     0036  00F8               	movwf	LCDrecv@mode
 12777     0037                     l4966:
 12778     0037                     l4968:	
 12779                           ;LCD/lcd.c: 25: unsigned char LCDrecv(unsigned char mode);LCD/lcd.c: 26: {;LCD/lcd.c: 27
      +                          :   unsigned char hc;;LCD/lcd.c: 28:   unsigned char lc;;LCD/lcd.c: 30:   while ((SSP1CO
      +                          N2 & 0x1F) | (SSP1STATbits.R_W));
 12780                           
 12781     0037  0023               	movlb	3	; select bank3
 12782     0038  0C0F               	rrf	15,w	;volatile
 12783     0039  0C89               	rrf	9,f
 12784     003A  3901               	andlw	1
 12785     003B  00F4               	movwf	??_LCDrecv
 12786     003C  0811               	movf	17,w	;volatile
 12787     003D  391F               	andlw	31
 12788     003E  0474               	iorwf	??_LCDrecv,w
 12789     003F  1D03               	btfss	3,2
 12790     0040  2842               	goto	u4091
 12791     0041  2843               	goto	u4090
 12792     0042                     u4091:
 12793     0042  2837               	goto	l4968
 12794     0043                     u4090:
 12795     0043                     l98:	
 12796                           ;LCD/lcd.c: 31:   do { SSP1CON2bits.SEN=1;while(SSP1CON2bits.SEN); } while (0); while ((
      +                          SSP1CON2 & 0x1F) | (SSP1STATbits.R_W));
 12797                           
 12798     0043  1411               	bsf	17,0	;volatile
 12799     0044                     l99:
 12800     0044  1811               	btfsc	17,0	;volatile
 12801     0045  2847               	goto	u4101
 12802     0046  2848               	goto	u4100
 12803     0047                     u4101:
 12804     0047  2844               	goto	l99
 12805     0048                     u4100:
 12806     0048                     l4970:
 12807     0048  0C0F               	rrf	15,w	;volatile
 12808     0049  0C89               	rrf	9,f
 12809     004A  3901               	andlw	1
 12810     004B  00F4               	movwf	??_LCDrecv
 12811     004C  0811               	movf	17,w	;volatile
 12812     004D  391F               	andlw	31
 12813     004E  0474               	iorwf	??_LCDrecv,w
 12814     004F  1D03               	btfss	3,2
 12815     0050  2852               	goto	u4111
 12816     0051  2853               	goto	u4110
 12817     0052                     u4111:
 12818     0052  2848               	goto	l4970
 12819     0053                     u4110:
 12820     0053                     l4972:
 12821                           
 12822                           ;LCD/lcd.c: 32:   WriteI2C(0x4e | 0x00); while ((SSP1CON2 & 0x1F) | (SSP1STATbits.R_W));
 12823     0053  304E               	movlw	78
 12824     0054  3187  2763  3180   	fcall	_WriteI2C
 12825     0057                     l4974:
 12826     0057  0023               	movlb	3	; select bank3
 12827     0058  0C0F               	rrf	15,w	;volatile
 12828     0059  0C89               	rrf	9,f
 12829     005A  3901               	andlw	1
 12830     005B  00F4               	movwf	??_LCDrecv
 12831     005C  0811               	movf	17,w	;volatile
 12832     005D  391F               	andlw	31
 12833     005E  0474               	iorwf	??_LCDrecv,w
 12834     005F  1D03               	btfss	3,2
 12835     0060  2862               	goto	u4121
 12836     0061  2863               	goto	u4120
 12837     0062                     u4121:
 12838     0062  2857               	goto	l4974
 12839     0063                     u4120:
 12840     0063                     l4976:
 12841                           
 12842                           ;LCD/lcd.c: 33:   WriteI2C(0xf0 | 0x08 | 0x02 | mode); while ((SSP1CON2 & 0x1F) | (SSP1S
      +                          TATbits.R_W));
 12843     0063  0878               	movf	LCDrecv@mode,w
 12844     0064  38FA               	iorlw	250
 12845     0065  3187  2763  3180   	fcall	_WriteI2C
 12846     0068                     l4978:
 12847     0068  0023               	movlb	3	; select bank3
 12848     0069  0C0F               	rrf	15,w	;volatile
 12849     006A  0C89               	rrf	9,f
 12850     006B  3901               	andlw	1
 12851     006C  00F4               	movwf	??_LCDrecv
 12852     006D  0811               	movf	17,w	;volatile
 12853     006E  391F               	andlw	31
 12854     006F  0474               	iorwf	??_LCDrecv,w
 12855     0070  1D03               	btfss	3,2
 12856     0071  2873               	goto	u4131
 12857     0072  2874               	goto	u4130
 12858     0073                     u4131:
 12859     0073  2868               	goto	l4978
 12860     0074                     u4130:
 12861     0074                     l4980:
 12862                           
 12863                           ;LCD/lcd.c: 34:   WriteI2C(0xf0 | 0x08 | 0x04 | 0x02 | mode); while ((SSP1CON2 & 0x1F) |
      +                           (SSP1STATbits.R_W));
 12864     0074  0878               	movf	LCDrecv@mode,w
 12865     0075  38FE               	iorlw	254
 12866     0076  3187  2763  3180   	fcall	_WriteI2C
 12867     0079                     l4982:
 12868     0079  0023               	movlb	3	; select bank3
 12869     007A  0C0F               	rrf	15,w	;volatile
 12870     007B  0C89               	rrf	9,f
 12871     007C  3901               	andlw	1
 12872     007D  00F4               	movwf	??_LCDrecv
 12873     007E  0811               	movf	17,w	;volatile
 12874     007F  391F               	andlw	31
 12875     0080  0474               	iorwf	??_LCDrecv,w
 12876     0081  1D03               	btfss	3,2
 12877     0082  2884               	goto	u4141
 12878     0083  2885               	goto	u4140
 12879     0084                     u4141:
 12880     0084  2879               	goto	l4982
 12881     0085                     u4140:
 12882     0085                     l114:
 12883                           
 12884                           ;LCD/lcd.c: 35:   _delay((unsigned long)((1)*(4000000/4000000.0)));
 12885     0085  0000               	nop
 12886     0086                     l115:	
 12887                           ;LCD/lcd.c: 36:   do { SSP1CON2bits.RSEN=1;while(SSP1CON2bits.RSEN); } while (0); while 
      +                          ((SSP1CON2 & 0x1F) | (SSP1STATbits.R_W));
 12888                           
 12889     0086  0023               	movlb	3	; select bank3
 12890     0087  1491               	bsf	17,1	;volatile
 12891     0088                     l116:
 12892     0088  1891               	btfsc	17,1	;volatile
 12893     0089  288B               	goto	u4151
 12894     008A  288C               	goto	u4150
 12895     008B                     u4151:
 12896     008B  2888               	goto	l116
 12897     008C                     u4150:
 12898     008C                     l4984:
 12899     008C  0C0F               	rrf	15,w	;volatile
 12900     008D  0C89               	rrf	9,f
 12901     008E  3901               	andlw	1
 12902     008F  00F4               	movwf	??_LCDrecv
 12903     0090  0811               	movf	17,w	;volatile
 12904     0091  391F               	andlw	31
 12905     0092  0474               	iorwf	??_LCDrecv,w
 12906     0093  1D03               	btfss	3,2
 12907     0094  2896               	goto	u4161
 12908     0095  2897               	goto	u4160
 12909     0096                     u4161:
 12910     0096  288C               	goto	l4984
 12911     0097                     u4160:
 12912     0097                     l4986:
 12913                           
 12914                           ;LCD/lcd.c: 37:   WriteI2C(0x4e | 0x01); while ((SSP1CON2 & 0x1F) | (SSP1STATbits.R_W));
 12915     0097  304F               	movlw	79
 12916     0098  3187  2763  3180   	fcall	_WriteI2C
 12917     009B                     l4988:
 12918     009B  0023               	movlb	3	; select bank3
 12919     009C  0C0F               	rrf	15,w	;volatile
 12920     009D  0C89               	rrf	9,f
 12921     009E  3901               	andlw	1
 12922     009F  00F4               	movwf	??_LCDrecv
 12923     00A0  0811               	movf	17,w	;volatile
 12924     00A1  391F               	andlw	31
 12925     00A2  0474               	iorwf	??_LCDrecv,w
 12926     00A3  1D03               	btfss	3,2
 12927     00A4  28A6               	goto	u4171
 12928     00A5  28A7               	goto	u4170
 12929     00A6                     u4171:
 12930     00A6  289B               	goto	l4988
 12931     00A7                     u4170:
 12932     00A7                     l4990:
 12933                           
 12934                           ;LCD/lcd.c: 38:   hc = ReadI2C(); while ((SSP1CON2 & 0x1F) | (SSP1STATbits.R_W));
 12935     00A7  318E  26C1  3180   	fcall	_ReadI2C
 12936     00AA  00F6               	movwf	LCDrecv@hc
 12937     00AB                     l4992:
 12938     00AB  0023               	movlb	3	; select bank3
 12939     00AC  0C0F               	rrf	15,w	;volatile
 12940     00AD  0C89               	rrf	9,f
 12941     00AE  3901               	andlw	1
 12942     00AF  00F4               	movwf	??_LCDrecv
 12943     00B0  0811               	movf	17,w	;volatile
 12944     00B1  391F               	andlw	31
 12945     00B2  0474               	iorwf	??_LCDrecv,w
 12946     00B3  1D03               	btfss	3,2
 12947     00B4  28B6               	goto	u4181
 12948     00B5  28B7               	goto	u4180
 12949     00B6                     u4181:
 12950     00B6  28AB               	goto	l4992
 12951     00B7                     u4180:
 12952     00B7                     l129:	
 12953                           ;LCD/lcd.c: 39:   do { SSP1CON2bits.ACKDT=1;SSP1CON2bits.ACKEN=1;while(SSP1CON2bits.ACKE
      +                          N); } while (0);
 12954                           
 12955     00B7  1691               	bsf	17,5	;volatile
 12956     00B8  1611               	bsf	17,4	;volatile
 12957     00B9                     l130:
 12958     00B9  1A11               	btfsc	17,4	;volatile
 12959     00BA  28BC               	goto	u4191
 12960     00BB  28BD               	goto	u4190
 12961     00BC                     u4191:
 12962     00BC  28B9               	goto	l130
 12963     00BD                     u4190:
 12964     00BD                     l134:	
 12965                           ;LCD/lcd.c: 40:   do { SSP1CON2bits.RSEN=1;while(SSP1CON2bits.RSEN); } while (0); while 
      +                          ((SSP1CON2 & 0x1F) | (SSP1STATbits.R_W));
 12966                           
 12967     00BD  1491               	bsf	17,1	;volatile
 12968     00BE                     l135:
 12969     00BE  1891               	btfsc	17,1	;volatile
 12970     00BF  28C1               	goto	u4201
 12971     00C0  28C2               	goto	u4200
 12972     00C1                     u4201:
 12973     00C1  28BE               	goto	l135
 12974     00C2                     u4200:
 12975     00C2                     l4994:
 12976     00C2  0C0F               	rrf	15,w	;volatile
 12977     00C3  0C89               	rrf	9,f
 12978     00C4  3901               	andlw	1
 12979     00C5  00F4               	movwf	??_LCDrecv
 12980     00C6  0811               	movf	17,w	;volatile
 12981     00C7  391F               	andlw	31
 12982     00C8  0474               	iorwf	??_LCDrecv,w
 12983     00C9  1D03               	btfss	3,2
 12984     00CA  28CC               	goto	u4211
 12985     00CB  28CD               	goto	u4210
 12986     00CC                     u4211:
 12987     00CC  28C2               	goto	l4994
 12988     00CD                     u4210:
 12989     00CD                     l4996:
 12990                           
 12991                           ;LCD/lcd.c: 41:   WriteI2C(0x4e | 0x00); while ((SSP1CON2 & 0x1F) | (SSP1STATbits.R_W));
 12992     00CD  304E               	movlw	78
 12993     00CE  3187  2763  3180   	fcall	_WriteI2C
 12994     00D1                     l4998:
 12995     00D1  0023               	movlb	3	; select bank3
 12996     00D2  0C0F               	rrf	15,w	;volatile
 12997     00D3  0C89               	rrf	9,f
 12998     00D4  3901               	andlw	1
 12999     00D5  00F4               	movwf	??_LCDrecv
 13000     00D6  0811               	movf	17,w	;volatile
 13001     00D7  391F               	andlw	31
 13002     00D8  0474               	iorwf	??_LCDrecv,w
 13003     00D9  1D03               	btfss	3,2
 13004     00DA  28DC               	goto	u4221
 13005     00DB  28DD               	goto	u4220
 13006     00DC                     u4221:
 13007     00DC  28D1               	goto	l4998
 13008     00DD                     u4220:
 13009     00DD                     l5000:
 13010                           
 13011                           ;LCD/lcd.c: 42:   WriteI2C(0xf0 | 0x08 | 0x02 | mode); while ((SSP1CON2 & 0x1F) | (SSP1S
      +                          TATbits.R_W));
 13012     00DD  0878               	movf	LCDrecv@mode,w
 13013     00DE  38FA               	iorlw	250
 13014     00DF  3187  2763  3180   	fcall	_WriteI2C
 13015     00E2                     l5002:
 13016     00E2  0023               	movlb	3	; select bank3
 13017     00E3  0C0F               	rrf	15,w	;volatile
 13018     00E4  0C89               	rrf	9,f
 13019     00E5  3901               	andlw	1
 13020     00E6  00F4               	movwf	??_LCDrecv
 13021     00E7  0811               	movf	17,w	;volatile
 13022     00E8  391F               	andlw	31
 13023     00E9  0474               	iorwf	??_LCDrecv,w
 13024     00EA  1D03               	btfss	3,2
 13025     00EB  28ED               	goto	u4231
 13026     00EC  28EE               	goto	u4230
 13027     00ED                     u4231:
 13028     00ED  28E2               	goto	l5002
 13029     00EE                     u4230:
 13030     00EE                     l5004:
 13031                           
 13032                           ;LCD/lcd.c: 43:   WriteI2C(0xf0 | 0x08 | 0x04 | 0x02 | mode); while ((SSP1CON2 & 0x1F) |
      +                           (SSP1STATbits.R_W));
 13033     00EE  0878               	movf	LCDrecv@mode,w
 13034     00EF  38FE               	iorlw	254
 13035     00F0  3187  2763  3180   	fcall	_WriteI2C
 13036     00F3                     l5006:
 13037     00F3  0023               	movlb	3	; select bank3
 13038     00F4  0C0F               	rrf	15,w	;volatile
 13039     00F5  0C89               	rrf	9,f
 13040     00F6  3901               	andlw	1
 13041     00F7  00F4               	movwf	??_LCDrecv
 13042     00F8  0811               	movf	17,w	;volatile
 13043     00F9  391F               	andlw	31
 13044     00FA  0474               	iorwf	??_LCDrecv,w
 13045     00FB  1D03               	btfss	3,2
 13046     00FC  28FE               	goto	u4241
 13047     00FD  28FF               	goto	u4240
 13048     00FE                     u4241:
 13049     00FE  28F3               	goto	l5006
 13050     00FF                     u4240:
 13051     00FF                     l150:
 13052                           
 13053                           ;LCD/lcd.c: 44:   _delay((unsigned long)((1)*(4000000/4000000.0)));
 13054     00FF  0000               	nop
 13055     0100                     l151:	
 13056                           ;LCD/lcd.c: 45:   do { SSP1CON2bits.RSEN=1;while(SSP1CON2bits.RSEN); } while (0); while 
      +                          ((SSP1CON2 & 0x1F) | (SSP1STATbits.R_W));
 13057                           
 13058     0100  0023               	movlb	3	; select bank3
 13059     0101  1491               	bsf	17,1	;volatile
 13060     0102                     l152:
 13061     0102  1891               	btfsc	17,1	;volatile
 13062     0103  2905               	goto	u4251
 13063     0104  2906               	goto	u4250
 13064     0105                     u4251:
 13065     0105  2902               	goto	l152
 13066     0106                     u4250:
 13067     0106                     l5008:
 13068     0106  0C0F               	rrf	15,w	;volatile
 13069     0107  0C89               	rrf	9,f
 13070     0108  3901               	andlw	1
 13071     0109  00F4               	movwf	??_LCDrecv
 13072     010A  0811               	movf	17,w	;volatile
 13073     010B  391F               	andlw	31
 13074     010C  0474               	iorwf	??_LCDrecv,w
 13075     010D  1D03               	btfss	3,2
 13076     010E  2910               	goto	u4261
 13077     010F  2911               	goto	u4260
 13078     0110                     u4261:
 13079     0110  2906               	goto	l5008
 13080     0111                     u4260:
 13081     0111                     l5010:
 13082                           
 13083                           ;LCD/lcd.c: 46:   WriteI2C(0x4e | 0x01); while ((SSP1CON2 & 0x1F) | (SSP1STATbits.R_W));
 13084     0111  304F               	movlw	79
 13085     0112  3187  2763  3180   	fcall	_WriteI2C
 13086     0115                     l5012:
 13087     0115  0023               	movlb	3	; select bank3
 13088     0116  0C0F               	rrf	15,w	;volatile
 13089     0117  0C89               	rrf	9,f
 13090     0118  3901               	andlw	1
 13091     0119  00F4               	movwf	??_LCDrecv
 13092     011A  0811               	movf	17,w	;volatile
 13093     011B  391F               	andlw	31
 13094     011C  0474               	iorwf	??_LCDrecv,w
 13095     011D  1D03               	btfss	3,2
 13096     011E  2920               	goto	u4271
 13097     011F  2921               	goto	u4270
 13098     0120                     u4271:
 13099     0120  2915               	goto	l5012
 13100     0121                     u4270:
 13101     0121                     l5014:
 13102                           
 13103                           ;LCD/lcd.c: 47:   lc = ReadI2C(); while ((SSP1CON2 & 0x1F) | (SSP1STATbits.R_W));
 13104     0121  318E  26C1  3180   	fcall	_ReadI2C
 13105     0124  00F7               	movwf	LCDrecv@lc
 13106     0125                     l5016:
 13107     0125  0023               	movlb	3	; select bank3
 13108     0126  0C0F               	rrf	15,w	;volatile
 13109     0127  0C89               	rrf	9,f
 13110     0128  3901               	andlw	1
 13111     0129  00F4               	movwf	??_LCDrecv
 13112     012A  0811               	movf	17,w	;volatile
 13113     012B  391F               	andlw	31
 13114     012C  0474               	iorwf	??_LCDrecv,w
 13115     012D  1D03               	btfss	3,2
 13116     012E  2930               	goto	u4281
 13117     012F  2931               	goto	u4280
 13118     0130                     u4281:
 13119     0130  2925               	goto	l5016
 13120     0131                     u4280:
 13121     0131                     l165:	
 13122                           ;LCD/lcd.c: 48:   do { SSP1CON2bits.ACKDT=1;SSP1CON2bits.ACKEN=1;while(SSP1CON2bits.ACKE
      +                          N); } while (0);
 13123                           
 13124     0131  1691               	bsf	17,5	;volatile
 13125     0132  1611               	bsf	17,4	;volatile
 13126     0133                     l166:
 13127     0133  1A11               	btfsc	17,4	;volatile
 13128     0134  2936               	goto	u4291
 13129     0135  2937               	goto	u4290
 13130     0136                     u4291:
 13131     0136  2933               	goto	l166
 13132     0137                     u4290:
 13133     0137                     l170:	
 13134                           ;LCD/lcd.c: 49:   do { SSP1CON2bits.RSEN=1;while(SSP1CON2bits.RSEN); } while (0); while 
      +                          ((SSP1CON2 & 0x1F) | (SSP1STATbits.R_W));
 13135                           
 13136     0137  1491               	bsf	17,1	;volatile
 13137     0138                     l171:
 13138     0138  1891               	btfsc	17,1	;volatile
 13139     0139  293B               	goto	u4301
 13140     013A  293C               	goto	u4300
 13141     013B                     u4301:
 13142     013B  2938               	goto	l171
 13143     013C                     u4300:
 13144     013C                     l5018:
 13145     013C  0C0F               	rrf	15,w	;volatile
 13146     013D  0C89               	rrf	9,f
 13147     013E  3901               	andlw	1
 13148     013F  00F4               	movwf	??_LCDrecv
 13149     0140  0811               	movf	17,w	;volatile
 13150     0141  391F               	andlw	31
 13151     0142  0474               	iorwf	??_LCDrecv,w
 13152     0143  1D03               	btfss	3,2
 13153     0144  2946               	goto	u4311
 13154     0145  2947               	goto	u4310
 13155     0146                     u4311:
 13156     0146  293C               	goto	l5018
 13157     0147                     u4310:
 13158     0147                     l5020:
 13159                           
 13160                           ;LCD/lcd.c: 50:   WriteI2C(0x4e | 0x00); while ((SSP1CON2 & 0x1F) | (SSP1STATbits.R_W));
 13161     0147  304E               	movlw	78
 13162     0148  3187  2763  3180   	fcall	_WriteI2C
 13163     014B                     l5022:
 13164     014B  0023               	movlb	3	; select bank3
 13165     014C  0C0F               	rrf	15,w	;volatile
 13166     014D  0C89               	rrf	9,f
 13167     014E  3901               	andlw	1
 13168     014F  00F4               	movwf	??_LCDrecv
 13169     0150  0811               	movf	17,w	;volatile
 13170     0151  391F               	andlw	31
 13171     0152  0474               	iorwf	??_LCDrecv,w
 13172     0153  1D03               	btfss	3,2
 13173     0154  2956               	goto	u4321
 13174     0155  2957               	goto	u4320
 13175     0156                     u4321:
 13176     0156  294B               	goto	l5022
 13177     0157                     u4320:
 13178     0157                     l5024:
 13179                           
 13180                           ;LCD/lcd.c: 51:   WriteI2C(0xf0 | 0x08 | 0x02 | mode); while ((SSP1CON2 & 0x1F) | (SSP1S
      +                          TATbits.R_W));
 13181     0157  0878               	movf	LCDrecv@mode,w
 13182     0158  38FA               	iorlw	250
 13183     0159  3187  2763  3180   	fcall	_WriteI2C
 13184     015C                     l5026:
 13185     015C  0023               	movlb	3	; select bank3
 13186     015D  0C0F               	rrf	15,w	;volatile
 13187     015E  0C89               	rrf	9,f
 13188     015F  3901               	andlw	1
 13189     0160  00F4               	movwf	??_LCDrecv
 13190     0161  0811               	movf	17,w	;volatile
 13191     0162  391F               	andlw	31
 13192     0163  0474               	iorwf	??_LCDrecv,w
 13193     0164  1D03               	btfss	3,2
 13194     0165  2967               	goto	u4331
 13195     0166  2968               	goto	u4330
 13196     0167                     u4331:
 13197     0167  295C               	goto	l5026
 13198     0168                     u4330:
 13199     0168                     l184:	
 13200                           ;LCD/lcd.c: 52:   do { SSP1CON2bits.PEN = 1;while(SSP1CON2bits.PEN); } while (0);
 13201                           
 13202     0168  1511               	bsf	17,2	;volatile
 13203     0169                     l185:
 13204     0169  1911               	btfsc	17,2	;volatile
 13205     016A  296C               	goto	u4341
 13206     016B  296D               	goto	u4340
 13207     016C                     u4341:
 13208     016C  2969               	goto	l185
 13209     016D                     u4340:
 13210     016D                     l5028:
 13211                           
 13212                           ;LCD/lcd.c: 53:   return ((hc&0xf0) | ((lc>>4)&0x0f));
 13213     016D  0877               	movf	LCDrecv@lc,w
 13214     016E  00F4               	movwf	??_LCDrecv
 13215     016F  3004               	movlw	4
 13216     0170                     u4355:
 13217     0170  36F4               	lsrf	??_LCDrecv,f
 13218     0171  0B89               	decfsz	9,f
 13219     0172  2970               	goto	u4355
 13220     0173  300F               	movlw	15
 13221     0174  0574               	andwf	??_LCDrecv,w
 13222     0175  00F5               	movwf	??_LCDrecv+1
 13223     0176  0876               	movf	LCDrecv@hc,w
 13224     0177  39F0               	andlw	240
 13225     0178  0475               	iorwf	??_LCDrecv+1,w
 13226     0179                     l189:
 13227     0179  0008               	return
 13228     017A                     __end_of_LCDrecv:
 13229                           
 13230                           	psect	text36
 13231     0763                     __ptext36:	
 13232 ;; *************** function _WriteI2C *****************
 13233 ;; Defined at:
 13234 ;;		line 59 in file "I2C/i2c.c"
 13235 ;; Parameters:    Size  Location     Type
 13236 ;;  data_out        1    wreg     unsigned char 
 13237 ;; Auto vars:     Size  Location     Type
 13238 ;;  data_out        1    3[COMMON] unsigned char 
 13239 ;; Return value:  Size  Location     Type
 13240 ;;                  1    wreg      char 
 13241 ;; Registers used:
 13242 ;;		wreg, status,2, status,0
 13243 ;; Tracked objects:
 13244 ;;		On entry : 0/0
 13245 ;;		On exit  : 0/0
 13246 ;;		Unchanged: 0/0
 13247 ;; Data sizes:     COMMON   BANK0   BANK1   BANK2   BANK3   BANK4   BANK5   BANK6   BANK7   BANK8   BANK9  BANK10  BANK1
      +1  BANK12
 13248 ;;      Params:         0       0       0       0       0       0       0       0       0       0       0       0       
      +0       0
 13249 ;;      Locals:         1       0       0       0       0       0       0       0       0       0       0       0       
      +0       0
 13250 ;;      Temps:          1       0       0       0       0       0       0       0       0       0       0       0       
      +0       0
 13251 ;;      Totals:         2       0       0       0       0       0       0       0       0       0       0       0       
      +0       0
 13252 ;;Total ram usage:        2 bytes
 13253 ;; Hardware stack levels used: 1
 13254 ;; Hardware stack levels required when called: 3
 13255 ;; This function calls:
 13256 ;;		Nothing
 13257 ;; This function is called by:
 13258 ;;		_LCDsend
 13259 ;;		_LCDrecv
 13260 ;;		_LCDsend2x4
 13261 ;;		_readTC74
 13262 ;; This function uses a non-reentrant model
 13263 ;;
 13264                           
 13265     0763                     _WriteI2C:	
 13266                           ;psect for function _WriteI2C
 13267                           
 13268                           
 13269                           ;incstack = 0
 13270                           ; Regs used in _WriteI2C: [wreg+status,2+status,0]
 13271                           ;WriteI2C@data_out stored from wreg
 13272     0763  00F3               	movwf	WriteI2C@data_out
 13273     0764                     l4788:
 13274                           
 13275                           ;I2C/i2c.c: 59: signed char WriteI2C( unsigned char data_out );I2C/i2c.c: 60: {;I2C/i2c.
      +                          c: 61:   SSP1BUF = data_out;
 13276     0764  0873               	movf	WriteI2C@data_out,w
 13277     0765  0023               	movlb	3	; select bank3
 13278     0766  008C               	movwf	12	;volatile
 13279     0767                     l4790:
 13280                           
 13281                           ;I2C/i2c.c: 62:   if ( SSP1CON1bits.WCOL )
 13282     0767  1F90               	btfss	16,7	;volatile
 13283     0768  2F6A               	goto	u3671
 13284     0769  2F6B               	goto	u3670
 13285     076A                     u3671:
 13286     076A  2F6C               	goto	l4796
 13287     076B                     u3670:
 13288     076B  2FAD               	goto	l36
 13289     076C                     l4796:
 13290                           
 13291                           ;I2C/i2c.c: 65:   {;I2C/i2c.c: 66:  if( ((SSP1CON1&0x0F)!=0x08) && ((SSP1CON1&0x0F)!=0x0
      +                          B) )
 13292     076C  300F               	movlw	15
 13293     076D  0510               	andwf	16,w	;volatile
 13294     076E  00F2               	movwf	??_WriteI2C
 13295     076F  3008               	movlw	8
 13296     0770  0672               	xorwf	??_WriteI2C,w
 13297     0771  1903               	btfsc	3,2
 13298     0772  2F74               	goto	u3681
 13299     0773  2F75               	goto	u3680
 13300     0774                     u3681:
 13301     0774  2F8B               	goto	l4808
 13302     0775                     u3680:
 13303     0775                     l4798:
 13304     0775  300F               	movlw	15
 13305     0776  0510               	andwf	16,w	;volatile
 13306     0777  00F2               	movwf	??_WriteI2C
 13307     0778  300B               	movlw	11
 13308     0779  0672               	xorwf	??_WriteI2C,w
 13309     077A  1903               	btfsc	3,2
 13310     077B  2F7D               	goto	u3691
 13311     077C  2F7E               	goto	u3690
 13312     077D                     u3691:
 13313     077D  2F8B               	goto	l4808
 13314     077E                     u3690:
 13315     077E                     l4800:
 13316                           
 13317                           ;I2C/i2c.c: 67:  {;I2C/i2c.c: 68:        SSP1CON1bits.CKP = 1;
 13318     077E  1610               	bsf	16,4	;volatile
 13319     077F                     l39:	
 13320                           ;I2C/i2c.c: 69:        while ( !PIR3bits.SSP1IF );
 13321                           
 13322     077F  002E               	movlb	14	; select bank14
 13323     0780  1C0F               	btfss	15,0	;volatile
 13324     0781  2F83               	goto	u3701
 13325     0782  2F84               	goto	u3700
 13326     0783                     u3701:
 13327     0783  2F7F               	goto	l39
 13328     0784                     u3700:
 13329     0784                     l41:
 13330                           
 13331                           ;I2C/i2c.c: 71:        if ( ( !SSP1STATbits.R_W ) && ( !SSP1STATbits.BF ) )
 13332     0784  0023               	movlb	3	; select bank3
 13333     0785  190F               	btfsc	15,2	;volatile
 13334     0786  2F88               	goto	u3711
 13335     0787  2F89               	goto	u3710
 13336     0788                     u3711:
 13337     0788  2FAD               	goto	l36
 13338     0789                     u3710:
 13339     0789                     l4802:
 13340     0789  080F               	movf	15,w	;volatile
 13341     078A  2FAD               	goto	l36
 13342     078B                     l4808:
 13343     078B  300F               	movlw	15
 13344     078C  0510               	andwf	16,w	;volatile
 13345     078D  00F2               	movwf	??_WriteI2C
 13346     078E  3008               	movlw	8
 13347     078F  0672               	xorwf	??_WriteI2C,w
 13348     0790  1903               	btfsc	3,2
 13349     0791  2F93               	goto	u3721
 13350     0792  2F94               	goto	u3720
 13351     0793                     u3721:
 13352     0793  2F9D               	goto	l48
 13353     0794                     u3720:
 13354     0794                     l4810:
 13355     0794  300F               	movlw	15
 13356     0795  0510               	andwf	16,w	;volatile
 13357     0796  00F2               	movwf	??_WriteI2C
 13358     0797  300B               	movlw	11
 13359     0798  0672               	xorwf	??_WriteI2C,w
 13360     0799  1D03               	btfss	3,2
 13361     079A  2F9C               	goto	u3731
 13362     079B  2F9D               	goto	u3730
 13363     079C                     u3731:
 13364     079C  2FAD               	goto	l36
 13365     079D                     u3730:
 13366     079D                     l48:
 13367     079D  180F               	btfsc	15,0	;volatile
 13368     079E  2FA0               	goto	u3741
 13369     079F  2FA1               	goto	u3740
 13370     07A0                     u3741:
 13371     07A0  2F9D               	goto	l48
 13372     07A1                     u3740:
 13373     07A1                     l4812:
 13374     07A1  0C0F               	rrf	15,w	;volatile
 13375     07A2  0C89               	rrf	9,f
 13376     07A3  3901               	andlw	1
 13377     07A4  00F2               	movwf	??_WriteI2C
 13378     07A5  0811               	movf	17,w	;volatile
 13379     07A6  391F               	andlw	31
 13380     07A7  0472               	iorwf	??_WriteI2C,w
 13381     07A8  1D03               	btfss	3,2
 13382     07A9  2FAB               	goto	u3751
 13383     07AA  2FAC               	goto	u3750
 13384     07AB                     u3751:
 13385     07AB  2FA1               	goto	l4812
 13386     07AC                     u3750:
 13387     07AC                     l53:
 13388                           
 13389                           ;I2C/i2c.c: 84:      if ( SSP1CON2bits.ACKSTAT )
 13390     07AC  0811               	movf	17,w	;volatile
 13391     07AD                     l36:
 13392     07AD  0008               	return
 13393     07AE                     __end_of_WriteI2C:
 13394                           
 13395                           	psect	text37
 13396     0EC1                     __ptext37:	
 13397 ;; *************** function _ReadI2C *****************
 13398 ;; Defined at:
 13399 ;;		line 44 in file "I2C/i2c.c"
 13400 ;; Parameters:    Size  Location     Type
 13401 ;;		None
 13402 ;; Auto vars:     Size  Location     Type
 13403 ;;		None
 13404 ;; Return value:  Size  Location     Type
 13405 ;;                  1    wreg      unsigned char 
 13406 ;; Registers used:
 13407 ;;		wreg, status,2, status,0
 13408 ;; Tracked objects:
 13409 ;;		On entry : 0/0
 13410 ;;		On exit  : 0/0
 13411 ;;		Unchanged: 0/0
 13412 ;; Data sizes:     COMMON   BANK0   BANK1   BANK2   BANK3   BANK4   BANK5   BANK6   BANK7   BANK8   BANK9  BANK10  BANK1
      +1  BANK12
 13413 ;;      Params:         0       0       0       0       0       0       0       0       0       0       0       0       
      +0       0
 13414 ;;      Locals:         0       0       0       0       0       0       0       0       0       0       0       0       
      +0       0
 13415 ;;      Temps:          1       0       0       0       0       0       0       0       0       0       0       0       
      +0       0
 13416 ;;      Totals:         1       0       0       0       0       0       0       0       0       0       0       0       
      +0       0
 13417 ;;Total ram usage:        1 bytes
 13418 ;; Hardware stack levels used: 1
 13419 ;; Hardware stack levels required when called: 3
 13420 ;; This function calls:
 13421 ;;		Nothing
 13422 ;; This function is called by:
 13423 ;;		_LCDrecv
 13424 ;;		_readTC74
 13425 ;; This function uses a non-reentrant model
 13426 ;;
 13427                           
 13428     0EC1                     _ReadI2C:	
 13429                           ;psect for function _ReadI2C
 13430                           
 13431     0EC1                     l3652:	
 13432                           ;incstack = 0
 13433                           ; Regs used in _ReadI2C: [wreg+status,2+status,0]
 13434                           
 13435                           
 13436                           ;I2C/i2c.c: 46: if( ((SSP1CON1&0x0F)==0x08) || ((SSP1CON1&0x0F)==0x0B) )
 13437     0EC1  300F               	movlw	15
 13438     0EC2  0023               	movlb	3	; select bank3
 13439     0EC3  0510               	andwf	16,w	;volatile
 13440     0EC4  00F2               	movwf	??_ReadI2C
 13441     0EC5  3008               	movlw	8
 13442     0EC6  0672               	xorwf	??_ReadI2C,w
 13443     0EC7  1903               	btfsc	3,2
 13444     0EC8  2ECA               	goto	u2341
 13445     0EC9  2ECB               	goto	u2340
 13446     0ECA                     u2341:
 13447     0ECA  2ED4               	goto	l28
 13448     0ECB                     u2340:
 13449     0ECB                     l3654:
 13450     0ECB  300F               	movlw	15
 13451     0ECC  0510               	andwf	16,w	;volatile
 13452     0ECD  00F2               	movwf	??_ReadI2C
 13453     0ECE  300B               	movlw	11
 13454     0ECF  0672               	xorwf	??_ReadI2C,w
 13455     0ED0  1D03               	btfss	3,2
 13456     0ED1  2ED3               	goto	u2351
 13457     0ED2  2ED4               	goto	u2350
 13458     0ED3                     u2351:
 13459     0ED3  2ED5               	goto	l29
 13460     0ED4                     u2350:
 13461     0ED4                     l28:
 13462                           
 13463                           ;I2C/i2c.c: 47:   SSP1CON2bits.RCEN = 1;
 13464     0ED4  1591               	bsf	17,3	;volatile
 13465     0ED5                     l29:
 13466     0ED5  1C0F               	btfss	15,0	;volatile
 13467     0ED6  2ED8               	goto	u2361
 13468     0ED7  2ED9               	goto	u2360
 13469     0ED8                     u2361:
 13470     0ED8  2ED5               	goto	l29
 13471     0ED9                     u2360:
 13472     0ED9                     l3656:
 13473                           
 13474                           ;I2C/i2c.c: 49:   return ( SSP1BUF );
 13475     0ED9  080C               	movf	12,w	;volatile
 13476     0EDA                     l32:
 13477     0EDA  0008               	return
 13478     0EDB                     __end_of_ReadI2C:
 13479                           
 13480                           	psect	text38
 13481     0E1C                     __ptext38:	
 13482 ;; *************** function _ADCC_GetSingleConversion *****************
 13483 ;; Defined at:
 13484 ;;		line 132 in file "mcc_generated_files/adcc.c"
 13485 ;; Parameters:    Size  Location     Type
 13486 ;;  channel         1    wreg     enum E12219
 13487 ;; Auto vars:     Size  Location     Type
 13488 ;;  channel         1    4[COMMON] enum E12219
 13489 ;; Return value:  Size  Location     Type
 13490 ;;                  2    2[COMMON] unsigned short 
 13491 ;; Registers used:
 13492 ;;		wreg
 13493 ;; Tracked objects:
 13494 ;;		On entry : 0/0
 13495 ;;		On exit  : 0/0
 13496 ;;		Unchanged: 0/0
 13497 ;; Data sizes:     COMMON   BANK0   BANK1   BANK2   BANK3   BANK4   BANK5   BANK6   BANK7   BANK8   BANK9  BANK10  BANK1
      +1  BANK12
 13498 ;;      Params:         2       0       0       0       0       0       0       0       0       0       0       0       
      +0       0
 13499 ;;      Locals:         1       0       0       0       0       0       0       0       0       0       0       0       
      +0       0
 13500 ;;      Temps:          0       0       0       0       0       0       0       0       0       0       0       0       
      +0       0
 13501 ;;      Totals:         3       0       0       0       0       0       0       0       0       0       0       0       
      +0       0
 13502 ;;Total ram usage:        3 bytes
 13503 ;; Hardware stack levels used: 1
 13504 ;; Hardware stack levels required when called: 3
 13505 ;; This function calls:
 13506 ;;		Nothing
 13507 ;; This function is called by:
 13508 ;;		_main
 13509 ;; This function uses a non-reentrant model
 13510 ;;
 13511                           
 13512     0E1C                     _ADCC_GetSingleConversion:	
 13513                           ;psect for function _ADCC_GetSingleConversion
 13514                           
 13515                           
 13516                           ;incstack = 0
 13517                           ; Regs used in _ADCC_GetSingleConversion: [wreg]
 13518                           ;ADCC_GetSingleConversion@channel stored from wreg
 13519     0E1C  00F4               	movwf	ADCC_GetSingleConversion@channel
 13520     0E1D                     l4060:
 13521                           
 13522                           ;mcc_generated_files/adcc.c: 132: adc_result_t ADCC_GetSingleConversion(adcc_channel_t c
      +                          hannel);mcc_generated_files/adcc.c: 133: {;mcc_generated_files/adcc.c: 135:     ADPCH = 
      +                          channel;
 13523     0E1D  0874               	movf	ADCC_GetSingleConversion@channel,w
 13524     0E1E  0021               	movlb	1	; select bank1
 13525     0E1F  009E               	movwf	30	;volatile
 13526     0E20                     l4062:
 13527                           
 13528                           ;mcc_generated_files/adcc.c: 138:     ADCON0bits.ADON = 1;
 13529     0E20  1793               	bsf	19,7	;volatile
 13530     0E21                     l4064:
 13531                           
 13532                           ;mcc_generated_files/adcc.c: 141:     ADCON0bits.ADCONT = 0;
 13533     0E21  1313               	bcf	19,6	;volatile
 13534     0E22                     l4066:
 13535                           
 13536                           ;mcc_generated_files/adcc.c: 144:     ADCON0bits.ADGO = 1;
 13537     0E22  1413               	bsf	19,0	;volatile
 13538     0E23                     l4068:
 13539                           
 13540                           ;mcc_generated_files/adcc.c: 147:     __nop();
 13541     0E23  0000               	nop
 13542     0E24                     l1072:	
 13543                           ;mcc_generated_files/adcc.c: 151:     {;mcc_generated_files/adcc.c: 152:     }
 13544                           
 13545                           
 13546                           ;mcc_generated_files/adcc.c: 150:     while (ADCON0bits.ADGO)
 13547     0E24  0021               	movlb	1	; select bank1
 13548     0E25  1813               	btfsc	19,0	;volatile
 13549     0E26  2E28               	goto	u2931
 13550     0E27  2E29               	goto	u2930
 13551     0E28                     u2931:
 13552     0E28  2E24               	goto	l1072
 13553     0E29                     u2930:
 13554     0E29                     l4070:
 13555                           
 13556                           ;mcc_generated_files/adcc.c: 156:     return ((adc_result_t)((ADRESH << 8) + ADRESL));
 13557     0E29  080D               	movf	13,w	;volatile
 13558     0E2A  00F3               	movwf	?_ADCC_GetSingleConversion+1
 13559     0E2B  080C               	movf	12,w	;volatile
 13560     0E2C  00F2               	movwf	?_ADCC_GetSingleConversion
 13561     0E2D                     l1075:
 13562     0E2D  0008               	return
 13563     0E2E                     __end_of_ADCC_GetSingleConversion:
 13564                           
 13565                           	psect	text39
 13566     0DAB                     __ptext39:	
 13567 ;; *************** function _ADCC_DisableContinuousConversion *****************
 13568 ;; Defined at:
 13569 ;;		line 275 in file "mcc_generated_files/adcc.c"
 13570 ;; Parameters:    Size  Location     Type
 13571 ;;		None
 13572 ;; Auto vars:     Size  Location     Type
 13573 ;;		None
 13574 ;; Return value:  Size  Location     Type
 13575 ;;                  1    wreg      void 
 13576 ;; Registers used:
 13577 ;;		None
 13578 ;; Tracked objects:
 13579 ;;		On entry : 0/0
 13580 ;;		On exit  : 0/0
 13581 ;;		Unchanged: 0/0
 13582 ;; Data sizes:     COMMON   BANK0   BANK1   BANK2   BANK3   BANK4   BANK5   BANK6   BANK7   BANK8   BANK9  BANK10  BANK1
      +1  BANK12
 13583 ;;      Params:         0       0       0       0       0       0       0       0       0       0       0       0       
      +0       0
 13584 ;;      Locals:         0       0       0       0       0       0       0       0       0       0       0       0       
      +0       0
 13585 ;;      Temps:          0       0       0       0       0       0       0       0       0       0       0       0       
      +0       0
 13586 ;;      Totals:         0       0       0       0       0       0       0       0       0       0       0       0       
      +0       0
 13587 ;;Total ram usage:        0 bytes
 13588 ;; Hardware stack levels used: 1
 13589 ;; Hardware stack levels required when called: 3
 13590 ;; This function calls:
 13591 ;;		Nothing
 13592 ;; This function is called by:
 13593 ;;		_main
 13594 ;; This function uses a non-reentrant model
 13595 ;;
 13596                           
 13597     0DAB                     _ADCC_DisableContinuousConversion:	
 13598                           ;psect for function _ADCC_DisableContinuousConversion
 13599                           
 13600     0DAB                     l4074:	
 13601                           ;incstack = 0
 13602                           ; Regs used in _ADCC_DisableContinuousConversion: []
 13603                           
 13604                           
 13605                           ;mcc_generated_files/adcc.c: 278:     ADCON0bits.ADCONT = 0;
 13606     0DAB  0021               	movlb	1	; select bank1
 13607     0DAC  1313               	bcf	19,6	;volatile
 13608     0DAD                     l1132:
 13609     0DAD  0008               	return
 13610     0DAE                     __end_of_ADCC_DisableContinuousConversion:
 13611                           
 13612                           	psect	intentry
 13613     0004                     __pintentry:	
 13614 ;; *************** function _INTERRUPT_InterruptManager *****************
 13615 ;; Defined at:
 13616 ;;		line 52 in file "mcc_generated_files/interrupt_manager.c"
 13617 ;; Parameters:    Size  Location     Type
 13618 ;;		None
 13619 ;; Auto vars:     Size  Location     Type
 13620 ;;		None
 13621 ;; Return value:  Size  Location     Type
 13622 ;;                  1    wreg      void 
 13623 ;; Registers used:
 13624 ;;		wreg, status,2, status,0, pclath, cstack
 13625 ;; Tracked objects:
 13626 ;;		On entry : 0/0
 13627 ;;		On exit  : 0/0
 13628 ;;		Unchanged: 0/0
 13629 ;; Data sizes:     COMMON   BANK0   BANK1   BANK2   BANK3   BANK4   BANK5   BANK6   BANK7   BANK8   BANK9  BANK10  BANK1
      +1  BANK12
 13630 ;;      Params:         0       0       0       0       0       0       0       0       0       0       0       0       
      +0       0
 13631 ;;      Locals:         0       0       0       0       0       0       0       0       0       0       0       0       
      +0       0
 13632 ;;      Temps:          0       0       0       0       0       0       0       0       0       0       0       0       
      +0       0
 13633 ;;      Totals:         0       0       0       0       0       0       0       0       0       0       0       0       
      +0       0
 13634 ;;Total ram usage:        0 bytes
 13635 ;; Hardware stack levels used: 1
 13636 ;; Hardware stack levels required when called: 2
 13637 ;; This function calls:
 13638 ;;		_TMR1_ISR
 13639 ;; This function is called by:
 13640 ;;		Interrupt level 1
 13641 ;; This function uses a non-reentrant model
 13642 ;;
 13643                           
 13644     0004                     _INTERRUPT_InterruptManager:
 13645                           
 13646                           ;incstack = 0
 13647     0004  147E               	bsf	int$flags,0	;set compiler interrupt flag (level 1)
 13648                           
 13649                           ; Regs used in _INTERRUPT_InterruptManager: [wreg+status,2+status,0+pclath+cstack]
 13650     0005  3180               	pagesel	$
 13651     0006  3000               	movlw	low ___int_sp
 13652     0007  0086               	movwf	6
 13653     0008  3000               	movlw	high ___int_sp
 13654     0009  0087               	movwf	7
 13655     000A                     i1l4672:
 13656                           
 13657                           ;mcc_generated_files/interrupt_manager.c: 55:     if(INTCONbits.PEIE == 1)
 13658     000A  1F0B               	btfss	11,6	;volatile
 13659     000B  280D               	goto	u348_21
 13660     000C  280E               	goto	u348_20
 13661     000D                     u348_21:
 13662     000D  281A               	goto	i1l840
 13663     000E                     u348_20:
 13664     000E                     i1l4674:
 13665                           
 13666                           ;mcc_generated_files/interrupt_manager.c: 56:     {;mcc_generated_files/interrupt_manage
      +                          r.c: 57:         if(PIE4bits.TMR1IE == 1 && PIR4bits.TMR1IF == 1)
 13667     000E  002E               	movlb	14	; select bank14
 13668     000F  1C1A               	btfss	26,0	;volatile
 13669     0010  2812               	goto	u349_21
 13670     0011  2813               	goto	u349_20
 13671     0012                     u349_21:
 13672     0012  281A               	goto	i1l840
 13673     0013                     u349_20:
 13674     0013                     i1l4676:
 13675     0013  1C10               	btfss	16,0	;volatile
 13676     0014  2816               	goto	u350_21
 13677     0015  2817               	goto	u350_20
 13678     0016                     u350_21:
 13679     0016  281A               	goto	i1l840
 13680     0017                     u350_20:
 13681     0017                     i1l4678:
 13682                           
 13683                           ;mcc_generated_files/interrupt_manager.c: 58:         {;mcc_generated_files/interrupt_ma
      +                          nager.c: 59:             TMR1_ISR();
 13684     0017  318E  267A  3180   	fcall	_TMR1_ISR
 13685     001A                     i1l840:	
 13686                           ;mcc_generated_files/interrupt_manager.c: 60:         }
 13687                           
 13688     001A  107E               	bcf	int$flags,0	;clear compiler interrupt flag (level 1)
 13689     001B  0009               	retfie
 13690     001C                     __end_of_INTERRUPT_InterruptManager:
 13691                           
 13692                           	psect	text41
 13693     0E7A                     __ptext41:	
 13694 ;; *************** function _TMR1_ISR *****************
 13695 ;; Defined at:
 13696 ;;		line 164 in file "mcc_generated_files/tmr1.c"
 13697 ;; Parameters:    Size  Location     Type
 13698 ;;		None
 13699 ;; Auto vars:     Size  Location     Type
 13700 ;;		None
 13701 ;; Return value:  Size  Location     Type
 13702 ;;                  1    wreg      void 
 13703 ;; Registers used:
 13704 ;;		wreg, status,2, status,0, pclath, cstack
 13705 ;; Tracked objects:
 13706 ;;		On entry : 0/0
 13707 ;;		On exit  : 0/0
 13708 ;;		Unchanged: 0/0
 13709 ;; Data sizes:     COMMON   BANK0   BANK1   BANK2   BANK3   BANK4   BANK5   BANK6   BANK7   BANK8   BANK9  BANK10  BANK1
      +1  BANK12
 13710 ;;      Params:         0       0       0       0       0       0       0       0       0       0       0       0       
      +0       0
 13711 ;;      Locals:         0       0       0       0       0       0       0       0       0       0       0       0       
      +0       0
 13712 ;;      Temps:          0       0       0       0       0       0       0       0       0       0       0       0       
      +0       0
 13713 ;;      Totals:         0       0       0       0       0       0       0       0       0       0       0       0       
      +0       0
 13714 ;;Total ram usage:        0 bytes
 13715 ;; Hardware stack levels used: 1
 13716 ;; Hardware stack levels required when called: 1
 13717 ;; This function calls:
 13718 ;;		NULL
 13719 ;;		_TMR1_DefaultInterruptHandler
 13720 ;;		_TMR1_WriteTimer
 13721 ;;		_timer_1s
 13722 ;; This function is called by:
 13723 ;;		_INTERRUPT_InterruptManager
 13724 ;; This function uses a non-reentrant model
 13725 ;;
 13726                           
 13727     0E7A                     _TMR1_ISR:	
 13728                           ;psect for function _TMR1_ISR
 13729                           
 13730     0E7A                     i1l4050:	
 13731                           ;incstack = 0
 13732                           ; Regs used in _TMR1_ISR: [wreg+status,2+status,0+pclath+cstack]
 13733                           
 13734                           
 13735                           ;mcc_generated_files/tmr1.c: 168:     PIR4bits.TMR1IF = 0;
 13736     0E7A  002E               	movlb	14	; select bank14
 13737     0E7B  1010               	bcf	16,0	;volatile
 13738     0E7C                     i1l4052:
 13739                           
 13740                           ;mcc_generated_files/tmr1.c: 169:     TMR1_WriteTimer(timer1ReloadVal);
 13741     0E7C  087B               	movf	_timer1ReloadVal+1,w	;volatile
 13742     0E7D  00F1               	movwf	TMR1_WriteTimer@timerVal+1
 13743     0E7E  087A               	movf	_timer1ReloadVal,w	;volatile
 13744     0E7F  00F0               	movwf	TMR1_WriteTimer@timerVal
 13745     0E80  318E  260B  318E   	fcall	_TMR1_WriteTimer
 13746     0E83                     i1l4054:
 13747                           
 13748                           ;mcc_generated_files/tmr1.c: 171:     if(TMR1_InterruptHandler)
 13749     0E83  0021               	movlb	1	; select bank1
 13750     0E84  0861               	movf	_TMR1_InterruptHandler^(0+128),w
 13751     0E85  0462               	iorwf	(_TMR1_InterruptHandler+1)^(0+128),w
 13752     0E86  1903               	btfsc	3,2
 13753     0E87  2E89               	goto	u292_21
 13754     0E88  2E8A               	goto	u292_20
 13755     0E89                     u292_21:
 13756     0E89  2E8F               	goto	i1l898
 13757     0E8A                     u292_20:
 13758     0E8A                     i1l4056:
 13759                           
 13760                           ;mcc_generated_files/tmr1.c: 172:     {;mcc_generated_files/tmr1.c: 173:         TMR1_In
      +                          terruptHandler();
 13761     0E8A  0862               	movf	(_TMR1_InterruptHandler+1)^(0+128),w
 13762     0E8B  008A               	movwf	10
 13763     0E8C  0861               	movf	_TMR1_InterruptHandler^(0+128),w
 13764     0E8D  000A               	callw
 13765     0E8E  318E               	pagesel	$
 13766     0E8F                     i1l898:
 13767     0E8F  0008               	return
 13768     0E90                     __end_of_TMR1_ISR:
 13769                           
 13770                           	psect	text42
 13771     0DAA                     __ptext42:	
 13772 ;; *************** function _TMR1_DefaultInterruptHandler *****************
 13773 ;; Defined at:
 13774 ;;		line 182 in file "mcc_generated_files/tmr1.c"
 13775 ;; Parameters:    Size  Location     Type
 13776 ;;		None
 13777 ;; Auto vars:     Size  Location     Type
 13778 ;;		None
 13779 ;; Return value:  Size  Location     Type
 13780 ;;                  1    wreg      void 
 13781 ;; Registers used:
 13782 ;;		None
 13783 ;; Tracked objects:
 13784 ;;		On entry : 0/0
 13785 ;;		On exit  : 0/0
 13786 ;;		Unchanged: 0/0
 13787 ;; Data sizes:     COMMON   BANK0   BANK1   BANK2   BANK3   BANK4   BANK5   BANK6   BANK7   BANK8   BANK9  BANK10  BANK1
      +1  BANK12
 13788 ;;      Params:         0       0       0       0       0       0       0       0       0       0       0       0       
      +0       0
 13789 ;;      Locals:         0       0       0       0       0       0       0       0       0       0       0       0       
      +0       0
 13790 ;;      Temps:          0       0       0       0       0       0       0       0       0       0       0       0       
      +0       0
 13791 ;;      Totals:         0       0       0       0       0       0       0       0       0       0       0       0       
      +0       0
 13792 ;;Total ram usage:        0 bytes
 13793 ;; Hardware stack levels used: 1
 13794 ;; This function calls:
 13795 ;;		Nothing
 13796 ;; This function is called by:
 13797 ;;		_TMR1_Initialize
 13798 ;;		_TMR1_ISR
 13799 ;; This function uses a non-reentrant model
 13800 ;;
 13801                           
 13802     0DAA                     _TMR1_DefaultInterruptHandler:	
 13803                           ;psect for function _TMR1_DefaultInterruptHandler
 13804                           
 13805     0DAA                     i1l904:	
 13806                           ;incstack = 0
 13807                           ; Regs used in _TMR1_DefaultInterruptHandler: []
 13808                           
 13809     0DAA  0008               	return
 13810     0DAB                     __end_of_TMR1_DefaultInterruptHandler:
 13811                           
 13812                           	psect	text43
 13813     0DB1                     __ptext43:	
 13814 ;; *************** function _timer_1s *****************
 13815 ;; Defined at:
 13816 ;;		line 57 in file "main.c"
 13817 ;; Parameters:    Size  Location     Type
 13818 ;;		None
 13819 ;; Auto vars:     Size  Location     Type
 13820 ;;		None
 13821 ;; Return value:  Size  Location     Type
 13822 ;;                  1    wreg      void 
 13823 ;; Registers used:
 13824 ;;		wreg, status,2, status,0
 13825 ;; Tracked objects:
 13826 ;;		On entry : 0/0
 13827 ;;		On exit  : 0/0
 13828 ;;		Unchanged: 0/0
 13829 ;; Data sizes:     COMMON   BANK0   BANK1   BANK2   BANK3   BANK4   BANK5   BANK6   BANK7   BANK8   BANK9  BANK10  BANK1
      +1  BANK12
 13830 ;;      Params:         0       0       0       0       0       0       0       0       0       0       0       0       
      +0       0
 13831 ;;      Locals:         0       0       0       0       0       0       0       0       0       0       0       0       
      +0       0
 13832 ;;      Temps:          0       0       0       0       0       0       0       0       0       0       0       0       
      +0       0
 13833 ;;      Totals:         0       0       0       0       0       0       0       0       0       0       0       0       
      +0       0
 13834 ;;Total ram usage:        0 bytes
 13835 ;; Hardware stack levels used: 1
 13836 ;; This function calls:
 13837 ;;		Nothing
 13838 ;; This function is called by:
 13839 ;;		_main
 13840 ;;		_TMR1_ISR
 13841 ;; This function uses a non-reentrant model
 13842 ;;
 13843                           
 13844     0DB1                     _timer_1s:	
 13845                           ;psect for function _timer_1s
 13846                           
 13847     0DB1                     i1l3956:	
 13848                           ;incstack = 0
 13849                           ; Regs used in _timer_1s: [wreg+status,2+status,0]
 13850                           
 13851                           
 13852                           ;main.c: 58:     timer_1s_flag = 1;
 13853     0DB1  3001               	movlw	1
 13854     0DB2  0021               	movlb	1	; select bank1
 13855     0DB3  00C2               	movwf	_timer_1s_flag^(0+128)
 13856     0DB4                     i1l3958:
 13857                           
 13858                           ;main.c: 59:     timer_5s_flag += 1;
 13859     0DB4  3001               	movlw	1
 13860     0DB5  07C1               	addwf	_timer_5s_flag^(0+128),f
 13861     0DB6                     i1l1281:
 13862     0DB6  0008               	return
 13863     0DB7                     __end_of_timer_1s:
 13864                           
 13865                           	psect	text44
 13866     0E0B                     __ptext44:	
 13867 ;; *************** function _TMR1_WriteTimer *****************
 13868 ;; Defined at:
 13869 ;;		line 127 in file "mcc_generated_files/tmr1.c"
 13870 ;; Parameters:    Size  Location     Type
 13871 ;;  timerVal        2    0[COMMON] unsigned short 
 13872 ;; Auto vars:     Size  Location     Type
 13873 ;;		None
 13874 ;; Return value:  Size  Location     Type
 13875 ;;                  1    wreg      void 
 13876 ;; Registers used:
 13877 ;;		wreg, status,2
 13878 ;; Tracked objects:
 13879 ;;		On entry : 0/0
 13880 ;;		On exit  : 0/0
 13881 ;;		Unchanged: 0/0
 13882 ;; Data sizes:     COMMON   BANK0   BANK1   BANK2   BANK3   BANK4   BANK5   BANK6   BANK7   BANK8   BANK9  BANK10  BANK1
      +1  BANK12
 13883 ;;      Params:         2       0       0       0       0       0       0       0       0       0       0       0       
      +0       0
 13884 ;;      Locals:         0       0       0       0       0       0       0       0       0       0       0       0       
      +0       0
 13885 ;;      Temps:          0       0       0       0       0       0       0       0       0       0       0       0       
      +0       0
 13886 ;;      Totals:         2       0       0       0       0       0       0       0       0       0       0       0       
      +0       0
 13887 ;;Total ram usage:        2 bytes
 13888 ;; Hardware stack levels used: 1
 13889 ;; This function calls:
 13890 ;;		Nothing
 13891 ;; This function is called by:
 13892 ;;		_TMR1_ISR
 13893 ;;		_TMR1_Reload
 13894 ;; This function uses a non-reentrant model
 13895 ;;
 13896                           
 13897     0E0B                     _TMR1_WriteTimer:	
 13898                           ;psect for function _TMR1_WriteTimer
 13899                           
 13900     0E0B                     i1l3942:	
 13901                           ;incstack = 0
 13902                           ; Regs used in _TMR1_WriteTimer: [wreg+status,2]
 13903                           
 13904                           
 13905                           ;mcc_generated_files/tmr1.c: 127: void TMR1_WriteTimer(uint16_t timerVal);mcc_generated_
      +                          files/tmr1.c: 128: {;mcc_generated_files/tmr1.c: 129:     if (T1CONbits.nT1SYNC == 1)
 13906     0E0B  0024               	movlb	4	; select bank4
 13907     0E0C  1D0E               	btfss	14,2	;volatile
 13908     0E0D  2E0F               	goto	u287_21
 13909     0E0E  2E10               	goto	u287_20
 13910     0E0F                     u287_21:
 13911     0E0F  2E17               	goto	i1l3952
 13912     0E10                     u287_20:
 13913     0E10                     i1l3944:
 13914                           
 13915                           ;mcc_generated_files/tmr1.c: 130:     {;mcc_generated_files/tmr1.c: 132:         T1CONbi
      +                          ts.TMR1ON = 0;
 13916     0E10  100E               	bcf	14,0	;volatile
 13917     0E11                     i1l3946:
 13918                           
 13919                           ;mcc_generated_files/tmr1.c: 135:         TMR1H = (timerVal >> 8);
 13920     0E11  0871               	movf	TMR1_WriteTimer@timerVal+1,w
 13921     0E12  008D               	movwf	13	;volatile
 13922     0E13                     i1l3948:
 13923                           
 13924                           ;mcc_generated_files/tmr1.c: 136:         TMR1L = timerVal;
 13925     0E13  0870               	movf	TMR1_WriteTimer@timerVal,w
 13926     0E14  008C               	movwf	12	;volatile
 13927     0E15                     i1l3950:
 13928                           
 13929                           ;mcc_generated_files/tmr1.c: 139:         T1CONbits.TMR1ON =1;
 13930     0E15  140E               	bsf	14,0	;volatile
 13931                           
 13932                           ;mcc_generated_files/tmr1.c: 140:     }
 13933     0E16  2E1B               	goto	i1l885
 13934     0E17                     i1l3952:
 13935                           
 13936                           ;mcc_generated_files/tmr1.c: 142:     {;mcc_generated_files/tmr1.c: 144:         TMR1H =
      +                           (timerVal >> 8);
 13937     0E17  0871               	movf	TMR1_WriteTimer@timerVal+1,w
 13938     0E18  008D               	movwf	13	;volatile
 13939     0E19                     i1l3954:
 13940                           
 13941                           ;mcc_generated_files/tmr1.c: 145:         TMR1L = timerVal;
 13942     0E19  0870               	movf	TMR1_WriteTimer@timerVal,w
 13943     0E1A  008C               	movwf	12	;volatile
 13944     0E1B                     i1l885:
 13945     0E1B  0008               	return
 13946     0E1C                     __end_of_TMR1_WriteTimer:
 13947     0002                     ___latbits      equ	2
 13948     007E                     btemp           set	126	;btemp
 13949     007E                     int$flags       set	126
 13950     007E                     btemp0          set	126
 13951     007F                     btemp1          set	127
 13952     007E                     wtemp0          set	126
 13953     007F                     wtemp0a         set	127
 13954     007F                     ttemp0a         set	127
 13955     0080                     ltemp0a         set	128
 13956                           
 13957                           	psect	idloc
 13958                           
 13959                           ;Config register IDLOC0 @ 0x8000
 13960                           ;	unspecified, using default values
 13961     8000                     	org	32768
 13962     8000  3FFF               	dw	16383
 13963                           
 13964                           ;Config register IDLOC1 @ 0x8001
 13965                           ;	unspecified, using default values
 13966     8001                     	org	32769
 13967     8001  3FFF               	dw	16383
 13968                           
 13969                           ;Config register IDLOC2 @ 0x8002
 13970                           ;	unspecified, using default values
 13971     8002                     	org	32770
 13972     8002  3FFF               	dw	16383
 13973                           
 13974                           ;Config register IDLOC3 @ 0x8003
 13975                           ;	unspecified, using default values
 13976     8003                     	org	32771
 13977     8003  3FFF               	dw	16383
 13978                           
 13979                           	psect	config
 13980                           
 13981                           ;Config register CONFIG1 @ 0x8007
 13982                           ;	External Oscillator mode selection bits
 13983                           ;	FEXTOSC = OFF, Oscillator not enabled
 13984                           ;	Power-up default value for COSC bits
 13985                           ;	RSTOSC = HFINT1, HFINTOSC (1MHz)
 13986                           ;	Clock Out Enable bit
 13987                           ;	CLKOUTEN = OFF, CLKOUT function is disabled; i/o or oscillator function on OSC2
 13988                           ;	Clock Switch Enable bit
 13989                           ;	CSWEN = ON, Writing to NOSC and NDIV is allowed
 13990                           ;	Fail-Safe Clock Monitor Enable bit
 13991                           ;	FCMEN = ON, FSCM timer enabled
 13992     8007                     	org	32775
 13993     8007  3FEC               	dw	16364
 13994                           
 13995                           ;Config register CONFIG2 @ 0x8008
 13996                           ;	Master Clear Enable bit
 13997                           ;	MCLRE = ON, MCLR pin is Master Clear function
 13998                           ;	Power-up Timer Enable bit
 13999                           ;	PWRTE = OFF, PWRT disabled
 14000                           ;	Low-Power BOR enable bit
 14001                           ;	LPBOREN = OFF, ULPBOR disabled
 14002                           ;	Brown-out reset enable bits
 14003                           ;	BOREN = ON, Brown-out Reset Enabled, SBOREN bit is ignored
 14004                           ;	Brown-out Reset Voltage Selection
 14005                           ;	BORV = LO, Brown-out Reset Voltage (VBOR) set to 1.9V on LF, and 2.45V on F Devices
 14006                           ;	Zero-cross detect disable
 14007                           ;	ZCD = OFF, Zero-cross detect circuit is disabled at POR.
 14008                           ;	Peripheral Pin Select one-way control
 14009                           ;	PPS1WAY = ON, The PPSLOCK bit can be cleared and set only once in software
 14010                           ;	Stack Overflow/Underflow Reset Enable bit
 14011                           ;	STVREN = ON, Stack Overflow or Underflow will cause a reset
 14012                           ;	Background Debugger
 14013                           ;	DEBUG = OFF, Background Debugger disabled
 14014     8008                     	org	32776
 14015     8008  3FFF               	dw	16383
 14016                           
 14017                           ;Config register CONFIG3 @ 0x8009
 14018                           ;	WDT Period Select bits
 14019                           ;	WDTCPS = WDTCPS_31, Divider ratio 1:65536; software control of WDTPS
 14020                           ;	WDT operating mode
 14021                           ;	WDTE = OFF, WDT Disabled, SWDTEN is ignored
 14022                           ;	WDT Window Select bits
 14023                           ;	WDTCWS = WDTCWS_7, window always open (100%); software control; keyed access not requi
      +                          red
 14024                           ;	WDT input clock selector
 14025                           ;	WDTCCS = SC, Software Control
 14026     8009                     	org	32777
 14027     8009  3F9F               	dw	16287
 14028                           
 14029                           ;Config register CONFIG4 @ 0x800A
 14030                           ;	UserNVM self-write protection bits
 14031                           ;	WRT = OFF, Write protection off
 14032                           ;	Scanner Enable bit
 14033                           ;	SCANE = available, Scanner module is available for use
 14034                           ;	Low Voltage Programming Enable bit
 14035                           ;	LVP = ON, Low Voltage programming enabled. MCLR/Vpp pin function is MCLR.
 14036     800A                     	org	32778
 14037     800A  3FFF               	dw	16383
 14038                           
 14039                           ;Config register CONFIG5 @ 0x800B
 14040                           ;	UserNVM Program memory code protection bit
 14041                           ;	CP = OFF, Program Memory code protection disabled
 14042                           ;	DataNVM code protection bit
 14043                           ;	CPD = OFF, Data EEPROM code protection disabled
 14044     800B                     	org	32779
 14045     800B  3FFF               	dw	16383

Data Sizes:
    Strings     43
    Constant    32
    Data        0
    BSS         70
    Persistent  50
    Stack       0

Auto Spaces:
    Space          Size  Autos    Used
    COMMON           14     10      12
    BANK0            80     75      76
    BANK1            80     30      67
    BANK2            80      0      32
    BANK3            80      0       0
    BANK4            80      0       0
    BANK5            80      0       0
    BANK6            80      0       0
    BANK7            80      0       0
    BANK8            80      0       0
    BANK9            80      0       0
    BANK10           80      0       0
    BANK11           80      0       0
    BANK12           48      0       0

Pointer List with Targets:

    bufferBlock$data	PTR unsigned char  size(2) Largest target is 0

    cb$0	PTR void  size(1) Largest target is 4
		 -> I2C1_Read1ByteRegister@returnValue(COMMON[1]), I2C1_Read2ByteRegister@returnValue(COMMON[2]), I2C1_ReadDataBlock@bufferBlock(COMMON[4]), I2C1_Write1ByteRegister@data(COMMON[1]), 
		 -> I2C1_Write2ByteRegister@data(COMMON[2]), NULL(NULL[0]), 

    cb$0	PTR void  size(1) Largest target is 4
		 -> I2C1_Read1ByteRegister@returnValue(COMMON[1]), I2C1_Read2ByteRegister@returnValue(COMMON[2]), I2C1_ReadDataBlock@bufferBlock(COMMON[4]), I2C1_Write1ByteRegister@data(COMMON[1]), 
		 -> I2C1_Write2ByteRegister@data(COMMON[2]), NULL(NULL[0]), 

    dtoa@fp	PTR struct _IO_FILE size(2) Largest target is 11
		 -> sprintf@f(BANK0[11]), 

    f$.$buffer	PTR unsigned char  size(2) Largest target is 17
		 -> main@buf(BANK1[17]), 

    f$.$source	PTR const unsigned char  size(2) Largest target is 0

    fputc@fp	PTR struct _IO_FILE size(2) Largest target is 11
		 -> sprintf@f(BANK0[11]), 

    fputc@fp$.$buffer	PTR unsigned char  size(2) Largest target is 17
		 -> main@buf(BANK1[17]), 

    fputc@fp$.$source	PTR const unsigned char  size(2) Largest target is 0

    fputs@fp	PTR struct _IO_FILE size(2) Largest target is 11
		 -> sprintf@f(BANK0[11]), 

    fputs@s	PTR const unsigned char  size(1) Largest target is 32
		 -> dbuf(BANK2[32]), 

    I2C1_DO_TX$3366$0	PTR void  size(1) Largest target is 4
		 -> I2C1_Read1ByteRegister@returnValue(COMMON[1]), I2C1_Read2ByteRegister@returnValue(COMMON[2]), I2C1_ReadDataBlock@bufferBlock(COMMON[4]), I2C1_Write1ByteRegister@data(COMMON[1]), 
		 -> I2C1_Write2ByteRegister@data(COMMON[2]), NULL(NULL[0]), 

    i2c1_fsmStateTable	const PTR FTN()enum E12611[16] size(2) Largest target is 1
		 -> I2C1_DO_ADDRESS_NACK(), I2C1_DO_IDLE(), I2C1_DO_RCEN(), I2C1_DO_RESET(), 
		 -> I2C1_DO_RX(), I2C1_DO_RX_ACK(), I2C1_DO_RX_NACK_RESTART(), I2C1_DO_RX_NACK_STOP(), 
		 -> I2C1_DO_SEND_ADR_READ(), I2C1_DO_SEND_ADR_WRITE(), I2C1_DO_SEND_RESTART(), I2C1_DO_SEND_RESTART_READ(), 
		 -> I2C1_DO_SEND_RESTART_WRITE(), I2C1_DO_SEND_STOP(), I2C1_DO_TX(), I2C1_DO_TX_EMPTY(), 

    I2C1_Read1ByteRegister@returnValue$data	PTR unsigned char  size(2) Largest target is 0

    I2C1_Read2ByteRegister@returnValue$data	PTR unsigned char  size(2) Largest target is 0

    I2C1_Status$callbackPayload	PTR void [6] size(1) Largest target is 4
		 -> I2C1_Read1ByteRegister@returnValue(COMMON[1]), I2C1_Read2ByteRegister@returnValue(COMMON[2]), I2C1_ReadDataBlock@bufferBlock(COMMON[4]), I2C1_Write1ByteRegister@data(COMMON[1]), 
		 -> I2C1_Write2ByteRegister@data(COMMON[2]), NULL(NULL[0]), 

    I2C1_Status$callbackTable	PTR FTN(PTR void ,)enum E363[6] size(2) Largest target is 1
		 -> I2C1_CallbackReturnReset(), I2C1_CallbackReturnStop(), rd1RegCompleteHandler(), rd2RegCompleteHandler(), 
		 -> rdBlkRegCompleteHandler(), wr1RegCompleteHandler(), wr2RegCompleteHandler(), NULL(), 

    I2C1_Status$data_ptr	PTR unsigned char  size(1) Largest target is 4
		 -> bufferBlock$data(COMMON[2]), I2C1_Read1ByteRegister@reg(COMMON[1]), I2C1_Read1ByteRegister@returnValue(COMMON[1]), I2C1_Read1ByteRegister@returnValue$data(COMMON[2]), 
		 -> I2C1_Read2ByteRegister@reg(COMMON[1]), I2C1_Read2ByteRegister@returnValue(COMMON[2]), I2C1_Read2ByteRegister@returnValue$data(COMMON[2]), I2C1_ReadDataBlock@bufferBlock(COMMON[4]), 
		 -> I2C1_ReadDataBlock@reg(COMMON[1]), I2C1_Write1ByteRegister@data(COMMON[1]), I2C1_Write1ByteRegister@data$data(COMMON[2]), I2C1_Write1ByteRegister@reg(COMMON[1]), 
		 -> I2C1_Write2ByteRegister@data(COMMON[2]), I2C1_Write2ByteRegister@data$data(COMMON[2]), I2C1_Write2ByteRegister@reg(COMMON[1]), NULL(NULL[0]), 

    I2C1_Write1ByteRegister@data$data	PTR unsigned char  size(2) Largest target is 0

    I2C1_Write2ByteRegister@data$data	PTR unsigned char  size(2) Largest target is 0

    LCDstr@p	PTR unsigned char  size(1) Largest target is 17
		 -> main@buf(BANK1[17]), 

    NULL$0	PTR void  size(1) Largest target is 4
		 -> I2C1_Read1ByteRegister@returnValue(COMMON[1]), I2C1_Read2ByteRegister@returnValue(COMMON[2]), I2C1_ReadDataBlock@bufferBlock(COMMON[4]), I2C1_Write1ByteRegister@data(COMMON[1]), 
		 -> I2C1_Write2ByteRegister@data(COMMON[2]), NULL(NULL[0]), 

    pad@buf	PTR unsigned char  size(1) Largest target is 32
		 -> dbuf(BANK2[32]), 

    pad@fp	PTR struct _IO_FILE size(2) Largest target is 11
		 -> sprintf@f(BANK0[11]), 

    rdBlkRegCompleteHandler@ptr$data	PTR unsigned char  size(2) Largest target is 0

    read_prec_or_width@ap	PTR PTR void [1] size(1) Largest target is 1
		 -> sprintf@ap(BANK0[1]), 

    read_prec_or_width@fmt	PTR PTR const unsigned char  size(1) Largest target is 2
		 -> vfprintf@cfmt(BANK0[2]), 

    S2826$buffer	PTR unsigned char  size(2) Largest target is 17
		 -> main@buf(BANK1[17]), 

    S2826$source	PTR const unsigned char  size(2) Largest target is 0

    S679$data	PTR unsigned char  size(2) Largest target is 0

    S919$0$0	PTR void  size(1) Largest target is 4
		 -> I2C1_Read1ByteRegister@returnValue(COMMON[1]), I2C1_Read2ByteRegister@returnValue(COMMON[2]), I2C1_ReadDataBlock@bufferBlock(COMMON[4]), I2C1_Write1ByteRegister@data(COMMON[1]), 
		 -> I2C1_Write2ByteRegister@data(COMMON[2]), NULL(NULL[0]), 

    S919$callbackPayload	PTR void [6] size(1) Largest target is 4
		 -> I2C1_Read1ByteRegister@returnValue(COMMON[1]), I2C1_Read2ByteRegister@returnValue(COMMON[2]), I2C1_ReadDataBlock@bufferBlock(COMMON[4]), I2C1_Write1ByteRegister@data(COMMON[1]), 
		 -> I2C1_Write2ByteRegister@data(COMMON[2]), NULL(NULL[0]), 

    S919$callbackTable	PTR FTN(PTR void ,)enum E363[6] size(2) Largest target is 1
		 -> I2C1_CallbackReturnReset(), I2C1_CallbackReturnStop(), rd1RegCompleteHandler(), rd2RegCompleteHandler(), 
		 -> rdBlkRegCompleteHandler(), wr1RegCompleteHandler(), wr2RegCompleteHandler(), NULL(), 

    S919$data_ptr	PTR unsigned char  size(1) Largest target is 4
		 -> I2C1_Read1ByteRegister@reg(COMMON[1]), I2C1_Read1ByteRegister@returnValue(COMMON[1]), I2C1_Read2ByteRegister@reg(COMMON[1]), I2C1_Read2ByteRegister@returnValue(COMMON[2]), 
		 -> I2C1_ReadDataBlock@bufferBlock(COMMON[4]), I2C1_ReadDataBlock@reg(COMMON[1]), I2C1_Write1ByteRegister@data(COMMON[1]), I2C1_Write1ByteRegister@reg(COMMON[1]), 
		 -> I2C1_Write2ByteRegister@data(COMMON[2]), I2C1_Write2ByteRegister@reg(COMMON[1]), NULL(NULL[0]), 

    sprintf@ap	PTR void [1] size(1) Largest target is 2
		 -> ?_sprintf(BANK0[2]), 

    sprintf@fmt	PTR const unsigned char  size(2) Largest target is 23
		 -> STR_1(CODE[23]), STR_2(CODE[20]), 

    sprintf@s	PTR unsigned char  size(1) Largest target is 17
		 -> main@buf(BANK1[17]), 

    TMR1_InterruptHandler	PTR FTN()void  size(2) Largest target is 1
		 -> timer_1s(), TMR1_DefaultInterruptHandler(), NULL(), 

    TMR1_SetInterruptHandler@InterruptHandler	PTR FTN()void  size(2) Largest target is 1
		 -> timer_1s(), TMR1_DefaultInterruptHandler(), 

    vfpfcnvrt@ap	PTR PTR void  size(1) Largest target is 1
		 -> sprintf@ap(BANK0[1]), 

    vfpfcnvrt@cp	PTR unsigned char  size(2) Largest target is 23
		 -> STR_1(CODE[23]), STR_2(CODE[20]), 

    vfpfcnvrt@fmt	PTR PTR unsigned char  size(1) Largest target is 2
		 -> vfprintf@cfmt(BANK0[2]), 

    vfpfcnvrt@fp	PTR struct _IO_FILE size(2) Largest target is 11
		 -> sprintf@f(BANK0[11]), 

    vfprintf@ap	PTR PTR void  size(1) Largest target is 1
		 -> sprintf@ap(BANK0[1]), 

    vfprintf@cfmt	PTR unsigned char  size(2) Largest target is 23
		 -> STR_1(CODE[23]), STR_2(CODE[20]), 

    vfprintf@fmt	PTR const unsigned char  size(2) Largest target is 23
		 -> STR_1(CODE[23]), STR_2(CODE[20]), 

    vfprintf@fp	PTR struct _IO_FILE size(2) Largest target is 11
		 -> sprintf@f(BANK0[11]), 


Critical Paths under _main in COMMON

    _main->_LCDinit
    _vfpfcnvrt->_read_prec_or_width
    _read_prec_or_width->___wmul
    _dtoa->___awdiv
    _dtoa->_abs
    _pad->_fputs
    _fputs->_fputc
    _abs->___awmod
    _readTC74->_WriteI2C
    _TMR1_Initialize->_TMR1_SetInterruptHandler
    _LCDstr->_LCDchar
    _LCDchar->_LCDsend2x4
    _LCDpos->_LCDcmd
    _LCDcmd->_LCDsend2x4
    _LCDinit->_LCDsend2x4
    _LCDsend2x4->_WriteI2C
    _LCDsend->_WriteI2C
    _LCDbusy->_LCDrecv
    _LCDrecv->_WriteI2C

Critical Paths under _INTERRUPT_InterruptManager in COMMON

    _TMR1_ISR->_TMR1_WriteTimer

Critical Paths under _main in BANK0

    _main->_sprintf
    _sprintf->_vfprintf
    _vfprintf->_vfpfcnvrt
    _vfpfcnvrt->_dtoa
    _dtoa->_pad
    _pad->_fputs
    _fputs->_fputc

Critical Paths under _INTERRUPT_InterruptManager in BANK0

    None.

Critical Paths under _main in BANK1

    None.

Critical Paths under _INTERRUPT_InterruptManager in BANK1

    None.

Critical Paths under _main in BANK2

    None.

Critical Paths under _INTERRUPT_InterruptManager in BANK2

    None.

Critical Paths under _main in BANK3

    None.

Critical Paths under _INTERRUPT_InterruptManager in BANK3

    None.

Critical Paths under _main in BANK4

    None.

Critical Paths under _INTERRUPT_InterruptManager in BANK4

    None.

Critical Paths under _main in BANK5

    None.

Critical Paths under _INTERRUPT_InterruptManager in BANK5

    None.

Critical Paths under _main in BANK6

    None.

Critical Paths under _INTERRUPT_InterruptManager in BANK6

    None.

Critical Paths under _main in BANK7

    None.

Critical Paths under _INTERRUPT_InterruptManager in BANK7

    None.

Critical Paths under _main in BANK8

    None.

Critical Paths under _INTERRUPT_InterruptManager in BANK8

    None.

Critical Paths under _main in BANK9

    None.

Critical Paths under _INTERRUPT_InterruptManager in BANK9

    None.

Critical Paths under _main in BANK10

    None.

Critical Paths under _INTERRUPT_InterruptManager in BANK10

    None.

Critical Paths under _main in BANK11

    None.

Critical Paths under _INTERRUPT_InterruptManager in BANK11

    None.

Critical Paths under _main in BANK12

    None.

Critical Paths under _INTERRUPT_InterruptManager in BANK12

    None.

Call Graph Tables:

 ---------------------------------------------------------------------------------
 (Depth) Function   	        Calls       Base Space   Used Autos Params    Refs
 ---------------------------------------------------------------------------------
 (0) _main                                                30    30      0    7494
                                              0 BANK1     30    30      0
   _ADCC_DisableContinuousConversion
           _ADCC_GetSingleConversion
                    _ADCC_Initialize
                            _LCDbusy
                            _LCDinit
                             _LCDpos
                             _LCDstr
                            _OpenI2C
                  _SYSTEM_Initialize
                    _TMR1_Initialize
           _TMR1_SetInterruptHandler
                    _TMR1_StartTimer
                            ___awmod
                           _readTC74
                            _sprintf
 ---------------------------------------------------------------------------------
 (1) _sprintf                                             23    14      9    4161
                                             54 BANK0     21    12      9
                           _vfprintf
 ---------------------------------------------------------------------------------
 (2) _vfprintf                                             8     3      5    3837
                                             46 BANK0      8     3      5
                          _vfpfcnvrt
 ---------------------------------------------------------------------------------
 (3) _vfpfcnvrt                                           16    12      4    3610
                                             31 BANK0     15    11      4
                               _dtoa
                              _fputc
                 _read_prec_or_width
 ---------------------------------------------------------------------------------
 (4) _read_prec_or_width                                   8     6      2     276
                                              8 COMMON     2     0      2
                                              0 BANK0      6     6      0
                             ___wmul
 ---------------------------------------------------------------------------------
 (5) ___wmul                                               6     2      4      94
                                              2 COMMON     6     2      4
 ---------------------------------------------------------------------------------
 (4) _dtoa                                                13     9      4    2389
                                             18 BANK0     13     9      4
                            ___awdiv
                            ___awmod
                                _abs
                                _pad
 ---------------------------------------------------------------------------------
 (5) _pad                                                  8     3      5    1088
                                              8 COMMON     1     1      0
                                             11 BANK0      7     2      5
                              _fputc
                              _fputs
 ---------------------------------------------------------------------------------
 (6) _fputs                                                8     5      3     487
                                              6 COMMON     2     2      0
                                              5 BANK0      6     3      3
                              _fputc
 ---------------------------------------------------------------------------------
 (7) _fputc                                                9     5      4     335
                                              2 COMMON     4     0      4
                                              0 BANK0      5     5      0
                              _putch
 ---------------------------------------------------------------------------------
 (8) _putch                                                1     1      0       0
 ---------------------------------------------------------------------------------
 (5) _abs                                                  4     2      2      96
                                              8 COMMON     2     0      2
                                              0 BANK0      2     2      0
                            ___awmod (ARG)
 ---------------------------------------------------------------------------------
 (5) ___awmod                                              6     2      4     300
                                              2 COMMON     6     2      4
 ---------------------------------------------------------------------------------
 (5) ___awdiv                                              8     4      4     302
                                              2 COMMON     8     4      4
 ---------------------------------------------------------------------------------
 (1) _readTC74                                             2     2      0     115
                                              4 COMMON     2     2      0
                            _ReadI2C
                           _WriteI2C
 ---------------------------------------------------------------------------------
 (1) _TMR1_StartTimer                                      0     0      0       0
 ---------------------------------------------------------------------------------
 (1) _SYSTEM_Initialize                                    0     0      0      24
                    _ADCC_Initialize
                    _I2C1_Initialize
              _OSCILLATOR_Initialize
             _PIN_MANAGER_Initialize
                     _PMD_Initialize
                    _PWM6_Initialize
                    _TMR1_Initialize
                    _TMR2_Initialize
 ---------------------------------------------------------------------------------
 (2) _TMR2_Initialize                                      0     0      0       0
 ---------------------------------------------------------------------------------
 (2) _TMR1_Initialize                                      0     0      0      24
           _TMR1_SetInterruptHandler
 ---------------------------------------------------------------------------------
 (3) _TMR1_SetInterruptHandler                             2     0      2      24
                                              2 COMMON     2     0      2
 ---------------------------------------------------------------------------------
 (2) _PWM6_Initialize                                      0     0      0       0
 ---------------------------------------------------------------------------------
 (2) _PMD_Initialize                                       0     0      0       0
 ---------------------------------------------------------------------------------
 (2) _PIN_MANAGER_Initialize                               0     0      0       0
 ---------------------------------------------------------------------------------
 (2) _OSCILLATOR_Initialize                                0     0      0       0
 ---------------------------------------------------------------------------------
 (2) _I2C1_Initialize                                      0     0      0       0
 ---------------------------------------------------------------------------------
 (2) _ADCC_Initialize                                      0     0      0       0
 ---------------------------------------------------------------------------------
 (1) _OpenI2C                                              0     0      0       0
 ---------------------------------------------------------------------------------
 (1) _LCDstr                                               2     1      1     655
                                              0 BANK0      2     1      1
                            _LCDchar
 ---------------------------------------------------------------------------------
 (2) _LCDchar                                              1     1      0     584
                                              9 COMMON     1     1      0
                         _LCDsend2x4
 ---------------------------------------------------------------------------------
 (1) _LCDpos                                               3     2      1     739
                                              0 BANK0      3     2      1
                             _LCDcmd
 ---------------------------------------------------------------------------------
 (2) _LCDcmd                                               1     1      0     584
                                              9 COMMON     1     1      0
                         _LCDsend2x4
 ---------------------------------------------------------------------------------
 (1) _LCDinit                                              1     1      0     631
                                              9 COMMON     1     1      0
                            _LCDsend
                         _LCDsend2x4
 ---------------------------------------------------------------------------------
 (3) _LCDsend2x4                                           5     4      1     537
                                              4 COMMON     5     4      1
                           _WriteI2C
 ---------------------------------------------------------------------------------
 (2) _LCDsend                                              2     2      0      94
                                              4 COMMON     2     2      0
                           _WriteI2C
 ---------------------------------------------------------------------------------
 (1) _LCDbusy                                              2     0      2     350
                                              0 BANK0      2     0      2
                            _LCDrecv
 ---------------------------------------------------------------------------------
 (2) _LCDrecv                                              5     5      0     350
                                              4 COMMON     5     5      0
                            _ReadI2C
                           _WriteI2C
 ---------------------------------------------------------------------------------
 (4) _WriteI2C                                             2     2      0      47
                                              2 COMMON     2     2      0
 ---------------------------------------------------------------------------------
 (3) _ReadI2C                                              1     1      0       0
                                              2 COMMON     1     1      0
 ---------------------------------------------------------------------------------
 (1) _ADCC_GetSingleConversion                             3     1      2      29
                                              2 COMMON     3     1      2
 ---------------------------------------------------------------------------------
 (1) _ADCC_DisableContinuousConversion                     0     0      0       0
 ---------------------------------------------------------------------------------
 Estimated maximum stack depth 8
 ---------------------------------------------------------------------------------
 (Depth) Function   	        Calls       Base Space   Used Autos Params    Refs
 ---------------------------------------------------------------------------------
 (9) _INTERRUPT_InterruptManager                           0     0      0      90
                           _TMR1_ISR
 ---------------------------------------------------------------------------------
 (10) _TMR1_ISR                                            0     0      0      90
                                NULL *
       _TMR1_DefaultInterruptHandler *
                    _TMR1_WriteTimer
                           _timer_1s *
 ---------------------------------------------------------------------------------
 (11) _timer_1s                                            0     0      0       0
 ---------------------------------------------------------------------------------
 (11) _TMR1_WriteTimer                                     2     0      2      90
                                              0 COMMON     2     0      2
 ---------------------------------------------------------------------------------
 (11) _TMR1_DefaultInterruptHandler                        0     0      0       0
 ---------------------------------------------------------------------------------
 (11) NULL(Fake)                                           1     0      1       0
 ---------------------------------------------------------------------------------
 Estimated maximum stack depth 11
 ---------------------------------------------------------------------------------

 Call Graph Graphs:

 _main (ROOT)
   _ADCC_DisableContinuousConversion
   _ADCC_GetSingleConversion
   _ADCC_Initialize
   _LCDbusy
     _LCDrecv
       _ReadI2C
       _WriteI2C
   _LCDinit
     _LCDsend
       _WriteI2C
     _LCDsend2x4
       _WriteI2C
   _LCDpos
     _LCDcmd
       _LCDsend2x4
   _LCDstr
     _LCDchar
       _LCDsend2x4
   _OpenI2C
   _SYSTEM_Initialize
     _ADCC_Initialize
     _I2C1_Initialize
     _OSCILLATOR_Initialize
     _PIN_MANAGER_Initialize
     _PMD_Initialize
     _PWM6_Initialize
     _TMR1_Initialize
       _TMR1_SetInterruptHandler
     _TMR2_Initialize
   _TMR1_Initialize
   _TMR1_SetInterruptHandler
   _TMR1_StartTimer
   ___awmod
   _readTC74
     _ReadI2C
     _WriteI2C
   _sprintf
     _vfprintf
       _vfpfcnvrt
         _dtoa
           ___awdiv
           ___awmod
           _abs
             ___awmod (ARG)
           _pad
             _fputc
               _putch
             _fputs
               _fputc
         _fputc
         _read_prec_or_width
           ___wmul

 _INTERRUPT_InterruptManager (ROOT)
   _TMR1_ISR
     NULL(Fake) *
     _TMR1_DefaultInterruptHandler *
     _TMR1_WriteTimer *
     _timer_1s *

Address spaces:
Name               Size   Autos  Total    Usage
BITCOMMON           14      0       0      0.0%
BITBANK0            80      0       0      0.0%
BITBANK1            80      0       0      0.0%
BITBANK2            80      0       0      0.0%
BITBANK3            80      0       0      0.0%
BITBANK4            80      0       0      0.0%
BITBANK5            80      0       0      0.0%
BITBANK6            80      0       0      0.0%
BITBANK7            80      0       0      0.0%
BITBANK8            80      0       0      0.0%
BITBANK9            80      0       0      0.0%
BITBANK10           80      0       0      0.0%
BITBANK11           80      0       0      0.0%
BITBANK12           48      0       0      0.0%
BIGRAM            1008      0       0      0.0%
COMMON              14     10      12     85.7%
BANK0               80     75      76     95.0%
BANK1               80     30      67     83.8%
BANK2               80      0      32     40.0%
BANK3               80      0       0      0.0%
BANK4               80      0       0      0.0%
BANK5               80      0       0      0.0%
BANK6               80      0       0      0.0%
BANK7               80      0       0      0.0%
BANK8               80      0       0      0.0%
BANK9               80      0       0      0.0%
BANK10              80      0       0      0.0%
BANK11              80      0       0      0.0%
BANK12              48      0       0      0.0%
STACK                0      0       0      0.0%
DATA                 0      0     186      0.0%


Microchip Technology PIC Macro Assembler V3.10 build 20250813170317 
Symbol Table                                                                                   Fri Nov 28 13:34:42 2025

                                      l23 0DEF                                        l32 0EDA  
                                      l41 0784                                        l28 0ED4  
                                      l36 07AD                                        l29 0ED5  
                                      l53 07AC                                        l39 077F  
                                      l48 079D                                        l73 0F84  
                                      l74 0F85                                        l92 0FB9  
                                      l87 0FB4                                        l88 0FB5  
                                      l98 0043                                        l99 0044  
                            ___awdiv@sign 0077                       ___wmul@multiplicand 0074  
                                     l130 00B9                                       l114 0085  
                                     l115 0086                                       l211 0532  
                                     l116 0088                                       l220 0569  
                                     l150 00FF                                       l134 00BD  
                                     l151 0100                                       l135 00BE  
                                     l152 0102                                       l224 057C  
                                     l232 0601                                       l129 00B7  
                                     l225 057D                                       l170 0137  
                                     l402 0DD9                                       l171 0138  
                                     l235 0DC9                                       l251 0E6F  
                                     l244 0E3F                                       l165 0131  
                                     l229 0585                                       l253 0E79  
                                     l166 0133                                       l238 0DD1  
                                     l184 0168                                       l248 0E64  
                                     l185 0169                                       l195 04EE  
                                     l196 04EF                                       l189 0179  
                                     l396 0EC0                                       l485 07F5  
                                     l901 0DBC                                       l399 0DE2  
                                     l593 07FF                                       l915 0DFC  
                                     l871 0EF7                                       l945 0E0A  
                                     l874 0DB0                                       _PR2 028D  
                         _timer1ReloadVal 007A                                       _abs 0E40  
                                     _pad 0FBA                              ___awmod@sign 0077  
                         _TMR2_Initialize 0DFD                                       wreg 0009  
                    _I2C1_DO_RX_NACK_STOP 0000                               ?_LCDsend2x4 0074  
                         __end_of_LCDchar 0DD2                                      l1203 020B  
                                    ?_abs 0078                                      l1132 0DAD  
                                    l1060 0EA7                                      l1204 020C  
                                    l1231 026B                                      l1072 0E24  
                                    l1240 027D                                      l1232 026D  
                                    l1217 023B                                      l1401 0F52  
                                    l1218 023C                                      l1154 017A  
                                    l1075 0E2D                                      l1244 0282  
                                    l1172 01B6                                      l1173 01B7  
                                    l1158 0186                                      l1239 027C  
                                    l1159 0187                                      l1194 01F7  
                                    l1186 01E6                                      l1195 01F8  
                                    l1187 01E8                                      l1198 01FC  
                                    l5000 00DD                                      l4040 0EA8  
                                    l1552 06B8                                      l5010 0111  
                                    l5002 00E2                                      l4042 0EB4  
                                    l4060 0E1D                                      l5020 0147  
                                    l5012 0115                                      l5004 00EE  
                                    l5100 0E71                                      l4044 0EB7  
                                    l3500 0717                                      l1565 0762  
                                    l4070 0E29                                      l4062 0E20  
                                    l5022 014B                                      l5014 0121  
                                    l5006 00F3                                      l5102 0E75  
                                    l4046 0EBA                                      l5110 019A  
                                    l3510 072D                                      l3502 071C  
                                    l1903 04D4                                      l1399 0F3E  
                                    l1911 065D                                      l4064 0E21  
                                    l5024 0157                                      l5016 0125  
                                    l5008 0106                                      l5032 0DC4  
                                    l4048 0EBD                                      l5120 01CA  
                                    l5112 01A6                                      l5104 017A  
                                    l3520 0745                                      l3512 0730  
                                    l3504 071E                                      l3440 0F36  
                                    l1920 038D                                      l5040 0F09  
                                    l5200 02CB                                      l4074 0DAB  
                                    l4066 0E22                                      l5026 015C  
                                    l5018 013C                                      l5050 0592  
                                    l5034 0DCB                                      l4058 0DAE  
                                    l5130 0210                                      l5122 01D6  
                                    l5114 01AA                                      l5106 018B  
                                    l3530 075E                                      l3522 0749  
                                    l3514 0735                                      l3506 0722  
                                    l3442 0F3A                                      l5042 0F13  
                                    l5210 0311                                      l5202 02D1  
                                    l4068 0E23                                      l5028 016D  
                                    l5060 05BA                                      l5052 059A  
                                    l5140 0240                                      l5132 021B  
                                    l5124 01DA                                      l5116 01BB  
                                    l5108 0196                                      l3460 066A  
                                    l3452 065E                                      l3524 074E  
                                    l3516 0737                                      l3508 0727  
                                    l3444 0F43                                      l1932 0F15  
                                    l5036 0EF8                                      l5220 0348  
                                    l5212 0331                                      l5204 02FC  
                                    l5070 05DA                                      l5062 05BE  
                                    l5054 059E                                      l5046 0586  
                                    l5150 0271                                      l5142 024B  
                                    l5134 021F                                      l5126 01EC  
                                    l5118 01C6                                      l3470 067D  
                                    l3462 066E                                      l3454 065F  
                                    l3518 073B                                      l3526 0754  
                                    l3446 0F48                                      l3438 0F34  
                                    l1926 0422                                      l1918 0383  
                                    l5038 0EFE                                      l1862 0F33  
                                    l5222 034D                                      l5214 033B  
                                    l5206 0306                                      l1951 0711  
                                    l5072 05E6                                      l5064 05C6  
                                    l5056 05AE                                      l5048 058E  
                                    l5080 0E2E                                      l5152 0281  
                                    l5144 024F                                      l5136 022B  
                                    l5128 0200                                      l3480 069A  
                                    l3472 0680                                      l3464 0673  
                                    l3456 0663                                      l3528 0759  
                                    l3448 0F4E                                      l3640 061E  
                                    l5160 0F1E                                      l5224 0356  
                                    l5208 030B                                      l5216 0340  
                                    l5074 05EB                                      l5066 05CA  
                                    l5058 05B2                                      l5082 0E2F  
                                    l5146 025B                                      l5138 022F  
                                    l3490 06AF                                      l3482 069E  
                                    l3474 0685                                      l3466 0675  
                                    l3458 0668                                      l1962 0003  
                                    l1882 0FCF                                      l1890 044E  
                                    l3642 062B                                      l3634 0602  
                                    l5162 0F20                                      l5218 0347  
                                    l5170 0286                                      l1939 0E51  
                                    l3652 0EC1                                      l5092 0E61  
                                    l5076 05F0                                      l5068 05D6  
                                    l5084 0E33                                      l3900 0DDD  
                                    l5148 025F                                      l3492 06B4  
                                    l3484 069F                                      l3476 0687  
                                    l3468 0677                                      l3644 063D  
                                    l3636 0605                                      l5164 0F2D  
                                    l5156 0F16                                      l5180 0291  
                                    l5172 0287                                      l1885 0FF1  
                                    l3654 0ECB                           __end_of_LCDbusy 0E65  
                                    l5086 0E52                                      l5078 05F5  
                                    l3910 0EA3                                      l3902 0DDF  
                                    l3486 06A4                                      l3478 068B  
                                    l1894 044C                                      l3638 0616  
                                    l3646 0645                                      l5158 0F1C  
                                    l5190 02B0                                      l5182 02A1  
                                    l5174 0288                                      ?_pad 002B  
                                    l1959 0F76                                      l1887 0FFF  
                                    l3656 0ED9                                      l4800 077E  
                                    l5088 0E5B                                      l5096 0E67  
                                    l3912 0EA5                                      l3840 07FC  
                                    l3904 0DF0                                      l3920 0E05  
                                    l3488 06AA                                      l3496 0712  
                                    l3648 0659                                      l5192 02B1  
                                    l5184 02A7                                      l5176 028B  
                                    l5168 0283                           __end_of_LCDinit 0602  
                                    l4810 0794                                      l4802 0789  
                                    l5098 0E6C                                      l3842 07FE  
                                    l3850 07B8                                      l3834 0DD2  
                                    l3906 0DF7                                      l3930 0EE2  
                                    l3922 0E07                                      l3914 0DFD  
                                    l3498 0713                                      l5194 02B3  
                                    l5186 02A8                                      l5178 028E  
                                    l4812 07A1                                      l4900 0581  
                                    l3908 0E90                                      l3836 07F6  
                                    l3860 07C3                                      l3852 07BA  
                                    l3844 07AE                                      l3940 0EF4  
                                    l3932 0EE4                                      l3924 0EDB  
                                    l3916 0E00                                      l4740 06B9  
                                    l4820 0426                                      l5196 02B9  
                                    l5188 02AA                                      l3838 07FB  
                                    l3870 07D6                                      l3862 07C5  
                                    l3854 07BC                                      l3846 07B4  
                                    l3934 0EE6                                      l3926 0EDE  
                                    l3918 0E02                                      l4750 06F3  
                                    l4742 06BF                                      l4830 0448  
                                    l4822 0435                                      l4910 0380  
                                    l4902 035B                                      l5198 02BA  
                                    l4808 078B                                      l3880 07E0  
                                    l3872 07D8                                      l3864 07C7  
                                    l3856 07BE                                      l3848 07B6  
                                    l3936 0EEB                                      l3928 0EE0  
                                    l4752 0708                                      l4744 06C5  
                                    l4760 0F65                                      l4840 0475  
                                    l4832 0452                                      l4824 043A  
                                    l4920 03A5                                      l4912 0384  
                                    l4904 036D                                      l3970 0DE3  
                                    l3890 07EB                                      l3882 07E2  
                                    l3874 07DA                                      l3866 07CD  
                                    l3858 07C1                                      l3698 0DB7  
                                    l3938 0EED                                      l4746 06CA  
                                    l4762 0F6A                                      l4770 0FCD  
                                    l4850 04A3                                      l4842 0479  
                                    l4834 0455                                      l4826 043E  
                                    l4818 0423                                      l4930 03C5  
                                    l4922 03B1                                      l4906 0375  
                                    l3980 0DEE                                      l3972 0DE8  
                                    l3892 07EE                                      l3884 07E4  
                                    l3876 07DC                                      l3868 07D4  
                                    l4780 0E40                                      l4748 06D4  
                                    l4756 0F53                                      l4772 0FD2  
                                    l4764 0FBA                                      l4860 04C6  
                                    l4852 04B0                                      l4836 0459  
                                    l4844 0489                                      l4828 0443  
                                    l4932 03CF                                      l4924 03B5  
                                    l4916 0390                                      l4908 037B  
                                    l4790 0767                                      l4870 04F3  
                                    l3974 0DE9                                      l3894 07F0  
                                    l3886 07E6                                      l3878 07DE  
                                    l4782 0E44                                      l4758 0F57  
                                    l4774 0FDE                                      l4766 0FBF  
                                    l4846 0497                                      l4854 04B5  
                                    l4838 0473                                      l4942 03FE  
                                    l4934 03D9                                      l4926 03B7  
                                    l4918 03A0                                      l4960 0F98  
                                    l4952 0F78                                      l4880 0520  
                                    l4872 04FE                                      l4864 04D6  
                                    l3976 0DEB                                      l3896 07F2  
                                    l3888 07E8                                      l4784 0E45  
                                    l4776 0FE3                                      l4768 0FC8  
                                    l4856 04BB                                      l4848 049E  
                                    l4936 03E5                                      l4928 03BD  
                                    l4970 0048                                      l4962 0FA4  
                                    l4954 0F78                                      l4890 054B  
                                    l4882 0526                                      l4874 0502  
                                    l4866 04D9                                      l3978 0DEC  
                                    l3898 0DDA                                      l4778 0FF6  
                                    l4858 04BF                                      l4938 03F2  
                                    l4946 0408                                      l4796 076C  
                                    l4788 0764                                      l4980 0074  
                                    l4972 0053                                      l4964 0FA8  
                                    l4956 0F89                                      l4892 0557  
                                    l4884 0533                                      l4876 050E  
                                    l4868 04E2                                      l4798 0775  
                                    l4990 00A7                                      l4982 0079  
                                    l4974 0057                                      l4966 0037  
                                    l4958 0F94                                      l4894 055D  
                                    l4886 0539                                      l4878 0514  
                                    l4992 00AB                                      l4984 008C  
                                    l4976 0063                                      l4968 0037  
                                    l4896 056A                                      l4888 0545  
                                    l4994 00C2                                      l4986 0097  
                                    l4978 0068                                      l4898 0570  
                         __end_of_LCDrecv 017A                                      l4996 00CD  
                                    l4988 009B                                      l4998 00D1  
                         __end_of_LCDsend 0FBA                                      STR_1 1020  
                                    STR_2 1037                                      u2000 0722  
                                    u2001 0721                                      u2010 072D  
                                    u2011 072C                                      u2030 073B  
                                    u2031 073A                                      u2040 0745  
                                    u2041 0744                                      u2025 0731  
                                    u2060 0754                                      u2061 0753  
                                    u2045 0741                                      _LATA 0016  
                                    u2070 0759                                      _LATB 0017  
                                    u2071 0758                                      u2055 074A  
                                    _LATC 0018                                      u2320 0616  
                                    u4000 03B5                                      _LATD 0019  
                                    u2321 0615                                      u4001 03B4  
                                    _LATE 001A                                      u2330 0659  
                                    u4010 03CF                                      u2331 0658  
                                    u4011 03CE                                      u2340 0ECB  
                                    u4100 0048                                      u4020 03D9  
                                    u2341 0ECA                                      u4101 0047  
                                    u4021 03D8                                      u2350 0ED4  
                                    u4110 0053                                      u4030 0F84  
                                    u2351 0ED3                                      u4111 0052  
                                    u4031 0F83                                      u2360 0ED9  
                                    u4200 00C2                                      u4120 0063  
                                    u4040 0F89                                      u2361 0ED8  
                                    u4201 00C1                                      u4121 0062  
                                    u4041 0F88                                      u4210 00CD  
                                    u4130 0074                                      u4050 0F94  
                                    _T2PR 028D                                      u4211 00CC  
                                    u4131 0073                                      u4051 0F93  
                                    u4300 013C                                      u4220 00DD  
                                    u4140 0085                                      u4060 0FA4  
                                    u1900 066E                                      u4301 013B  
                                    u4221 00DC                                      u4141 0084  
                                    u4061 0FA3                                      u1901 066D  
                                    u4310 0147                                      u4230 00EE  
                                    u4150 008C                                      u4070 0FB4  
                                    u1910 067D                                      u4311 0146  
                                    u4231 00ED                                      u4151 008B  
                                    u4071 0FB3                                      u1911 067C  
                                    u4320 0157                                      u4240 00FF  
                                    u4160 0097                                      u4080 0FB9  
                                    u4400 0186                                      u3600 06F3  
                                    u4321 0156                                      u4241 00FE  
                                    u4161 0096                                      u4081 0FB8  
                                    u4401 0185                                      u3601 06F2  
                                    u4330 0168                                      u4250 0106  
                                    u4170 00A7                                      u4090 0043  
                                    u4410 018B                                      u1930 068B  
                                    u3610 0F76                                      u1850 0F3A  
                                    u4331 0167                                      u4251 0105  
                                    u4171 00A6                                      u4091 0042  
                                    u4411 018A                                      u1931 068A  
                                    u3611 0F75                                      u1851 0F39  
                                    u3700 0784                                      u4340 016D  
                                    u4260 0111                                      u4180 00B7  
                                    u4500 01F7                                      u4420 0196  
                                    u3620 0FBF                                      u3701 0783  
                                    u4341 016C                                      u4261 0110  
                                    u4181 00B6                                      u4501 01F6  
                                    u4421 0195                                      u1925 0681  
                                    u3605 06EF                                      u3621 0FBE  
                                    u3710 0789                                      u4270 0121  
                                    u4190 00BD                                      u4510 01FC  
                                    u4430 01A6                                      u1950 069A  
                                    u3630 0FCD                                      u3711 0788  
                                    u4271 0120                                      u4191 00BC  
                                    u4511 01FB                                      u4431 01A5  
                                    u1951 0699                                      u3631 0FCC  
                                    u3720 0794                                      u4280 0131  
                                    u4600 025B                                      u4520 0200  
                                    u4440 01B6                                      u3640 0FF1  
                                    u3800 0497                                      u1880 0F4E  
                                    u4360 0F13                                      u3721 0793  
                                    u4281 0130                                      u4601 025A  
                                    u4521 01FF                                      u4441 01B5  
                                    u1945 068C                                      u3641 0FF0  
                                    u3801 0496                                      u1881 0F4D  
                                    u1865 0F3F                                      u4361 0F12  
                                    u2930 0E29                                      u3730 079D  
                                    u4290 0137                                      u4370 0E3F  
                                    u4610 026B                                      u4530 020B  
                                    u4450 01BB                                      u1970 06AA  
                                    u1890 0663                                      u3570 06BF  
                                    u3650 0FF6                                      u3810 049E  
                                    u2931 0E28                                      u3731 079C  
                                    u4355 0170                                      u4291 0136  
                                    u4371 0E3E                                      u4611 026A  
                                    u4531 020A                                      u4451 01BA  
                                    u1971 06A9                                      u1955 0696  
                                    u1891 0662                                      u3571 06BE  
                                    u3651 0FF5                                      u3811 049D  
                                    u1875 0F44                                      u3740 07A1  
                                    u4380 0E5B                                      u3900 050E  
                                    u4620 0271                                      u4540 0210  
                                    u4460 01C6                                      u1980 06AF  
                                    u3660 0E44                                      u3580 06C5  
                                    u3820 04A3                                      u4700 0347  
                                    _PMD0 0796                                      u3741 07A0  
                                    u4381 0E5A                                      u3901 050D  
                                    u4621 0270                                      u4541 020F  
                                    u4461 01C5                                      u1981 06AE  
                                    u1965 06A0                                      u3661 0E43  
                                    u3581 06C4                                      u3645 0FED  
                                    u3821 04A2                                      u3805 0493  
                                    u4701 0346                                      _PMD1 0797  
                                    u3750 07AC                                      u3670 076B  
                                    u3910 0520                                      u4390 0E6C  
                                    u4630 027C                                      u4550 021B  
                                    u4470 01D6                                      u1990 0717  
                                    u3590 06D4                                      u3830 04B0  
                                    _PMD2 0798                                      u3751 07AB  
                                    u3671 076A                                      u3911 051F  
                                    u4391 0E6B                                      u4631 027B  
                                    u4551 021A                                      u4471 01D5  
                                    u1991 0716                                      u3591 06D3  
                                    u3831 04AF                                      _PMD3 0799  
                                    u3680 0775                                      u3920 0532  
                                    u4640 0281                                      u4560 022B  
                                    u4480 01E6                                      u3840 04B5  
                                    u3760 042B                                      _PMD4 079A  
                                    u3681 0774                                      u3921 0531  
                                    u4641 0280                                      u4561 022A  
                                    u4481 01E5                                      u3841 04B4  
                                    u3761 0429                                      _PMD5 079B  
                                    u3690 077E                                      u3930 0545  
                                    u4570 023B                                      u4490 01EC  
                                    u3850 04BB                                      u3770 042C  
                                    u4650 02A7                                      u3691 077D  
                                    u3931 0544                                      u4571 023A  
                                    u4491 01EB                                      u3851 04BA  
                                    u3835 04AC                                      u4651 02A6  
                                    u3940 0557                                      u4580 0240  
                                    u3780 043A                                      u4660 02B0  
                                    u3941 0556                                      u4717 0589  
                                    u4581 023F                                      u3781 0439  
                                    u4661 02AF                                      u3950 0569  
                                    u3870 04EE                                      u4590 024B  
                                    u3790 0443                                      u4670 02B9  
                                    u3951 0568                                      u3871 04ED  
                                    u4807 05FD                                      u4727 0597  
                                    u4591 024A                                      u3791 0442  
                                    u4671 02B8                                      u3960 057C  
                                    u3880 04F3                                      u4680 0306  
                                    u4817 0582                                      u3961 057B  
                                    u3881 04F2                                      u3865 04DC  
                                    u4737 05A1                                      u4681 0305  
                                    u3970 0581                                      u3890 04FE  
                                    u4690 033B                                      u3971 0580  
                                    u3891 04FD                                      u4747 05AF  
                                    u4691 033A                                      u3980 036D  
                                    u4757 05B7                                      u3981 036C  
                                    u3990 03A5                                      u4767 05C3  
                                    u3991 03A4                                      u4777 05CB  
                                    u4787 05D7                                      u4797 05E1  
                                    _TMR2 028C                                      _WPUA 0F39  
                                    _WPUB 0F44                                      _WPUC 0F4F  
                                    _WPUD 0F5A                                      _WPUE 0F65  
                                    abs@a 0078                                      _dbuf 0120  
                                    _main 0283                                      _dtoa 0423  
                                    _prec 00BF                                      pad@i 0030  
                                    pad@p 002E                                      fsr0h 0005  
                                    fsr1h 0007                                      indf0 0000  
                                    fsr0l 0004                                      indf1 0001  
                                    fsr1l 0006                                      btemp 007E  
                                    start 001C                ??_TMR1_SetInterruptHandler 0074  
                         __end_of_ReadI2C 0EDB                           __end_of_OpenI2C 0DF0  
                                   ??_abs 0020                                     ??_pad 0078  
           __end_of_OSCILLATOR_Initialize 0DE3                                     _ADACQ 009D  
                                   _ADCAP 009B                                     _ADACT 0099  
                                   ?_main 0070                                     ?_dtoa 0032  
                                   _ADCLK 0098                                     _ADCNT 010C  
                                   _ADPCH 009E                                     _ADREF 009A  
                         __end_of___awdiv 06B9                                     _ADPRE 009C  
                         __end_of___awmod 0763                                     _ADRPT 010D  
                         _TMR1_StartTimer 0DAE                                     _T1CLK 0211  
                         ___awdiv@divisor 0072                                     _T1CON 020E  
                                   _T2CON 028E                                     _T2HLT 028F  
                                   _T2TMR 028C                                     _T2RST 0291  
                                   i1l904 0DAA                                     i1l840 001A  
                                   i1l885 0E1B                                     i1l898 0E8F  
                         ___awdiv@counter 0076                __end_of_i2c1_fsmStateTable 1020  
                                   _OSCEN 0891                              vfpfcnvrt@fmt 0041  
                                   _TMR1H 020D                                     _TMR1L 020C  
                                   _TRISA 0011                                     _TRISB 0012  
                                   _TRISC 0013                                     _TRISD 0014  
                                   _TRISE 0015                           _PWM6_Initialize 0DF0  
                       ??_I2C1_Initialize 0072                          __end_of_TMR1_ISR 0E90  
                                   _flags 006B                       read_prec_or_width@c 0023  
                     read_prec_or_width@n 0024                                     _fputc 06B9  
                                   _fputs 0F53                                     btemp0 007E  
                                   pad@fp 002B                                     btemp1 007F  
                                   _width 00BD                                     _putch 0003  
                                   dtoa@d 0034                                     dtoa@i 003D  
                                   dtoa@p 0039                                     dtoa@s 003C  
                                   dtoa@w 003A                   __end_of_TMR1_Initialize 0EF8  
                                   pclath 000A                                     status 0003  
                                   wtemp0 007E                           __end_of_sprintf 0F34  
                         _TMR1_WriteTimer 0E0B                           __initialization 001E  
                            __end_of_main 035B                              __end_of_dtoa 04D5  
                 __end_of_TMR2_Initialize 0E0B               ?_INTERRUPT_InterruptManager 0070  
                                  ??_main 00C3                                    ??_dtoa 0036  
                               ??_LCDchar 0079                                 ??_LCDbusy 0079  
                               ??_LCDinit 0079                __end_of_read_prec_or_width 065E  
                               ??_LCDrecv 0074                                 ??_LCDsend 0074  
                                  _ADACCH 0091                                    _ADACCL 0090  
                                  _ADCON0 0093                                    _ADCON1 0094  
                                  _ADCON2 0095                                    _ADCON3 0096  
                                  _ADERRH 0117                                    _ADERRL 0116  
                                  ?_fputc 0072                                    _ADLTHH 010F  
                                  _ADLTHL 010E                                    ?_fputs 0025  
                                  _ADRESH 008D                                    _ADRESL 008C  
                                  _ADSTAT 0097                                    _ADUTHH 0111  
                        ___awdiv@dividend 0074                                    _ADUTHL 0110  
                        __end_of_WriteI2C 07AE                                    _ANSELA 0F38  
                                  ?_putch 0070                                    _ANSELB 0F43  
                                  _ANSELC 0F4E                                    _ANSELD 0F59  
                                  _ANSELE 0F64                                    _T1GATE 0210  
                                  _T1GCON 020F                                    _RA6PPS 0F16  
                                  _RC3PPS 0F23                   TMR1_WriteTimer@timerVal 0070  
                                  _RC4PPS 0F24                                    i1l1281 0DB6  
                                  _ODCONA 0F3A                                    _ODCONB 0F45  
                                  _ODCONC 0F50                                    _ODCOND 0F5B  
                                  _ODCONE 0F66                                    i1l4050 0E7A  
                                  i1l4052 0E7C                                    i1l4054 0E83  
                                  i1l4056 0E8A                                    i1l3950 0E15  
                                  i1l3942 0E0B                                    i1l3944 0E10  
                                  i1l3952 0E17                                    i1l4672 000A  
                                  i1l3954 0E19                                    i1l3946 0E11  
                                  i1l4674 000E                                    i1l3948 0E13  
                                  i1l3956 0DB1                                    i1l4676 0013  
                                  i1l3958 0DB4                                    i1l4678 0017  
                                  _INLVLA 0F3C                                    _INLVLB 0F47  
                                  _INLVLC 0F52                                    _INLVLD 0F5D  
                                  _INLVLE 0F68                                    _LCDcmd 0DC3  
                                  u350_20 0017                                    u350_21 0016  
                                  _LCDpos 0E65                                    u292_20 0E8A  
                                  u348_20 000E                                    u292_21 0E89  
                                  u348_21 000D                                    _LCDstr 0E2E  
                                  u349_20 0013                                    u349_21 0012  
                                  u287_20 0E10                                    u287_21 0E0F  
                                  _OSCFRQ 0893                             vfpfcnvrt@done 004B  
                               ??_ReadI2C 0072                               LCDsend2x4@c 0076  
                             LCDrecv@mode 0078                                 ??_OpenI2C 0072  
                        _I2C1_DO_TX_EMPTY 0000      __end_of_TMR1_DefaultInterruptHandler 0DAB  
            _TMR1_DefaultInterruptHandler 0DAA                              _CCPTMRS1bits 021F  
                            vfprintf@cfmt 0054                   __end_of_TMR1_StartTimer 0DB1  
                                  ___wmul 0F34                                 ??___awdiv 0076  
                               ??___awmod 0076                          __end_of_readTC74 0283  
                    read_prec_or_width@ap 0079                   __end_of_PWM6_Initialize 0DFD  
                        ___awdiv@quotient 0078                           ___awmod@divisor 0072  
                         ___awmod@counter 0076                                    pad@buf 002D  
                                  dtoa@fp 0032                           _ADCC_Initialize 0E90  
                   _I2C1_DO_SEND_ADR_READ 0000                                    fputc@c 0072  
                          _PMD_Initialize 0DD2                                    fputs@c 0028  
                                  fputs@i 0029                                    fputs@s 0025  
                                  ltemp0a 0080                          __end_of_timer_1s 0DB7  
                                  putch@c 0070                                    ttemp0a 007F  
                        __end_of_vfprintf 0F16                 ?_ADCC_GetSingleConversion 0072  
TMR1_SetInterruptHandler@InterruptHandler 0072                                 ??_sprintf 007A  
                                  wtemp0a 007F                   __end_of_TMR1_WriteTimer 0E1C  
                 _I2C1_DO_RX_NACK_RESTART 0000                          ?_TMR1_Initialize 0070  
                       _SYSTEM_Initialize 0EA8                   __end_of__initialization 0032  
                      ?_SYSTEM_Initialize 0070                   _rdBlkRegCompleteHandler 0000  
                          __pcstackCOMMON 0070                       ??_SYSTEM_Initialize 0074  
                               ?_TMR1_ISR 0070             ?_TMR1_DefaultInterruptHandler 0070  
                           __end_of_fputc 0712                             __end_of_fputs 0F77  
                           __end_of_putch 0004                          ?_TMR2_Initialize 0070  
                  __end_of_PMD_Initialize 0DDA                                 LCDrecv@hc 0076  
                               LCDrecv@lc 0077                              ??_LCDsend2x4 0075  
                                 ??_fputc 0020                 __end_of_SYSTEM_Initialize 0EC1  
                                 ??_fputs 0076                                   ??_putch 0072  
                              __pbssBANK0 006B                                __pbssBANK1 00A0  
                              __pbssBANK2 0120                                   ?_LCDcmd 0070  
                                 ?_LCDpos 0020                                   ?_LCDstr 0020  
                                 LCDcmd@c 0079                                   LCDpos@c 0020  
                                 LCDpos@l 0021                                   LCDpos@p 0022  
                   _rd1RegCompleteHandler 0000                                   LCDstr@c 0021  
                                 LCDstr@p 0020                         _I2C1_DO_SEND_STOP 0000  
                   _wr1RegCompleteHandler 0000                                __pmaintext 0283  
                                 ?___wmul 0072                          ?_TMR1_StartTimer 0070  
                              ??_TMR1_ISR 0072                   __end_of_ADCC_Initialize 0EA8  
                              __pintentry 0004                           _I2C1_Initialize 07F6  
                                 _ADFLTRH 0115                                   _ADFLTRL 0114  
                      __end_of_LCDsend2x4 0586                                   _ADPREVH 008F  
                                 _ADPREVL 008E                                 ?_WriteI2C 0070  
                        ?_PWM6_Initialize 0070                                   _ADSTPTH 0113  
                                 _ADSTPTL 0112                           ?_PMD_Initialize 0070  
                                 _LCDchar 0DCA                                   _LCDbusy 0E52  
                                 _LCDinit 0586                                   _LCDrecv 0036  
                                 _LCDsend 0F77                                   _OSCCON1 088D  
                                 _OSCCON3 088F                                   _OSCTUNE 0892  
                                 _PWM6DCH 038D                                   _PWM6DCL 038C  
                                 _PWM6CON 038E                                   _SSP1ADD 018D  
                                 _SLRCONA 0F3B                                   _SLRCONB 0F46  
                                 _SLRCONC 0F51                                   _SLRCOND 0F5C  
                                 _SLRCONE 0F67                                   _SSP1BUF 018C  
                        ?_TMR1_WriteTimer 0070                              LCDsend2x4@hc 0077  
                            LCDsend2x4@lc 0078                                 ?_readTC74 0070  
                      _i2c1_fsmStateTable 1000                                   _ReadI2C 0EC1  
                                 _OpenI2C 0DE3                                 ?_timer_1s 0070  
                                 ___awdiv 065E                                   ___awmod 0712  
                               ?_vfprintf 004E                                ??_WriteI2C 0072  
                                 __ptext1 0F16                                   __ptext2 0EF8  
                                 __ptext3 035B                                   __ptext4 0602  
                                 __ptext5 0F34                                   __ptext6 0423  
                                 __ptext7 0FBA                                   __ptext8 0F53  
                                 __ptext9 06B9            ??_TMR1_DefaultInterruptHandler 0070  
                               _T1CONbits 020E                     _OSCILLATOR_Initialize 0DDA  
                               _T2CONbits 028E                     read_prec_or_width@fmt 0078  
                        ___awmod@dividend 0074                  ??_PIN_MANAGER_Initialize 0072  
               ?_TMR1_SetInterruptHandler 0072                                 _T2HLTbits 028F  
                                 main@buf 00C9                                   _sprintf 0F16  
                                 main@min 00E0                                   main@sec 00DF  
                                 clrloop0 0DBE                      end_of_initialization 0032  
                               _T2RSTbits 0291                                ??_readTC74 0074  
                                 fputc@fp 0074                                   fputs@fp 0026  
                  _I2C1_DO_SEND_ADR_WRITE 0000                        _read_prec_or_width 0602  
                 __end_of_I2C1_Initialize 0800                               _I2C1_Status 00A0  
                       __end_of_vfpfcnvrt 0423                                ??_timer_1s 0070  
                     ?_read_prec_or_width 0078                          vfpfcnvrt@convarg 0047  
                        ?_ADCC_Initialize 0070                                ??_vfprintf 0053  
        __end_of_ADCC_GetSingleConversion 0E2E                _I2C1_DO_SEND_RESTART_WRITE 0000  
                               _TRISCbits 0013                      ??_read_prec_or_width 0020  
                           readTC74@value 0075                            __end_of_LCDcmd 0DCA  
                          __end_of_LCDpos 0E7A                            __end_of_LCDstr 0E40  
                          LCDsend2x4@mode 0074                               vfpfcnvrt@ap 0042  
                             vfpfcnvrt@cp 004C                               vfpfcnvrt@fp 003F  
                          __end_of___wmul 0F53                            _I2C1_DO_RX_ACK 0000  
                  ?_OSCILLATOR_Initialize 0070                       start_initialization 001E  
                             __end_of_abs 0E52                               __end_of_pad 1000  
                        WriteI2C@data_out 0073                                  ??_LCDcmd 0079  
                                ??_LCDpos 007A                                  ??_LCDstr 007A  
                        ?_I2C1_Initialize 0070                               vfprintf@fmt 0050  
                        ??_PMD_Initialize 0072                                  ??___wmul 0076  
                _ADCC_GetSingleConversion 0E1C                                  ?_LCDchar 0070  
                             __pbssCOMMON 007A                                  ?_LCDbusy 0020  
                                ?_LCDinit 0070                      _I2C1_DO_SEND_RESTART 0000  
                                ?_LCDrecv 0070                                  ?_LCDsend 0070  
                               ___latbits 0002                             __pcstackBANK0 0020  
                           __pcstackBANK1 00C3                                  LCDchar@c 0079  
                                LCDsend@c 0075                                  ?_ReadI2C 0070  
                               __pnvBANK1 00E1                     _rd2RegCompleteHandler 0000  
__end_of_ADCC_DisableContinuousConversion 0DAE        ??_ADCC_DisableContinuousConversion 0072  
       ?_ADCC_DisableContinuousConversion 0070          _ADCC_DisableContinuousConversion 0DAB  
                                ?_OpenI2C 0070                    _PIN_MANAGER_Initialize 07AE  
                   _wr2RegCompleteHandler 0000                                 _dtoa$2905 0037  
        __end_of_TMR1_SetInterruptHandler 0DBD           ADCC_GetSingleConversion@channel 0074  
                                ?___awdiv 0072                                  ?___awmod 0072  
            ??_INTERRUPT_InterruptManager 0072                         main@potentiometer 00DA  
                                ?_sprintf 0056                                  _T2CLKCON 0290  
                          ___wmul@product 0076                                _I2C1_DO_RX 0000  
                              _I2C1_DO_TX 0000                                 clear_ram0 0DBD  
                                _PIE3bits 0719                                  _PIE4bits 071A  
                                _PIR3bits 070F                                  _PIR4bits 0710  
               _I2C1_DO_SEND_RESTART_READ 0000                                  _SSP1CON1 0190  
                                _SSP1CON2 0191                                  _TMR1_ISR 0E7A  
                                _SSP1STAT 018F                                 _vfpfcnvrt 035B  
                       ??_TMR1_Initialize 0074                                _ADCON0bits 0093  
                              _ADCON1bits 0094                                _ADCON2bits 0095  
                              _ADCON3bits 0096                         ___wmul@multiplier 0072  
                               main@lumin 00DC                             _I2C1_DO_RESET 0000  
                       ??_TMR2_Initialize 0072                                _ADSTATbits 0097  
                              vfprintf@ap 0052                                vfprintf@fp 004E  
                 ??_OSCILLATOR_Initialize 0072                                ?_vfpfcnvrt 003F  
                                _WriteI2C 0763                                  ___int_sp 0000  
                _TMR1_SetInterruptHandler 0DB7                             _timer_1s_flag 00C2  
                   _TMR1_InterruptHandler 00E1                                sprintf@fmt 0057  
                           _timer_5s_flag 00C1                                  __ptext10 0003  
                                __ptext11 0E40                                  __ptext20 0DF0  
                                __ptext12 0712                                  __ptext21 0DD2  
                                __ptext13 065E                                _T1GCONbits 020F  
                                __ptext30 0DC3                                  __ptext22 07AE  
                                __ptext14 017A                                  __ptext31 0586  
                                __ptext23 0DDA                                  __ptext15 0DAE  
                                __ptext32 04D5                                  __ptext24 07F6  
                                __ptext16 0EA8                                  __ptext41 0E7A  
                                __ptext33 0F77                                  __ptext25 0E90  
                                __ptext17 0DFD                                  __ptext42 0DAA  
                                __ptext34 0E52                                  __ptext26 0DE3  
                                __ptext18 0EDB                                  __ptext43 0DB1  
                                __ptext35 0036                                  __ptext27 0E2E  
                                __ptext19 0DB7                                  __ptext44 0E0B  
                                __ptext36 0763                                  __ptext28 0DCA  
                                __ptext37 0EC1                                  __ptext29 0E65  
                                __ptext38 0E1C                                  __ptext39 0DAB  
                            _SSP1CON1bits 0190                              _SSP1CON2bits 0191  
                       ??_TMR1_StartTimer 0072                                  _readTC74 017A  
                _I2C1_CallbackReturnReset 0000                         ??_PWM6_Initialize 0072  
                                _timer_1s 0DB1                ??_ADCC_GetSingleConversion 0074  
                                int$flags 007E                                  _vfprintf 0EF8  
      __end_of_INTERRUPT_InterruptManager 001C                _INTERRUPT_InterruptManager 0004  
                            _SSP1STATbits 018F                         ??_TMR1_WriteTimer 0072  
                                main@hour 00DE                                  main@temp 00DD  
                            _I2C1_DO_IDLE 0000                              _I2C1_DO_RCEN 0000  
                              _INTCONbits 000B                                _LCDsend2x4 04D5  
                                intlevel1 0000                                 sprintf@ap 005F  
                 ?_PIN_MANAGER_Initialize 0070                   _I2C1_CallbackReturnStop 0000  
                    _I2C1_DO_ADDRESS_NACK 0000                               ??_vfpfcnvrt 0043  
                           __pstringtext1 1000                             __pstringtext2 1020  
                           __pstringtext3 1037                             __pstringtext4 0000  
                                sprintf@f 0060                                  sprintf@s 0056  
                              _SSP1DATPPS 0EC6                                _SSP1CLKPPS 0EC5  
          __end_of_PIN_MANAGER_Initialize 07F6                         ??_ADCC_Initialize 0072  
                         _TMR1_Initialize 0EDB  
